id,province,urban,hh_size,true_income,reported_income,utility_kwh,mobile_money,poor_true,split
1,Khyber Pakhtunkhwa,0,8,13185.372592060603,13321.181580706518,80.49758565640236,0,1,test
2,Khyber Pakhtunkhwa,1,5,17672.96573136705,12138.902421973955,39.65849080078583,1,1,train
3,Punjab,1,4,13674.880370747309,11646.119624780777,47.71424889593876,1,1,train
4,Khyber Pakhtunkhwa,0,9,13213.730705635642,11347.484798615149,66.69514327348864,1,1,test
5,Sindh,1,4,100639.19536264913,88808.38520001122,138.6894261039019,0,0,train
6,Punjab,1,5,213187.57894564673,165928.53511389502,215.9120774178884,1,0,train
7,Sindh,0,4,148310.31997803875,116443.6669134714,165.28011923783097,1,0,test
8,Punjab,1,3,41161.10194132419,33200.91273210461,104.01133863159598,1,0,train
9,Sindh,0,6,62724.56106799454,53581.97735925598,177.14551013189458,0,0,train
10,Sindh,0,5,37865.05234481365,27829.632876692227,62.25170476076363,0,1,train
11,Punjab,0,2,37318.431870939086,32670.79704738898,66.6590761283334,0,1,train
12,Sindh,1,6,37542.62402190175,29580.01238468809,79.30819424708534,1,1,train
13,Khyber Pakhtunkhwa,1,7,42367.46096699418,30651.86772267545,65.03397793466976,0,0,train
14,Punjab,0,6,44705.02512176243,37864.25658944044,36.155952907770846,0,0,test
15,Punjab,1,2,22185.857582490957,24978.25576869527,46.54231029316167,0,1,train
16,Balochistan,1,9,41853.08784914788,36832.489730906294,114.32618794891266,0,0,train
17,Balochistan,0,7,81264.19208195455,68250.7654078996,135.93219651053386,0,0,train
18,Punjab,0,7,52976.10276547169,47166.95786962645,99.15769744476104,0,0,train
19,Punjab,0,4,31644.1954099967,36843.09394455639,41.975342285781664,0,1,test
20,Sindh,0,4,28032.748791563343,21153.826484924284,54.74620495455391,0,1,train
21,Khyber Pakhtunkhwa,0,9,30846.15129161523,30584.240557359215,108.17069010457588,0,1,train
22,Punjab,1,5,19463.998270763233,11774.523532886144,34.09685651732818,1,1,train
23,Balochistan,1,2,9846.082609612971,8012.91098480649,10.216743187901102,0,1,train
24,Balochistan,1,6,64712.080773300884,59770.30154963089,85.34420374273783,0,0,train
25,Punjab,1,4,17355.253303269,15730.570322472691,105.02877870766966,1,1,train
26,Punjab,1,6,36487.99234480428,29840.61466790039,141.39688625414243,1,1,train
27,Punjab,0,5,83345.76989576498,68348.60941332685,112.03977303989438,0,0,train
28,Khyber Pakhtunkhwa,0,10,38985.507836882905,35823.22375512599,119.10953277297787,0,1,train
29,Punjab,0,5,93410.09792969104,72946.13278099227,145.10451109160613,1,0,train
30,Khyber Pakhtunkhwa,0,5,10156.633815628891,10865.711712601777,58.765188244939836,0,1,train
31,Sindh,0,2,17963.4332422103,14140.749761716104,10,0,1,test
32,Khyber Pakhtunkhwa,0,5,29644.166925604783,28322.309798942108,58.801001403441575,1,1,train
33,Punjab,0,5,25931.31781619866,27459.661942419425,32.737553324923674,1,1,train
34,Sindh,1,9,52282.57182751223,38617.01578452113,93.89474434742928,0,0,train
35,Punjab,0,2,61437.97843618393,53038.83011422583,123.67327223365604,0,0,test
36,Khyber Pakhtunkhwa,1,3,83655.990480892,76290.82855878124,104.05830546777284,0,0,test
37,Punjab,0,6,63169.44439774991,41481.20273565167,98.45177363962162,0,0,train
38,Punjab,1,3,18290.60789980432,15726.595620378615,10,1,1,train
39,Khyber Pakhtunkhwa,0,4,25406.404677250506,21899.608348673402,50.517997047752246,1,1,train
40,Sindh,1,7,44295.60081213363,32413.261926313968,70.98721241983733,1,0,train
41,Punjab,1,6,24703.22535120074,19922.03051442237,42.73454202495659,1,1,train
42,Punjab,0,3,26417.124819718607,26766.106319241022,49.58207765871376,1,1,train
43,Punjab,0,7,21193.751950454145,13523.25034284164,83.21988879460318,0,1,train
44,Balochistan,0,7,35073.92887500342,28269.619676230923,149.11300036031886,0,1,train
45,Punjab,0,5,70330.36615018231,62815.40716503206,119.46321095565668,0,0,test
46,Balochistan,1,2,12975.308707027347,9935.492718536188,22.868742659484095,1,1,train
47,Khyber Pakhtunkhwa,0,7,34324.93123093674,31566.44205045909,115.03161662013216,0,1,train
48,Sindh,1,3,16200.807328939543,11048.948644958411,96.86035288647106,1,1,train
49,Balochistan,1,5,27181.603117540693,26925.679424583937,85.2899147490382,1,1,train
50,Sindh,0,8,24374.691862943084,19077.15081974244,133.8057751225681,1,1,test
51,Punjab,1,5,22084.07274877644,20112.454516816397,33.64176844544409,1,1,train
52,Punjab,0,4,25007.559688828707,19105.882478068444,54.052495025855194,0,1,train
53,Punjab,0,6,82052.67159677367,59042.18343251624,106.74421171804053,0,0,test
54,Khyber Pakhtunkhwa,1,4,53229.723891050024,34826.22409696467,75.81633925944094,0,0,train
55,Punjab,0,5,34303.70230051061,23205.64028585384,65.32221621367859,1,1,train
56,Sindh,1,2,23543.905376514875,14356.430798722868,90.26132206148215,1,1,test
57,Sindh,1,4,33466.52273024149,25017.965952562212,94.11462476135297,0,1,test
58,Punjab,1,3,32855.04229761862,28133.969829207887,36.93194919814224,0,1,train
59,Punjab,0,3,66527.28270050422,57349.7800785651,39.75725725793104,0,0,train
60,Punjab,0,5,38374.265886779824,30767.830874987103,62.16734962826664,1,1,train
61,Sindh,1,7,34358.22538156455,27642.54594363398,127.04760790784843,1,1,test
62,Balochistan,1,3,24529.400939059524,20636.604545512822,39.83301645453811,0,1,train
63,Sindh,0,10,9644.847623533838,13441.719886935865,112.04028277477127,0,1,test
64,Sindh,1,5,23040.037251916474,23816.35943639636,83.97328683340407,0,1,train
65,Khyber Pakhtunkhwa,0,7,20122.12858763909,16827.68381943111,110.89711331732536,0,1,train
66,Punjab,1,3,17351.054194233016,17531.76734730978,63.345634459086625,0,1,test
67,Punjab,0,7,70082.1269267705,54022.77335659134,66.72895673857514,0,0,train
68,Khyber Pakhtunkhwa,0,4,64561.167115719436,45975.11163044543,127.65940010421309,0,0,train
69,Sindh,1,4,22730.491239953586,22594.100915083058,71.13533913893228,0,1,test
70,Punjab,1,10,50746.939977171154,40489.170936529525,149.28753786306572,0,0,train
71,Punjab,0,5,43454.820385316096,35955.23330681846,96.20940871155462,0,0,test
72,Punjab,1,2,39930.26661075597,32667.199473398457,25.88512256742545,1,1,train
73,Punjab,0,5,90097.10768861954,76337.8650127853,144.96152674878465,0,0,test
74,Punjab,0,6,11254.254843886209,10344.60075899558,98.40783024573216,0,1,test
75,Punjab,1,6,31160.889374568345,35215.06299238052,120.02464188798348,0,1,train
76,Sindh,0,3,68637.01029179369,61950.469471155215,75.05554717722863,0,0,train
77,Punjab,0,4,19650.503697046228,15828.523662779495,98.57493801857862,1,1,train
78,Punjab,0,3,14293.90393080362,10536.813631114754,34.570989035320565,0,1,train
79,Punjab,1,3,25558.071526835978,21829.295577616896,47.59874406715337,1,1,test
80,Punjab,1,6,53647.99080216866,37799.03489515729,126.17817184259896,0,0,test
81,Sindh,0,5,29194.97501255052,31725.258951642812,24.629681621636593,0,1,train
82,Punjab,0,9,12737.14751345844,10338.706385102914,100.17631397800882,0,1,test
83,Punjab,1,12,58091.31598414904,41964.21522486511,182.0074638382089,1,0,train
84,Sindh,0,7,33265.60307072478,32956.433775001366,88.8441033417932,0,1,train
85,Sindh,0,4,52717.46045906879,37942.56566846144,82.46235889436805,0,0,train
86,Sindh,1,7,19901.274054605638,20237.34192308176,54.9120690441562,0,1,train
87,Punjab,0,7,44290.14172303212,34754.393170958916,124.56693210710723,0,0,test
88,Punjab,0,7,13678.490952943337,10778.990994087568,153.33893681736845,0,1,train
89,Punjab,1,2,40478.45489759339,34203.697449551386,113.12105124521884,1,0,train
90,Punjab,0,4,37086.7423641473,35810.573288148444,141.36989578016403,1,1,test
91,Sindh,1,13,11591.43187694711,10021.61409296723,90.6438195176928,0,1,train
92,Punjab,1,6,53766.093804606215,45899.47195984545,115.61621662456574,1,0,test
93,Punjab,0,2,9944.153249960189,10961.691209835284,54.882224469919386,0,1,train
94,Khyber Pakhtunkhwa,1,6,14700.399927918626,10043.89166892046,73.65932211844256,1,1,test
95,Khyber Pakhtunkhwa,1,5,65716.09366352076,45012.15147304604,95.58299444006785,1,0,test
96,Sindh,0,5,28369.006962522853,18889.403256752455,73.7726100475808,0,1,test
97,Punjab,1,5,49432.741616918516,44201.4932343148,79.43301400699458,0,0,train
98,Punjab,1,1,33649.1262256699,29838.135834981385,10,0,1,train
99,Sindh,0,4,7343.466589868503,3323.9191720519866,30.84676850777724,0,1,train
100,Sindh,0,8,10860.413531796143,11600.036217338511,150.8781826861927,0,1,train
101,Sindh,0,2,14503.228140034158,16087.156919807749,57.367634380346104,0,1,test
102,Punjab,0,6,19562.813037340948,20103.369750975813,69.33668633238054,0,1,test
103,Punjab,1,3,46824.172965531434,40316.14971348391,84.39091731383617,0,0,train
104,Punjab,1,4,16541.719508154663,11719.919608481208,56.50256194588497,1,1,train
105,Balochistan,0,7,20815.170257398648,17932.211883241016,79.6254296680162,0,1,train
106,Balochistan,1,6,39548.10348394585,29841.9145090886,68.66329490004779,1,1,test
107,Sindh,1,5,20397.39053987665,19398.425720892163,67.21134362023184,1,1,train
108,Sindh,0,3,99358.65061833,75563.19576363011,130.70182588337482,1,0,test
109,Punjab,0,5,26194.505728124957,22566.064577997928,47.395667706485455,0,1,train
110,Punjab,0,4,90624.85944117412,83623.01568087007,82.94120866832122,0,0,train
111,Sindh,0,6,24213.166474236506,18555.468210876796,76.12409665747695,0,1,train
112,Khyber Pakhtunkhwa,0,1,12271.934009731393,14376.58564198929,10,0,1,train
113,Sindh,0,5,108465.92829900725,83597.75369595869,93.53450894115146,0,0,test
114,Punjab,1,8,76973.82066020365,54410.219844064326,103.84174616894637,0,0,train
115,Punjab,0,5,59360.04403729514,51250.78789454306,115.19922910391814,0,0,train
116,Punjab,0,6,136088.38447722053,124018.28281511886,176.9052880438843,0,0,train
117,Punjab,1,7,50691.12924180154,35972.73305441271,119.95851298066567,1,0,train
118,Punjab,1,5,32713.152984907636,30017.79675944337,125.62098054321963,0,1,train
119,Sindh,1,6,43174.55834039962,31496.757492934496,90.72812969214276,1,0,train
120,Khyber Pakhtunkhwa,0,3,8254.109717563928,8665.880335507796,52.24645697384591,1,1,train
121,Punjab,0,8,7518.604721814968,3000,86.3448599525682,1,1,train
122,Punjab,0,2,35635.293289208974,32604.366769108994,112.00198647275643,0,1,train
123,Sindh,0,5,21024.146979541867,21054.47509256875,77.66410825853863,0,1,train
124,Sindh,1,8,55252.8129300091,45973.50741242847,132.43665835876183,1,0,test
125,Sindh,1,6,21456.541524610915,16227.220684342086,72.36186188865628,1,1,train
126,Punjab,0,3,105511.99489249321,82412.61336813714,144.57278456575526,0,0,train
127,Khyber Pakhtunkhwa,1,1,26403.348417153946,26837.94723259958,108.32527142878136,1,1,test
128,Balochistan,0,5,3752.7754797376433,8891.648120224196,10,0,1,test
129,Punjab,0,8,103314.35383844412,82565.12480735683,182.16003155164395,0,0,test
130,Sindh,0,3,41050.89808608113,37872.85872229341,10,0,0,train
131,Khyber Pakhtunkhwa,0,7,30051.79654114133,27737.568313824355,138.4329918987814,0,1,train
132,Sindh,1,4,22804.7922992239,18873.888262081473,10,0,1,train
133,Sindh,1,4,55797.51169922093,38089.37897230414,44.773690049681775,0,0,train
134,Khyber Pakhtunkhwa,1,5,44419.4651405049,24406.50585465932,94.54447738467448,0,0,train
135,Khyber Pakhtunkhwa,0,10,56139.311632210134,50178.542913639176,136.64201063940953,1,0,train
136,Sindh,0,6,34820.78796165679,32333.990953004624,107.0587817820609,0,1,train
137,Khyber Pakhtunkhwa,1,4,27380.862116856933,27004.482113270948,44.77102721310686,0,1,train
138,Punjab,0,4,34857.08832860609,30328.567585386245,22.19452604080614,1,1,test
139,Sindh,1,6,11283.875175168841,9443.128710546574,89.27312451874765,1,1,train
140,Sindh,1,2,40744.534641475664,27639.634901853682,12.171016724759703,1,0,train
141,Punjab,0,2,22966.379289945664,25177.70577942599,12.456786916534607,0,1,train
142,Punjab,0,2,124291.93429761723,79723.75808283225,132.4150360713306,0,0,train
143,Punjab,1,5,26342.193228243283,19852.69866952009,100.49408998579355,1,1,test
144,Sindh,1,5,45345.72929178508,33602.04774155772,128.79199058925025,1,0,train
145,Sindh,1,3,17944.79837812061,15255.729075168201,55.87056011912664,1,1,train
146,Khyber Pakhtunkhwa,0,5,12558.170999627338,14704.708883514786,54.708114191821515,1,1,train
147,Punjab,1,3,11449.36981103069,9535.320514658955,63.827385210419436,1,1,train
148,Balochistan,0,4,13827.337093701917,12724.58348668083,86.47049188365,0,1,train
149,Punjab,0,10,9208.210949546763,12532.104399713588,78.82557060559259,0,1,test
150,Punjab,0,5,32456.433468784933,27886.84935605075,26.85535052785354,1,1,test
151,Sindh,0,8,23721.700864049584,17129.494171842154,65.09200390462028,0,1,train
152,Punjab,0,7,13818.685626893188,11069.327638952327,106.12474485184002,0,1,train
153,Sindh,0,3,44379.94465941753,40093.51406993406,98.87944138503111,1,0,train
154,Punjab,1,5,28978.312058246567,29342.882856074837,143.33422163161413,0,1,test
155,Sindh,0,7,4694.244610706625,3000,22.867249498445766,0,1,test
156,Sindh,1,8,17165.057998360495,6045.724442572951,143.81907155382675,1,1,train
157,Punjab,0,7,35180.13955618962,26139.89835502164,62.88908115936081,1,1,test
158,Punjab,1,7,12811.751371358041,11196.69019256132,15.443914141850627,0,1,train
159,Punjab,0,6,35403.79785993273,28573.997556489372,75.73662404440543,1,1,train
160,Sindh,0,4,42596.87172273609,29741.35972459132,88.40102928764499,0,0,train
161,Khyber Pakhtunkhwa,1,5,14065.905048866927,11235.887158097887,75.77628586922638,0,1,train
162,Sindh,1,4,31051.26768262227,27593.810002590762,99.55810546120387,0,1,test
163,Sindh,0,5,53241.21509953885,35874.35298854915,77.85511316003891,0,0,train
164,Punjab,1,5,39748.695556554994,37149.417931224285,67.14218159596474,1,1,test
165,Punjab,0,7,89144.8951097789,56830.489188084415,155.7852355135968,1,0,test
166,Punjab,0,3,43713.329749373515,30637.73371671364,75.10242088919658,1,0,train
167,Punjab,1,4,38965.46894017191,31175.469285292922,78.2793208597314,1,1,train
168,Punjab,0,6,17475.34410573487,12581.151364096233,113.20274260551432,1,1,train
169,Punjab,0,9,38945.33960715548,36784.92206539141,141.88640333504446,0,1,train
170,Punjab,1,9,5647.303034121636,4453.795626239298,136.89446636815384,1,1,test
171,Sindh,0,5,41417.28675150176,37467.43165780495,66.25512301702389,0,0,train
172,Punjab,0,5,25191.901470217774,17084.147588908585,29.371316896209123,1,1,test
173,Punjab,0,8,28670.679496399847,24680.468693115738,95.46765399161083,0,1,test
174,Punjab,0,6,38410.82182557984,32177.38897180419,122.90622401783843,0,1,test
175,Punjab,0,5,23033.053522177772,22246.893226592692,33.924008042078036,0,1,train
176,Punjab,0,6,32743.00886253894,24579.794857819656,80.65307131426161,0,1,test
177,Khyber Pakhtunkhwa,0,3,30321.084352748196,31545.769853849666,32.8553725297933,0,1,train
178,Sindh,0,5,16374.435516870906,14745.272149921924,60.087814065237055,0,1,train
179,Khyber Pakhtunkhwa,0,5,16332.260418972248,11107.563231214583,91.92984036079704,0,1,test
180,Sindh,0,2,18772.911508813206,15767.979954255889,10,0,1,train
181,Khyber Pakhtunkhwa,1,6,31321.349823730263,25032.906300904102,79.47436763091817,1,1,test
182,Khyber Pakhtunkhwa,0,2,59906.061194439855,41286.89699620213,65.51154417907294,0,0,train
183,Punjab,1,4,30323.45863593068,22055.769578991738,42.98825478617128,0,1,train
184,Punjab,0,5,36774.481130818574,35825.6177395367,74.40022522607373,0,1,train
185,Sindh,0,4,15707.525507904822,12648.608946512142,65.46032336332632,0,1,test
186,Sindh,0,5,33495.73529113818,33643.00217734154,109.37729214978836,1,1,train
187,Khyber Pakhtunkhwa,0,6,23039.85554169597,20993.244332712242,127.6766231724433,1,1,test
188,Khyber Pakhtunkhwa,0,4,34501.38977526618,31966.886882268667,70.23454253372302,1,1,test
189,Punjab,1,6,15158.235586130875,13591.48746971993,88.19307393557519,0,1,train
190,Punjab,0,6,37457.84599007457,38224.8298187551,95.61189663427533,1,1,train
191,Punjab,0,7,23413.080694913493,18657.49305802386,93.70761054442302,0,1,train
192,Khyber Pakhtunkhwa,1,4,87443.97142663234,60950.00929877481,125.10752936488797,1,0,train
193,Punjab,1,6,34380.6879160607,30835.573153949194,61.97131600303024,0,1,train
194,Punjab,0,5,16198.542693713749,14372.47060036516,20.948106363400832,0,1,test
195,Punjab,1,7,42932.0741770605,32144.19930803864,50.18607374178333,0,0,train
196,Punjab,0,4,22353.133794410805,13468.425657371994,87.84967533686893,1,1,train
197,Punjab,1,4,15330.460534889107,13609.504323033385,54.81830225017856,1,1,train
198,Punjab,0,4,31891.23553476596,29568.026852890027,44.42147536009399,0,1,train
199,Sindh,1,9,25161.09453971836,27987.738249114835,135.75795896697414,1,1,test
200,Sindh,0,8,41216.41728611068,29071.69075026678,160.50313612821205,0,0,test
201,Khyber Pakhtunkhwa,0,6,44975.77967166152,40324.74254059697,56.63927711282689,1,0,train
202,Punjab,0,6,19203.823294792877,15444.778830078698,65.55295337294696,0,1,train
203,Khyber Pakhtunkhwa,1,4,3932.0114133254515,4964.799854436751,51.91026494942587,0,1,train
204,Punjab,0,2,20831.70172388174,19598.026940786025,37.26282471592407,1,1,test
205,Punjab,0,4,13335.300162638587,10352.94675227353,65.79352873417373,0,1,test
206,Punjab,0,3,25447.712475698037,26188.684136695083,39.37747001100719,0,1,test
207,Balochistan,1,2,20036.119213081485,18161.85286263478,55.68367237772185,0,1,test
208,Punjab,1,6,69091.00599784573,55715.260628727934,86.21116242873754,0,0,train
209,Punjab,0,7,32965.55756702558,34564.38217224272,105.98940061858531,1,1,test
210,Punjab,0,6,31059.100028033932,29899.840337895825,60.333952190671404,1,1,train
211,Punjab,0,2,28168.630315134196,24722.879824993186,82.39977581877832,0,1,train
212,Sindh,0,3,11423.971448830325,7345.55613219922,30.792169897340678,0,1,test
213,Punjab,0,8,215006.01432586016,182982.1657136715,295.5693071727279,0,0,train
214,Punjab,0,9,11764.400775282887,7826.660672300217,109.42533848428796,0,1,test
215,Punjab,1,4,25249.921518498908,24923.200109160185,44.649276518798814,0,1,train
216,Khyber Pakhtunkhwa,0,2,20991.041304698407,20625.908447189664,71.42598739131552,1,1,train
217,Sindh,0,6,26085.113776708593,20952.143703565303,110.33273847973868,0,1,train
218,Punjab,1,2,16021.913666588363,11105.477325551621,24.733606082877714,0,1,test
219,Punjab,1,3,34157.519265877374,35753.216303883215,22.140243876153953,0,1,train
220,Khyber Pakhtunkhwa,0,1,33679.58849245833,28926.397514141387,71.13605196776824,0,1,train
221,Punjab,0,7,21121.539256420958,18976.539454727423,83.74153589691369,0,1,train
222,Punjab,0,4,12622.819982056564,4854.2665278218665,42.51692710948686,0,1,test
223,Punjab,0,8,80503.3629357084,68738.15791078615,150.662413599119,1,0,test
224,Balochistan,1,3,18073.509044034123,15903.40020645788,63.3802359159056,1,1,train
225,Punjab,0,4,6607.85159060064,3000,10,0,1,train
226,Khyber Pakhtunkhwa,1,4,32560.512045921067,26662.783467787303,40.437005859818264,0,1,train
227,Punjab,0,8,26772.516416211118,24355.26634188224,115.18673874239066,0,1,test
228,Punjab,1,6,7276.371951805849,3000,46.48870502181359,0,1,train
229,Punjab,0,6,32627.41117107528,37694.38151359389,120.79355089404534,0,1,train
230,Punjab,0,6,23291.76320225203,18017.916464779893,53.06303413842015,0,1,train
231,Punjab,0,6,211798.23885199593,188000.0056025464,260.33095749278493,0,0,test
232,Punjab,1,7,35205.21729347637,35100.03814325719,124.00397718482456,0,1,train
233,Punjab,1,6,24118.899298131764,20699.437220111744,85.87686690826101,1,1,train
234,Punjab,1,3,47055.83764112224,33217.312811392665,68.24391571191944,0,0,train
235,Islamabad,0,3,16282.865573071596,18058.045747154636,75.69216891614249,0,1,test
236,Khyber Pakhtunkhwa,1,2,60893.33918587846,50291.69998085183,63.02713705138863,1,0,test
237,Punjab,1,4,101137.79906398708,90633.91399202301,91.05874406532686,1,0,train
238,Khyber Pakhtunkhwa,1,1,31196.989665133435,22588.583787601914,10,0,1,train
239,Sindh,1,2,64807.95776690084,59752.094462110166,67.00509691306812,1,0,train
240,Punjab,1,2,23382.418648428735,20291.27696904896,56.95458039790064,0,1,test
241,Punjab,0,2,20513.647405033335,14738.124222213688,37.012994414455164,0,1,train
242,Sindh,0,13,23617.340267687458,16640.28781334428,127.75199480993004,1,1,train
243,Punjab,1,5,34355.17435939645,28744.95818886193,90.40261196806867,1,1,test
244,Punjab,1,10,65367.15389951404,58908.23430607301,77.36424778303845,1,0,train
245,Punjab,1,2,42685.29997537925,35913.398855794796,23.91561687312137,1,0,train
246,Punjab,0,3,36710.59977185881,37437.09193513025,28.335460439954247,0,1,train
247,Punjab,1,4,35701.212981705095,29972.533133498207,123.01017329187013,1,1,test
248,Punjab,0,9,34633.18981136821,33669.70733644452,152.631778667871,0,1,train
249,Punjab,1,2,22061.799490639496,25107.883401930572,50.05810520521797,1,1,test
250,Balochistan,1,2,24759.6254820655,21190.713648308963,70.35066180066433,0,1,train
251,Punjab,0,8,18944.200585695522,22262.460020083272,113.02756459660414,0,1,train
252,Punjab,0,5,46494.72157181946,41089.56495206913,121.68731389752342,0,0,train
253,Punjab,1,6,13516.537528853309,8952.489059265492,10,1,1,train
254,Punjab,1,6,12838.211632686844,7751.847361969334,103.85713687648979,1,1,train
255,Punjab,0,3,22341.06844129409,20395.86265349617,110.28279406453018,0,1,train
256,Khyber Pakhtunkhwa,0,10,50981.288355827535,41276.48778368409,169.36770683977372,0,0,train
257,Punjab,0,6,111447.01040143357,88983.24574913697,141.16886131775274,1,0,train
258,Punjab,0,5,12177.320898247455,12290.535293089253,10,0,1,train
259,Sindh,0,7,18172.39114270255,18124.37839562481,83.57982186128629,0,1,test
260,Sindh,1,5,11503.722702717912,12592.758751407366,56.181189299377465,1,1,train
261,Sindh,0,2,75218.33510111268,60256.02604970365,81.63587260960465,0,0,train
262,Punjab,0,2,24920.44836480565,18506.569317374328,33.57918544475336,0,1,train
263,Punjab,1,4,48133.86449445246,46249.33790146819,22.148053464215906,1,0,train
264,Balochistan,1,7,24887.51663940291,23687.319302648604,85.56661901002819,0,1,train
265,Punjab,0,5,53594.45194839539,39385.200479208754,105.43530484058135,0,0,train
266,Punjab,0,8,104192.45674756913,83576.24742358009,175.0760541132333,1,0,test
267,Khyber Pakhtunkhwa,1,6,9551.133067846178,6776.546548345292,53.20541252337721,1,1,train
268,Punjab,0,3,38260.596280770915,32498.1320161631,24.02683235252094,0,1,train
269,Khyber Pakhtunkhwa,0,3,23249.23236182058,20744.962737750724,55.06331336218112,1,1,train
270,Khyber Pakhtunkhwa,0,4,35840.71821500464,29364.244430464667,48.13253582716756,0,1,train
271,Punjab,0,6,41310.47480628846,30947.542537085097,90.62785750133467,0,0,test
272,Khyber Pakhtunkhwa,1,2,11518.675472787336,9896.305439437849,61.62729434334072,0,1,train
273,Punjab,1,4,23224.923653031907,19675.31007370158,33.580171122385366,1,1,train
274,Punjab,1,5,31812.33715523418,33995.34949281516,86.60764052129805,0,1,test
275,Khyber Pakhtunkhwa,1,4,22339.411652282106,22707.064227032453,33.166479653278614,1,1,train
276,Punjab,1,6,18500.439386911126,16164.271598743433,112.93234737567076,0,1,test
277,Punjab,0,2,41984.715398732034,31002.815475464173,55.1593931090291,0,0,train
278,Punjab,0,4,25800.75404929289,21579.399673678254,54.00305054251891,1,1,test
279,Punjab,0,1,33380.778989642335,32091.970713786246,10,1,1,test
280,Punjab,0,3,17653.949515383123,11233.611768804923,37.847541007917464,0,1,train
281,Punjab,0,4,22415.513427888378,14174.633489606855,36.16013569362558,1,1,test
282,Punjab,1,6,80051.04190083647,67516.14553999403,145.54357294514884,0,0,test
283,Punjab,0,9,16895.07022128393,13939.383060391721,104.65577850324628,0,1,train
284,Balochistan,0,3,26721.195346918365,25790.725974930006,65.43122626640618,1,1,train
285,Punjab,1,6,50131.660413585676,36543.79153105587,124.05451502283556,0,0,train
286,Punjab,0,6,52415.28435246088,40292.79477999672,71.52533476203064,1,0,test
287,Punjab,1,3,47221.551558138366,44291.098002670085,30.763121785051325,1,0,train
288,Punjab,1,8,48726.35904085014,39505.81171106711,148.1736401954732,1,0,train
289,Punjab,0,5,44788.761614174895,41306.65682667901,69.59590561634501,0,0,train
290,Punjab,1,4,9318.231541188285,7634.816530841477,93.85381662498797,1,1,train
291,Khyber Pakhtunkhwa,0,1,26375.245995140198,26529.425882388052,10,1,1,train
292,Sindh,0,9,46656.796124783024,35278.474751856476,168.7709624888397,1,0,train
293,Punjab,1,7,20948.62212567276,20087.79298155594,156.4063885417303,0,1,train
294,Punjab,1,3,13093.04064012365,12656.639878914388,132.5734572804577,0,1,train
295,Punjab,1,4,48886.905075500945,31977.977527640865,113.6396569708436,0,0,test
296,Punjab,0,5,49894.539628549945,34832.183709198944,125.1734711855068,0,0,train
297,Sindh,0,2,33768.21768597348,30935.471994805714,67.873797807976,0,1,train
298,Sindh,1,3,15701.509366390423,13547.739606050396,39.79471003277027,0,1,test
299,Punjab,0,2,20863.98157608467,18273.104731116593,19.113637054568464,0,1,train
300,Punjab,0,8,87494.3939749926,60949.56644982531,120.2076975390162,0,0,test
301,Punjab,0,9,98804.69258152427,83471.11272649602,180.299604752809,1,0,train
302,Punjab,1,3,58363.546882685536,42425.28886789802,121.30924238250998,1,0,test
303,Punjab,0,4,54333.46543532182,42994.065547632876,56.47722599173457,1,0,train
304,Punjab,0,2,45526.79424396617,39074.253534534364,58.9802508493589,0,0,train
305,Khyber Pakhtunkhwa,0,5,8997.063598148243,8545.457701352403,65.05659342244162,0,1,train
306,Khyber Pakhtunkhwa,1,3,25699.971028169184,23398.17943539626,55.77153773587339,0,1,test
307,Punjab,0,2,34213.17981633223,34141.32178377638,39.963494945861264,1,1,train
308,Punjab,0,5,39950.4924702311,34971.320261024746,73.41136562767032,1,1,train
309,Punjab,1,4,30223.018149582324,26774.416676373934,11.581662471860824,0,1,train
310,Punjab,0,6,8029.678162094081,3000,92.36966909697588,1,1,train
311,Punjab,0,8,42550.68736132449,30664.89484709479,155.26523865299544,0,0,test
312,Balochistan,0,7,42244.17500187478,28145.543009747198,118.7906580887313,0,0,train
313,Punjab,1,3,25669.344413529092,18923.33147877214,61.62755913769494,1,1,train
314,Punjab,1,1,19574.86894019096,20275.00253713528,26.235164025006593,1,1,train
315,Punjab,1,4,10826.379493219109,9247.070385804296,10,0,1,train
316,Khyber Pakhtunkhwa,1,3,20362.38571531366,18921.54224591751,95.72692397124057,0,1,train
317,Punjab,1,9,7365.331459747939,6776.3375094651465,74.98064036440005,0,1,train
318,Sindh,1,6,109538.77401093407,89188.92029002415,150.71435121370396,0,0,test
319,Khyber Pakhtunkhwa,0,4,16009.416285839392,13736.95207875897,39.992762916202395,0,1,train
320,Islamabad,1,2,67105.31206846247,57454.68589488617,103.05994996700736,0,0,train
321,Punjab,1,9,23040.69736643234,23347.850641469966,141.08576234855784,1,1,test
322,Punjab,1,5,22060.859868216357,17904.09291657562,71.39884973112471,1,1,train
323,Punjab,0,4,17526.68484908685,13412.52964418724,28.382244004040043,1,1,train
324,Punjab,1,9,28187.199729808835,21123.985550012832,103.0471937750394,1,1,train
325,Sindh,0,3,27839.6162212682,15949.452517144517,28.308779114497643,0,1,train
326,Khyber Pakhtunkhwa,0,8,37033.93362507273,30353.551929956368,127.14743083429124,0,1,test
327,Punjab,0,5,29543.685017953783,22476.463063708452,64.04703242770326,1,1,train
328,Khyber Pakhtunkhwa,1,8,46724.442840916265,36712.50067648495,104.74937925873645,1,0,test
329,Sindh,1,4,126324.97608905465,95883.09601880106,162.85501626359937,0,0,train
330,Sindh,1,9,9387.725418688095,3242.9166366413338,55.37935884902915,1,1,train
331,Khyber Pakhtunkhwa,0,6,69719.33385883603,50294.62834770642,145.5992370194163,1,0,train
332,Punjab,1,10,64049.68740279251,52118.745123369314,178.1615407221804,1,0,train
333,Punjab,0,5,15312.490546009649,11942.018925811271,25.625513277426734,1,1,train
334,Punjab,0,1,100155.51463716009,66127.73645326938,87.07745294405682,1,0,train
335,Sindh,0,2,43037.71246439871,33343.91351296721,120.82675210434783,1,0,test
336,Punjab,0,6,14953.46003338851,15019.284682838394,135.6998738984363,0,1,train
337,Punjab,0,3,46963.25022427477,44896.13527080678,84.23146461601607,1,0,train
338,Punjab,0,2,21500.96408662457,13836.608986134013,42.84720088431322,1,1,train
339,Khyber Pakhtunkhwa,1,4,14372.636729339301,13584.963233842198,13.176506093979192,0,1,train
340,Punjab,0,5,15315.257848631682,14939.769403850449,60.131575607364674,0,1,test
341,Punjab,0,3,27160.916461358636,21568.891640684626,74.54246283023488,1,1,test
342,Punjab,1,9,114659.6184825394,86891.34325843718,193.03953681973607,1,0,test
343,Khyber Pakhtunkhwa,1,2,78464.78931378557,61763.70061762285,61.56166094467467,0,0,train
344,Punjab,0,4,45536.95844460977,34004.944001152595,81.52625586337368,0,0,train
345,Punjab,1,6,25937.39953084192,26431.37827148652,84.2827362529695,1,1,train
346,Punjab,1,5,44919.3108201329,36453.82750347461,157.0093136650964,1,0,train
347,Balochistan,1,5,73857.4546964152,49278.64215981101,136.38043473767956,1,0,train
348,Punjab,1,3,24154.476951622357,24500.067853111173,18.313166029946707,1,1,test
349,Khyber Pakhtunkhwa,0,5,24519.37565061451,25173.890863578636,139.77818606645394,0,1,train
350,Khyber Pakhtunkhwa,1,6,144149.98615012638,99222.49846272274,229.3311116898293,1,0,test
351,Punjab,1,9,32281.60931407041,18639.624949272664,125.2104033975771,1,1,train
352,Sindh,0,5,7302.946693879233,14211.890915496524,28.831114436550873,0,1,train
353,Punjab,0,6,20767.263749032005,17136.95196596617,51.30867592853642,0,1,train
354,Punjab,1,6,9456.667559224905,8343.399791188142,47.85606401847994,0,1,train
355,Sindh,1,8,78684.79817085672,67101.58840843497,156.12710883672807,1,0,test
356,Punjab,1,4,88930.41349699673,67617.55259504005,93.71533655122649,0,0,test
357,Sindh,0,3,73068.77891324226,51148.39482524896,80.45525158273404,1,0,test
358,Balochistan,0,5,59835.86137310081,38731.416813433505,89.24510813031529,0,0,train
359,Punjab,1,2,23684.133793534525,20379.014551446573,39.058108696238136,1,1,train
360,Punjab,0,5,14600.219766621602,9009.159368491884,45.97434086480545,0,1,train
361,Sindh,0,4,19110.28747709924,14545.419608233971,57.28036502986821,1,1,train
362,Sindh,1,2,18422.16808165607,13422.429516706194,13.986352656998793,1,1,train
363,Punjab,0,6,21038.176301317846,14867.579924903916,74.45187697995706,0,1,train
364,Balochistan,0,3,12941.589069819453,12176.297425660692,37.45768974694803,0,1,train
365,Sindh,1,9,108891.27251541095,69858.11438288419,164.87170567797264,1,0,train
366,Sindh,0,4,101386.01665093141,68541.13979814,91.87672522302476,0,0,test
367,Sindh,0,5,17927.465709164277,20090.857542286165,43.9440753778476,0,1,test
368,Khyber Pakhtunkhwa,1,9,32662.94264042922,33288.19229824496,134.9855945070915,1,1,test
369,Punjab,1,5,26042.740707566765,18092.533146568763,78.03468420950222,0,1,train
370,Punjab,0,8,10602.083132373535,10262.734985031551,100.3344766572274,0,1,train
371,Punjab,0,2,14305.698181760108,11134.685189182614,49.2115778930996,0,1,test
372,Punjab,1,4,24564.198414395367,25880.937597055796,40.502598088879566,1,1,train
373,Sindh,1,9,36906.53386192529,30294.52504990201,101.97799808278839,1,1,train
374,Punjab,0,5,10141.656141560834,7616.51338635224,59.52417079012383,0,1,test
375,Sindh,0,1,10256.432914495123,10936.809167484855,10,0,1,train
376,Balochistan,0,4,10759.075338342818,5982.1321708410205,10,0,1,train
377,Punjab,1,5,37338.957824530924,35546.125595611426,52.200963904977655,1,1,test
378,Punjab,0,5,10609.511544837733,11423.31593027763,55.17687741989576,0,1,train
379,Punjab,1,2,33677.026560278464,29538.53974859653,90.79280950292033,1,1,test
380,Khyber Pakhtunkhwa,0,4,46510.78464563492,41349.29122689788,117.70901918110098,1,0,train
381,Sindh,0,8,10563.484348634673,4486.043887536502,70.70634210396385,0,1,train
382,Punjab,0,4,14490.778104981944,10985.754113180812,21.906158720650048,0,1,test
383,Punjab,1,6,65154.97828443146,44205.667352214055,102.81200344150093,0,0,train
384,Punjab,1,2,47930.22237818384,30373.8944503,75.37747188302893,0,0,train
385,Sindh,1,5,38002.393080152884,27872.397819650803,88.88557392078764,0,1,train
386,Khyber Pakhtunkhwa,0,2,57696.253886674574,46511.96430142939,64.79665572833254,1,0,train
387,Punjab,1,6,27630.3554066521,21738.853608347275,74.06723569444239,0,1,train
388,Balochistan,0,5,35307.48469738288,33775.04441301282,107.73723358045035,0,1,test
389,Punjab,1,5,154273.5634795218,104812.96175080315,178.96782330661256,1,0,train
390,Punjab,1,6,52254.192095690436,36375.30231205658,117.52317007026855,1,0,train
391,Khyber Pakhtunkhwa,1,3,32369.57224624608,27755.443610524268,88.08145411502866,1,1,train
392,Punjab,1,5,91599.42860668586,59701.470180152486,78.49633355626068,1,0,train
393,Sindh,1,9,15714.322226341961,16352.96248201121,126.53742519898552,1,1,test
394,Punjab,1,9,22749.87956082665,22564.098682158932,133.9387654884575,1,1,test
395,Sindh,0,8,93812.73280152348,64229.64224331601,141.82909322272613,1,0,train
396,Punjab,1,2,23208.394442314922,18368.359059485487,26.054566194773617,1,1,train
397,Balochistan,1,7,52632.42915918737,38705.31841691142,115.15223844808318,1,0,train
398,Khyber Pakhtunkhwa,1,5,58186.39360738805,37469.69668824459,127.5902483773676,1,0,train
399,Sindh,1,6,31487.406901558345,28510.860479454313,34.042289488323554,0,1,test
400,Punjab,0,3,23240.54417075398,17616.00930593274,57.93632803569696,0,1,test
401,Punjab,0,8,44850.17163993209,27488.358858850042,140.99070987034858,0,0,train
402,Punjab,1,6,11219.212993525161,9875.980588821281,83.24418328504937,0,1,train
403,Sindh,1,4,39907.34883278767,32990.59335297161,64.11498964001615,0,1,test
404,Punjab,0,6,52991.53367827511,40956.252133089685,118.00041848662906,1,0,train
405,Khyber Pakhtunkhwa,1,1,11750.99664376761,10579.414181693985,66.21051907972094,1,1,train
406,Punjab,0,5,35629.768277251824,24341.894628113478,94.95858092954731,0,1,train
407,Balochistan,1,4,11635.436173800097,10774.53526657485,106.20493163431479,0,1,test
408,Punjab,0,4,33301.672650339104,33536.75294496363,23.937510777110894,1,1,test
409,Punjab,1,3,31160.91094099265,30748.766197887435,38.42164963062271,1,1,train
410,Punjab,1,2,40493.29389810379,34208.06804488823,28.959835481471586,0,0,train
411,Punjab,0,6,34317.873804035284,29434.983115623683,67.61105710790173,0,1,train
412,Sindh,0,5,47881.914944776756,29953.819088977332,108.95899627106199,1,0,train
413,Punjab,0,2,26562.69073760885,23087.862679022073,75.56248465798117,1,1,train
414,Sindh,1,9,23944.482303319714,22734.972156492942,164.8388589612058,0,1,train
415,Punjab,1,6,112283.49626267185,84964.9637534561,177.26283034586368,1,0,train
416,Punjab,0,4,61514.49605727634,55953.33423102126,126.9676860706946,1,0,test
417,Punjab,1,6,71002.62797359934,52951.710875200086,81.4666957259951,1,0,test
418,Sindh,0,5,42171.90894723109,33294.154262777774,114.35691054770615,0,0,train
419,Punjab,1,8,31397.320610545215,26463.84755256134,86.73723101545157,1,1,train
420,Punjab,0,10,175318.05729646512,135733.11737295974,228.10361317597477,1,0,test
421,Punjab,0,8,52614.48420897357,42138.037493045886,130.4740942461359,0,0,train
422,Punjab,1,2,34236.184451301066,29653.9027450423,42.005112858833144,0,1,train
423,Balochistan,0,3,20046.219257422996,20050.581817531714,10,1,1,train
424,Khyber Pakhtunkhwa,1,6,14088.191055132325,7100.184686746978,99.18441215803281,0,1,train
425,Punjab,0,9,24692.340952304345,24691.539773586235,113.02783217913723,0,1,train
426,Punjab,1,5,50616.17875190832,41714.39562539693,76.15195284617405,1,0,test
427,Punjab,0,5,30806.931752046276,23495.816898826895,95.80264878501194,0,1,train
428,Punjab,0,5,16639.742583219246,13954.794192917876,44.131620082876005,0,1,test
429,Sindh,0,3,102924.86200020144,67012.5813558572,97.71593369472042,1,0,train
430,Punjab,1,8,96795.58130899763,68872.40928231884,164.2974623388588,0,0,test
431,Punjab,1,2,37893.352160310395,40520.24772223005,98.47250611704149,1,1,train
432,Punjab,1,5,24338.750281808065,22473.779015332886,69.90259184866657,1,1,train
433,Punjab,0,10,14477.629795349698,11332.68458125721,76.5918720259562,0,1,train
434,Punjab,1,5,41072.62745181849,28537.669690120554,29.328501441928935,0,0,train
435,Khyber Pakhtunkhwa,0,7,29840.619996980622,28311.309041998007,94.3305991556288,0,1,test
436,Punjab,1,5,157125.8271480187,107999.7390763314,180.14421856323656,1,0,train
437,Punjab,1,8,35622.648260778435,29316.313331271605,157.76789691891912,1,1,train
438,Punjab,1,6,19392.19357487017,17807.476554077308,36.98570167896984,1,1,train
439,Punjab,0,4,26972.969445422917,22666.373221598955,63.22474276195536,0,1,test
440,Punjab,1,7,32385.35605608758,33730.07908185364,80.36902745695163,1,1,train
441,Sindh,0,7,40961.57201882418,38403.6950862269,83.91596253009021,1,0,train
442,Khyber Pakhtunkhwa,1,12,32147.492126841626,26181.054448376224,179.60930089677976,0,1,test
443,Punjab,0,2,29931.42405012144,30558.841340753792,81.09881902938636,0,1,train
444,Khyber Pakhtunkhwa,1,2,13192.42739639783,11483.909315181563,10,1,1,test
445,Punjab,0,3,77238.01841756722,57306.085575229976,118.31437670023902,1,0,train
446,Punjab,1,7,4266.648715382647,7562.873366518734,43.18260807010204,1,1,train
447,Punjab,1,4,21841.60415751262,18197.86834132633,47.28464281490587,0,1,test
448,Khyber Pakhtunkhwa,1,9,15340.711674357604,10433.081625206403,115.62412682141307,1,1,train
449,Sindh,1,1,13555.188703234026,13993.307408331426,10,1,1,train
450,Punjab,1,3,46205.54779818828,38418.23861959273,62.572214743888104,1,0,train
451,Punjab,0,3,22072.7353878931,20615.51688784548,33.799146115537624,1,1,train
452,Punjab,1,3,45961.53467502158,30434.84808950733,83.14515294379703,1,0,train
453,Sindh,0,6,10593.690159930733,6746.058423554839,61.266363687988026,0,1,test
454,Sindh,0,3,40131.8407882588,36942.60609350169,28.462314933796108,0,0,train
455,Punjab,0,2,115478.38934742316,88009.81091575486,79.81727591701434,1,0,train
456,Punjab,1,1,22773.323533310828,19102.24537248427,19.296961337350073,1,1,test
457,Punjab,0,4,14370.374482309126,13205.146410443886,34.07887820947727,0,1,train
458,Sindh,0,7,25379.662892913024,18082.25427082223,75.05911654323455,0,1,train
459,Khyber Pakhtunkhwa,1,4,42160.835933299604,37557.15404081681,109.40797055250829,0,0,train
460,Khyber Pakhtunkhwa,0,6,26450.389585812107,23456.944535647235,74.07824374023942,0,1,train
461,Punjab,1,3,12771.350450682861,6847.196881297703,21.205386029813173,1,1,train
462,Punjab,0,6,36713.20254324066,35884.556973816034,129.35243983675386,0,1,test
463,Khyber Pakhtunkhwa,1,5,22250.56224379868,21576.44627029779,13.745268003978921,0,1,train
464,Punjab,1,3,57647.354315874654,39680.0664440687,52.2940884919974,1,0,train
465,Punjab,1,6,22265.5493032282,20725.136437286772,70.03107421601862,1,1,test
466,Sindh,0,10,36831.513798345586,30074.75230683746,80.62996469874435,0,1,train
467,Punjab,0,3,19205.616882104638,16907.125208877143,44.34267312565391,1,1,train
468,Punjab,1,8,9008.251176015272,3260.145332241528,70.91432212834327,1,1,train
469,Punjab,0,3,21515.805915289246,19177.533999799605,10,0,1,test
470,Khyber Pakhtunkhwa,1,7,42162.62975446621,33465.805175477886,73.63445479432445,1,0,train
471,Punjab,0,6,21887.14455465028,19056.196729044652,13.537575066800308,1,1,test
472,Punjab,1,7,18476.19917500415,19226.832176280535,108.9924752437264,0,1,train
473,Khyber Pakhtunkhwa,1,2,47565.28624330533,29463.293808639533,35.514906141616805,1,0,train
474,Balochistan,1,2,110659.03826829852,71979.86173116919,147.82968507973044,1,0,train
475,Punjab,1,9,27216.44852963569,19457.726305398028,148.03351037056626,0,1,train
476,Punjab,0,5,29887.41180795891,28151.486322402096,141.36081881739628,1,1,train
477,Sindh,1,9,141064.0723648234,103320.16709718535,226.6445707294891,1,0,train
478,Khyber Pakhtunkhwa,1,5,29576.395337624297,29050.98973408526,127.44091456619472,1,1,train
479,Punjab,1,5,17388.745524977905,15825.44867204082,49.618617636118785,0,1,train
480,Khyber Pakhtunkhwa,0,3,7396.6588265796645,10040.650266993827,24.194737209384137,0,1,test
481,Punjab,0,5,19833.880490013817,18122.8605372297,51.42324883663816,0,1,test
482,Sindh,1,1,60014.83260907498,44833.42054896568,26.33347473789426,0,0,train
483,Khyber Pakhtunkhwa,1,2,21868.474423262163,20353.229115565126,49.10109957923624,1,1,train
484,Punjab,0,3,19922.318987989296,15820.792713677958,71.08043629078853,1,1,train
485,Khyber Pakhtunkhwa,0,1,51496.061710064205,44089.736707169315,69.61813163756308,0,0,train
486,Punjab,0,6,13555.300819726732,7497.0535474523695,65.38271649498724,0,1,train
487,Khyber Pakhtunkhwa,0,9,8725.354624977927,6980.595825404472,48.36454806418196,0,1,train
488,Punjab,1,4,33941.81572277273,34229.279915640145,73.33722722403688,0,1,train
489,Punjab,1,1,22422.879957914804,20707.712232098107,43.8296066665274,1,1,train
490,Punjab,1,11,42050.12905973849,40221.68553131762,111.33195972170252,1,0,test
491,Balochistan,1,10,6799.457378294077,8589.775521249616,79.01441116947863,0,1,train
492,Punjab,1,4,19320.049766348468,20879.009512044082,31.267101123491194,0,1,train
493,Khyber Pakhtunkhwa,0,6,50522.222349457414,31168.06059321733,104.11903436083769,0,0,train
494,Punjab,0,6,11895.898294532868,9107.51962535414,90.57319808844801,0,1,train
495,Punjab,0,3,35464.40633827474,33895.00859307767,99.01749345442883,0,1,train
496,Punjab,1,4,35709.7410204967,34493.67574897758,106.45234601544618,0,1,train
497,Sindh,0,5,9840.458657550082,12359.19386138457,10,0,1,train
498,Punjab,1,3,58667.80711845201,44587.62109094005,73.73067284195669,0,0,train
499,Punjab,1,2,37761.6306510629,30863.298385840808,66.15632593327388,0,1,train
500,Punjab,0,3,37279.93731359515,31577.603599307684,69.7442654928088,0,1,train
501,Punjab,0,5,23042.177014295685,26569.488986895907,115.09140077241528,1,1,train
502,Punjab,0,10,21486.850153504063,20553.290831682923,84.20997782291127,0,1,test
503,Punjab,0,7,43174.635880024616,33943.33335106833,160.15862210443265,1,0,test
504,Khyber Pakhtunkhwa,0,2,118783.56365589658,96746.72691408399,125.25795213876624,0,0,train
505,Punjab,1,4,17851.92875752074,18256.18376192074,104.12007089661707,1,1,test
506,Khyber Pakhtunkhwa,0,2,38474.41202630338,32991.74851229002,10,1,1,train
507,Sindh,0,7,60495.7344778388,44344.67483525871,126.15094462409087,0,0,train
508,Punjab,1,5,98825.55819888161,67872.78022788861,129.4034052642543,1,0,train
509,Khyber Pakhtunkhwa,0,4,25121.25686590604,23603.721062162775,53.955087531611625,1,1,train
510,Punjab,0,6,37470.77844405827,34016.719265019834,81.19178984079089,0,1,train
511,Punjab,1,6,16440.93133880519,17518.55657261821,58.136363807284475,0,1,test
512,Sindh,0,5,43212.65519003615,28763.049941707734,106.419398896933,0,0,test
513,Punjab,1,6,31015.720808434024,23308.197582463155,74.9617935066431,1,1,test
514,Punjab,1,2,94133.14773308116,84015.27613610306,34.86972659566993,1,0,train
515,Punjab,0,6,31058.082072334244,35078.536913964504,72.42689501962289,1,1,test
516,Punjab,0,3,28280.259246531794,25307.1298534775,74.28591738147253,1,1,train
517,Punjab,0,1,16118.430256444828,9063.039340301542,67.73536342045664,0,1,train
518,Punjab,0,2,15879.647574651775,11312.292974882614,72.69229690821807,0,1,train
519,Punjab,1,7,67039.38615610135,50858.72097102408,143.52256408608986,1,0,test
520,Sindh,0,3,35626.06960042643,34575.31135027495,62.001148402836606,1,1,test
521,Khyber Pakhtunkhwa,0,5,104180.4643882861,79172.72972200516,144.7294689983321,1,0,train
522,Khyber Pakhtunkhwa,0,5,17391.003585626993,15981.158434148361,37.84443151965535,0,1,train
523,Khyber Pakhtunkhwa,0,8,5373.26748473326,9316.016195441058,84.64116217262985,0,1,test
524,Punjab,1,7,79910.6743547935,65779.0553517064,156.83486534512005,1,0,train
525,Sindh,0,5,76527.69126809367,50257.399360281895,77.43732128143057,1,0,train
526,Sindh,1,3,30551.699295816805,26461.02743359757,57.60426240516103,0,1,train
527,Punjab,0,8,9202.749866064749,8890.493285401755,47.60261969608653,0,1,train
528,Khyber Pakhtunkhwa,1,1,25422.858561407214,19976.142860497737,18.84003841732374,0,1,train
529,Punjab,0,6,21085.040647391008,20339.72384320829,103.22073966160414,0,1,train
530,Punjab,0,3,23036.70325107711,18207.16776716772,58.59021546327159,0,1,train
531,Khyber Pakhtunkhwa,1,10,22498.83501357524,23457.70166655122,126.78960452349892,1,1,train
532,Punjab,1,2,31058.604499011148,28116.363256994395,85.64583270954077,0,1,train
533,Khyber Pakhtunkhwa,1,7,47072.999626165554,34592.7109491503,99.33264933322664,0,0,test
534,Sindh,0,6,49436.52094600379,34333.65866789419,147.98177567294618,0,0,train
535,Punjab,1,6,19892.71706165856,19672.042584387567,128.64812060994234,0,1,train
536,Punjab,0,6,25731.66271424234,23160.85193733464,76.76439561587173,0,1,train
537,Punjab,0,6,29533.46791301247,24182.065845860332,46.161399971400044,0,1,train
538,Punjab,0,8,5177.881494415975,4002.1137368706495,26.007441728314745,0,1,train
539,Punjab,0,7,71561.9870799615,65431.17406472807,123.56461783125991,0,0,train
540,Punjab,0,7,11849.692204032428,6104.736477928705,71.17664659932917,0,1,train
541,Sindh,0,6,59865.38098163067,50933.60076725846,117.51085262341881,0,0,test
542,Balochistan,0,5,21164.86536242568,15459.596512626526,83.95602275090143,0,1,train
543,Punjab,1,5,82613.79378640113,60041.56523486327,137.77534724002135,1,0,train
544,Punjab,1,6,152647.1272385129,127295.39329552713,181.85693218478193,0,0,train
545,Sindh,0,8,29600.690593264047,20929.324585743154,125.95022181610757,0,1,train
546,Sindh,1,5,23036.016699674652,26499.665912050204,55.83035856967248,0,1,train
547,Sindh,0,4,38113.592836269745,40523.279746556924,131.40757812706448,1,1,train
548,Punjab,0,4,47388.81028447491,39914.163548756325,23.41292408399933,0,0,train
549,Punjab,1,9,72154.18377108495,46539.33683359176,158.6208393904379,1,0,train
550,Punjab,0,11,9261.137806211203,5278.72110627567,132.74474179038336,0,1,train
551,Khyber Pakhtunkhwa,0,8,23753.43450760833,17526.305059911294,85.25779078303997,1,1,test
552,Punjab,1,6,28655.71022423312,25795.84108223545,119.67785811977716,0,1,train
553,Sindh,1,6,31071.26555715769,24435.673025377142,70.84057475064947,0,1,test
554,Punjab,0,3,28986.349098400016,24263.379015929386,72.23182123472063,0,1,train
555,Punjab,0,8,12517.797797239224,14324.645993273532,108.52242432615458,0,1,train
556,Punjab,1,8,69822.65853164539,49219.42769163296,138.06486230575143,1,0,test
557,Khyber Pakhtunkhwa,0,6,9742.445103425849,10696.437461233054,76.04861838149515,0,1,train
558,Punjab,0,2,51021.27035474291,29850.87567021291,64.84141285684824,0,0,test
559,Khyber Pakhtunkhwa,0,4,65863.76832095358,49914.92230772659,63.896847643800086,1,0,train
560,Sindh,1,6,25285.584252994595,27531.224824582067,31.22961369939172,1,1,train
561,Khyber Pakhtunkhwa,0,5,19962.05755025579,18709.132721305745,85.75984151222812,0,1,train
562,Punjab,0,5,29765.41057216962,25535.104294303437,56.72026069504151,0,1,train
563,Punjab,1,7,57564.26714676177,39137.0671371529,73.5186174950691,1,0,train
564,Punjab,0,6,29254.541095806962,24244.66417582021,70.69240583432959,0,1,train
565,Punjab,1,1,54421.81319030749,51557.628490997806,48.10387159569176,1,0,test
566,Punjab,0,2,38674.690033293584,34527.531072224425,32.837757573233844,0,1,train
567,Sindh,1,2,86660.86633298866,77504.3540168976,63.591445458468115,0,0,train
568,Punjab,1,6,33352.84081590811,28863.420047706713,91.3987683838891,1,1,train
569,Punjab,1,3,32121.68188565335,22668.619496697236,59.71030075137806,0,1,train
570,Sindh,0,5,14904.889145739795,12785.636128100286,81.93825363935031,0,1,test
571,Sindh,0,9,16723.83171955655,13373.227050460227,108.78440553970148,0,1,train
572,Punjab,0,6,13043.869912415055,13989.429707748435,57.162372532600116,0,1,train
573,Islamabad,0,3,28275.760102439453,23881.065259804484,52.576715921493566,0,1,test
574,Punjab,0,8,88115.58729022066,61395.68444586266,156.06980687259835,0,0,train
575,Punjab,0,3,28067.921880905724,22166.330165095063,58.77937944367953,0,1,train
576,Sindh,0,7,30864.69448911384,24039.588323103293,102.76384991495806,0,1,train
577,Punjab,1,2,24610.151810359228,26551.66586472143,10,1,1,train
578,Punjab,0,7,30246.68852036696,30745.3856582964,114.7594803426413,0,1,train
579,Sindh,0,1,33924.21185078945,29741.102924093273,31.776099812655687,1,1,test
580,Sindh,0,3,26768.15190832534,23091.17915700719,46.11640004710182,1,1,train
581,Punjab,1,8,26223.510690917334,24465.307795553857,125.00881465067805,0,1,train
582,Khyber Pakhtunkhwa,0,6,10927.290644960014,6989.123505148026,103.58510667337731,0,1,train
583,Sindh,1,6,34282.51394809506,30120.95638980431,82.33558495915179,0,1,train
584,Sindh,1,9,49525.09001343456,32439.357175736273,90.57678633820896,1,0,train
585,Punjab,1,6,10762.10471742887,11203.638427133723,30.340152116500292,1,1,train
586,Punjab,1,8,25912.73112301455,22965.559374824796,89.75792717848238,1,1,train
587,Balochistan,0,5,51961.327938638024,39237.02151337956,89.97340246547977,1,0,train
588,Islamabad,1,7,82073.61689490065,67632.67785380431,126.95996617021429,1,0,train
589,Punjab,1,5,15677.703617674519,10285.075515449966,127.91135974209118,1,1,test
590,Sindh,0,6,25086.27396789691,19072.87844729529,102.02357732043312,1,1,train
591,Punjab,0,6,43875.35998082808,34301.956332889866,63.38582899308423,0,0,train
592,Khyber Pakhtunkhwa,0,9,20681.05705249262,23707.868465171134,174.97976303882615,0,1,test
593,Punjab,1,3,19243.00340017884,15434.819103694494,10,1,1,train
594,Islamabad,0,1,50572.18269888139,45786.57323628679,34.33404402931407,0,0,train
595,Khyber Pakhtunkhwa,1,2,15945.440535622709,16398.377605067035,10,1,1,test
596,Punjab,0,4,33657.45746156906,28753.309777235132,78.3513374751304,0,1,train
597,Punjab,0,5,29398.712002045122,31792.053583997396,65.17701101359307,1,1,train
598,Punjab,1,3,46004.291365032186,35713.67856738775,80.05066129204775,0,0,train
599,Punjab,0,5,24192.965959873494,18359.071009184816,57.930255931057424,1,1,test
600,Punjab,1,2,69804.37240152065,46549.11705911505,75.2516929135007,1,0,test
601,Punjab,0,4,21099.697997708856,14724.680387930272,67.01620984368357,1,1,train
602,Punjab,1,4,31885.056997195334,27926.33015985479,17.162536628068686,1,1,test
603,Sindh,1,5,43082.223616998526,40392.19939128817,89.56430982972309,0,0,train
604,Punjab,0,8,40983.88111385609,33050.57930224816,119.89542375973562,0,0,train
605,Punjab,1,5,11972.566906364393,11863.364798896093,85.57461879176054,0,1,train
606,Punjab,0,5,15804.070280125568,12495.12904860701,74.9324847125717,0,1,test
607,Sindh,1,2,97970.97655028253,78865.1605925297,115.83739467209365,1,0,train
608,Punjab,1,2,25075.5304478062,12768.428533647515,49.618858698482306,0,1,test
609,Punjab,1,6,24763.154866767803,20446.126483808963,109.83518757083978,0,1,train
610,Punjab,1,3,21319.71336509499,22046.98778535257,67.51349292445948,0,1,train
611,Punjab,1,4,15362.321620450395,16272.629978081233,72.71393940839057,1,1,test
612,Punjab,0,2,30490.48939839528,28753.30277499618,30.127251516185705,0,1,train
613,Sindh,1,3,19737.51350096352,18848.187148558864,98.41286955659338,1,1,train
614,Punjab,1,6,37770.97445881968,32536.61622127082,101.20289995339739,0,1,test
615,Khyber Pakhtunkhwa,0,4,25011.62224895178,19217.940807753952,100.42198172485743,1,1,train
616,Khyber Pakhtunkhwa,1,8,13902.391249017672,5550.22408107693,62.005339193181044,0,1,train
617,Punjab,0,4,17306.770760611853,11098.987703359417,70.5623166206145,0,1,train
618,Punjab,1,6,94905.34679654881,81712.44409545121,111.82848314511057,1,0,test
619,Punjab,0,5,30125.286012244404,34462.21668649255,145.5593104568574,0,1,train
620,Punjab,1,6,25549.897244933705,20606.629909069845,88.23652226014359,1,1,test
621,Punjab,0,5,47552.569199111625,30948.858083266765,98.63425003035633,1,0,train
622,Sindh,0,3,40641.37519928539,34790.43164310369,10,1,0,train
623,Punjab,1,5,57165.976034894324,40097.42195613935,35.052809139899296,0,0,test
624,Sindh,0,9,9547.897675723321,12310.195046059416,100.27099539402985,0,1,test
625,Punjab,0,4,39428.05262647197,36474.23523802863,61.80003848731243,0,1,train
626,Sindh,1,4,35817.41637164536,28324.491780255034,82.49288823475517,0,1,train
627,Punjab,0,5,42202.17277990359,23204.963459641705,100.79126731237221,0,0,train
628,Punjab,0,7,127991.79255806752,102923.03859017165,192.59214175679398,1,0,test
629,Sindh,1,6,30912.551084379724,28012.625294294652,112.5345894084504,1,1,train
630,Punjab,0,1,3064.022936192892,3000,29.689984799145723,0,1,train
631,Punjab,0,3,10672.804539227845,9579.606638963867,47.20303131987275,1,1,test
632,Punjab,0,6,30833.14310511985,25721.45852987267,109.81447236454753,0,1,train
633,Punjab,1,1,114200.72354454156,93387.8240345344,93.81580675197958,1,0,test
634,Punjab,0,6,31358.54649724535,23499.519100945912,104.73700536950835,0,1,train
635,Sindh,1,5,27125.6039035429,21173.56515481885,88.4482800578945,1,1,train
636,Sindh,1,10,63488.35959675511,50010.90317883304,94.1661107813976,0,0,train
637,Punjab,0,6,5612.427028440019,10119.453589972032,70.90722665420289,0,1,test
638,Punjab,0,4,22422.57880764236,20810.808144733943,51.50780675561743,0,1,train
639,Khyber Pakhtunkhwa,0,11,128696.98697225771,119261.69638342409,163.98583516545682,0,0,train
640,Sindh,0,3,19453.758471760626,17503.076143905477,70.63752834850138,0,1,train
641,Punjab,0,7,41358.797292380026,38720.738601152836,97.87465868677658,0,0,train
642,Punjab,0,10,9597.883246897933,10236.26020655339,98.75416300771089,0,1,train
643,Sindh,0,1,15210.493649906635,10289.53931134074,10,0,1,train
644,Khyber Pakhtunkhwa,1,2,10699.457930095108,12509.903689119235,10,0,1,train
645,Punjab,1,9,35407.820377917196,34706.284801925234,133.40653095761633,0,1,train
646,Sindh,1,5,36727.91795654434,36408.53123242542,107.51026806692921,0,1,test
647,Punjab,0,11,45407.68573967859,42487.61031310763,180.03822653825227,0,0,train
648,Punjab,1,5,42233.48945675584,32225.575459464482,103.42305535587818,0,0,train
649,Balochistan,0,9,33848.97172958593,21918.903309584435,122.03051784726358,0,1,test
650,Khyber Pakhtunkhwa,1,2,20470.73765277806,14486.843179279302,52.48555111700681,1,1,train
651,Punjab,0,6,15857.053071848237,13244.128610066578,89.28729419949192,1,1,test
652,Balochistan,0,3,39635.43006788942,41100.27943661085,99.01154194373686,0,1,test
653,Khyber Pakhtunkhwa,1,3,17314.472501828663,17713.61360758545,17.82022164570724,1,1,test
654,Sindh,0,11,110884.54072469045,81917.05304544166,172.18642389261612,1,0,train
655,Punjab,1,3,28441.86035869125,26258.381250782953,57.08618565450742,1,1,train
656,Punjab,1,6,20557.056386103937,24273.486398995497,20.66611074295472,1,1,train
657,Punjab,1,4,14258.46187822535,6975.381534942154,67.12292577953721,0,1,train
658,Punjab,0,3,47075.3392829238,32498.679146719714,60.9497340581195,1,0,test
659,Punjab,0,7,33054.90210475992,26264.464098812638,171.2157157202103,1,1,train
660,Punjab,1,2,20579.19204829206,17848.792614747825,10,1,1,train
661,Sindh,1,3,47153.43345546234,34914.74610982309,91.97751478946367,0,0,train
662,Khyber Pakhtunkhwa,0,4,19137.337676878386,16933.439982232125,91.08572849617097,0,1,test
663,Punjab,0,4,18031.218057475482,11763.539207389467,89.5703938132389,0,1,train
664,Khyber Pakhtunkhwa,1,5,12378.270815784657,11350.437002869136,57.08808235112957,0,1,test
665,Punjab,1,3,18177.851383759255,12650.09447880321,56.40820514435478,1,1,train
666,Sindh,1,6,9425.818451143816,7546.033931819341,43.56949228265225,0,1,train
667,Sindh,0,4,30095.524459259886,28244.871233433747,48.13314440119388,1,1,train
668,Punjab,0,2,12320.509809162662,14613.703869880217,10.11341543059934,0,1,test
669,Khyber Pakhtunkhwa,1,3,25426.207463895735,19227.62046113378,71.84427341314085,0,1,test
670,Punjab,1,8,31690.508419990452,23833.873731197018,186.89871576248026,1,1,test
671,Punjab,1,10,27653.59454708342,30852.62233973926,132.61225179257036,1,1,train
672,Khyber Pakhtunkhwa,1,9,77057.38198616257,55555.175116479004,170.2854176242417,1,0,test
673,Punjab,0,4,6950.5003144582915,7375.5472560196995,23.107897577390673,0,1,train
674,Punjab,0,4,29022.77369146331,22551.892682289577,71.98142227194265,0,1,train
675,Punjab,1,5,29208.022254816755,19567.47620854861,81.40289087069765,0,1,train
676,Punjab,0,7,10580.756197645687,6178.302152699765,128.27021686750436,0,1,train
677,Punjab,0,4,45818.18975987864,41048.928266739895,32.57380367907099,1,0,train
678,Punjab,1,3,39261.20188111844,40295.56832473214,39.590304933366156,0,1,train
679,Punjab,0,9,51279.22414212226,39884.55677434135,100.31326269998561,0,0,train
680,Punjab,0,6,25678.634327598345,24308.346935328875,86.40634132887425,1,1,test
681,Punjab,0,8,13362.300538389854,15210.39888394907,40.34018429688426,0,1,test
682,Khyber Pakhtunkhwa,0,1,15924.274687128263,19736.827763545603,73.53882722023886,0,1,test
683,Sindh,0,3,21399.7370566495,17040.651329983284,56.30055879439265,0,1,train
684,Balochistan,1,5,21048.9964054913,19126.09051877592,42.276703440201715,0,1,train
685,Punjab,0,9,84341.47408296427,77718.93251401841,188.78771558214865,0,0,train
686,Khyber Pakhtunkhwa,1,6,94087.90498702288,72665.45177610333,117.47791265506845,0,0,test
687,Punjab,0,4,48893.31173003146,27044.71899353101,97.34103753315,1,0,train
688,Punjab,0,5,37490.25444843702,36815.89303495716,68.20380490271688,0,1,train
689,Sindh,1,9,26021.249353298783,23269.24136584501,130.91842664216267,0,1,train
690,Punjab,0,8,14686.52066177331,13377.515746700665,52.41002262859841,0,1,test
691,Sindh,0,4,25808.561733316037,19917.870166188943,47.40361885062681,0,1,test
692,Punjab,1,3,132648.06585835473,87789.7591676398,140.46961626304687,1,0,test
693,Khyber Pakhtunkhwa,0,4,10366.635229936472,11918.255445371864,45.933573227883144,0,1,test
694,Khyber Pakhtunkhwa,0,9,22710.82107727758,18638.97757864696,123.98015952581622,0,1,train
695,Punjab,0,5,46211.080315066196,30676.964356119912,133.28848008809274,1,0,train
696,Sindh,1,6,17873.86591146926,17180.2567420545,39.56294411007486,1,1,test
697,Punjab,0,3,38251.41666769543,33651.360096496304,10,0,1,test
698,Balochistan,0,6,20859.631600153934,20598.922706918704,62.20733608708794,0,1,train
699,Khyber Pakhtunkhwa,0,6,17852.92116005312,11382.89778190018,107.95646820743313,0,1,train
700,Punjab,0,6,49876.69991414048,38605.40675367452,141.53286615016367,0,0,train
701,Sindh,0,4,33750.40937826838,26969.216863691676,74.65302659243655,0,1,train
702,Punjab,0,3,55465.36392576664,37309.93993795858,70.0393382429066,0,0,train
703,Punjab,0,5,31855.743434636668,24366.051062382474,58.07185300802303,1,1,train
704,Sindh,0,6,18576.150332370886,16233.104528648282,97.85429347171836,1,1,train
705,Sindh,1,4,64743.37699871718,48868.299563448214,101.38207683947228,0,0,test
706,Sindh,0,5,93874.26892245661,65695.65731504734,99.73099530307434,0,0,train
707,Punjab,1,9,60042.581155668304,52771.5549873073,156.87828571391833,1,0,train
708,Punjab,0,8,26220.087025223656,29247.51156259334,153.1921422666914,0,1,test
709,Punjab,0,8,65293.51390992149,49869.1921872363,195.60129935745508,0,0,train
710,Sindh,1,6,38786.21182194294,29648.61893926097,84.45852491522824,0,1,test
711,Khyber Pakhtunkhwa,0,5,32009.760656567487,28227.660091651553,89.68935788347548,0,1,test
712,Khyber Pakhtunkhwa,1,6,20582.936470456858,17836.376371138154,88.28906520480399,1,1,train
713,Punjab,0,7,16739.19189703916,8668.768671843885,59.85889229481597,0,1,train
714,Sindh,0,7,15876.215056260846,13524.714824615756,35.17849125851177,0,1,test
715,Khyber Pakhtunkhwa,0,6,22551.607651869497,16109.040980566591,36.35830437444859,0,1,train
716,Sindh,1,5,61520.84726398584,49775.50112862298,100.8413794925926,0,0,train
717,Punjab,0,6,8771.961684717855,8169.611396751958,57.65347461916329,1,1,train
718,Punjab,1,7,27463.22663773684,22076.971388136015,129.02218544925717,1,1,test
719,Punjab,1,1,35278.53220162674,29309.787850671637,74.35241960365994,1,1,train
720,Sindh,1,4,70109.80197511581,42806.77453405832,25.639805950898435,1,0,test
721,Punjab,0,8,7021.625363861276,9242.208576581841,122.81925312570482,0,1,train
722,Sindh,1,4,30186.65820844923,22586.429579058797,59.796899375121804,0,1,train
723,Punjab,1,4,40817.07413312984,33461.58816343182,86.29519446252469,0,0,train
724,Punjab,0,8,11206.686639722928,13897.128359131635,95.17768260748996,0,1,train
725,Punjab,1,7,32748.744524554782,26343.07780778555,26.946841541739644,0,1,test
726,Khyber Pakhtunkhwa,1,2,26632.366363126577,23648.194868546267,65.83498291795763,0,1,test
727,Punjab,0,9,25615.166356091206,26749.82354192753,93.8387457110706,0,1,train
728,Punjab,1,3,29673.884298577603,28626.553876921564,38.74977628092234,0,1,train
729,Punjab,0,4,22174.492674952155,18246.384124203803,86.9405024499209,1,1,train
730,Sindh,0,5,12245.5728306062,8980.236646701924,37.96952040599559,0,1,test
731,Punjab,1,2,49005.14881641889,33804.11532917927,75.63925336104109,1,0,test
732,Balochistan,0,8,85827.09479883034,56438.38501383552,148.63555747319666,1,0,train
733,Balochistan,1,9,50854.45682758042,45365.20413629015,226.57334596522213,0,0,train
734,Khyber Pakhtunkhwa,0,5,17764.955254971024,11046.300619639353,110.56485045893379,0,1,test
735,Punjab,0,7,12424.61089999007,12061.791000846873,33.55530798572146,0,1,test
736,Punjab,1,6,44067.29643659274,39485.36988882961,146.50959753131616,1,0,train
737,Punjab,0,2,22627.16025976236,17806.138534815953,70.00705793725643,0,1,train
738,Sindh,1,13,15731.37087859895,9430.261350005903,139.94726002169617,1,1,train
739,Sindh,1,4,26329.42469070738,26317.849061524645,54.68596347744798,0,1,train
740,Khyber Pakhtunkhwa,1,1,34996.88095169437,26022.389155274817,10,1,1,train
741,Balochistan,0,3,55547.10271192709,42997.91921621294,97.22515885931806,0,0,train
742,Sindh,0,2,11642.27780697076,7080.297397206188,44.20677681796318,0,1,train
743,Punjab,0,4,18250.49910919243,19322.276697457193,40.129285476174175,0,1,test
744,Balochistan,0,5,57916.31414116948,42251.27021171513,98.02886963022374,0,0,train
745,Khyber Pakhtunkhwa,1,7,22076.531562902175,23691.814403286924,49.88199418807837,0,1,train
746,Punjab,0,8,20025.986417858985,17272.184338726587,81.29044237587682,0,1,train
747,Punjab,0,9,7290.066329511509,3619.8410167407715,114.01126864140556,0,1,test
748,Sindh,0,4,17056.333286270077,21301.370843782854,57.28069069256597,0,1,train
749,Khyber Pakhtunkhwa,0,7,42081.80165515698,30069.959279102557,103.22295143248064,0,0,test
750,Punjab,0,8,21333.925026075533,16753.32362607932,147.3201458172221,0,1,train
751,Punjab,0,1,18700.06280166132,16310.293208463787,89.78242617478207,0,1,test
752,Punjab,0,5,36361.42554571462,31694.42204143072,99.58650172196724,1,1,train
753,Punjab,0,3,53142.828010904435,36762.44642958675,57.13613157623949,0,0,train
754,Punjab,0,7,3815.379511023194,3000,36.510422775875924,0,1,test
755,Punjab,1,5,43724.273395046126,32213.639158764934,66.58059054398541,0,0,train
756,Punjab,1,6,108423.57655988623,84610.9484267341,131.4133662156495,1,0,train
757,Sindh,1,3,20954.677602854594,15483.104820051067,24.60750452565293,0,1,test
758,Punjab,0,5,15083.297164150936,7815.804906687793,133.21078063853798,0,1,train
759,Balochistan,0,2,17105.520106891086,14917.33071534151,65.00724568390335,0,1,train
760,Balochistan,0,5,19451.432905641625,14274.938698454325,91.40314991241344,1,1,train
761,Islamabad,1,6,31918.817317015102,23546.28086861705,96.50543582822279,1,1,train
762,Sindh,1,1,34663.806401225556,32610.588968843713,21.039813977916715,1,1,test
763,Punjab,0,6,3675.278768793059,4179.566311113329,68.3364811066208,0,1,test
764,Punjab,1,6,49124.92445908266,30602.444674939794,117.12869640111786,1,0,train
765,Sindh,0,6,42619.31645824341,34276.723416175984,81.8739355231194,0,0,train
766,Sindh,0,6,39307.90580943731,31787.536375705495,87.71043941299325,0,1,train
767,Khyber Pakhtunkhwa,0,7,20162.611524546897,17477.476118798528,73.9174118073542,0,1,train
768,Punjab,0,2,35079.969288909575,21980.50132152258,75.35607722791522,0,1,train
769,Punjab,1,9,55380.677386265845,46043.94054504487,125.95394325782085,0,0,test
770,Punjab,0,2,26084.85451159289,21714.704577489258,21.26107013015251,0,1,test
771,Punjab,0,3,21145.326024343733,17761.974877607132,44.61751938005646,1,1,test
772,Punjab,1,1,12191.947414719305,11577.164519492935,10,0,1,train
773,Punjab,0,5,22763.676431510678,21633.92256039305,31.01274671881255,0,1,train
774,Punjab,0,6,34540.758045275055,32451.93461304727,44.96112248497305,1,1,test
775,Sindh,0,8,42441.05011470752,31687.697063749056,49.416007847627526,1,0,train
776,Punjab,0,4,21372.160165524205,18212.12047398767,40.54151902144,0,1,train
777,Khyber Pakhtunkhwa,0,4,124475.70282753711,98108.56697060168,124.33855007021234,0,0,train
778,Khyber Pakhtunkhwa,1,3,31555.068992685246,22128.33872825698,44.78815295741991,1,1,test
779,Sindh,1,4,41933.93323679631,27562.3788507483,125.97453849179558,0,0,test
780,Balochistan,0,2,60881.3682518894,46773.0210933745,46.396813093641555,0,0,test
781,Sindh,1,5,19117.445657717937,18118.093062459506,79.21072576555707,1,1,train
782,Sindh,0,6,42524.98587143842,34674.85137148676,108.73680018746983,1,0,train
783,Punjab,1,2,33210.066264287925,29295.908779571477,34.58277907289735,1,1,train
784,Punjab,0,4,32298.249144695845,22468.63803209362,94.66576162021171,1,1,train
785,Sindh,0,3,45220.45228443323,40428.334734763666,34.84157581688717,0,0,test
786,Punjab,0,5,86647.74327434873,61314.81231847188,101.2358050340666,1,0,train
787,Punjab,0,5,10467.694401026902,7407.159937743166,10,0,1,train
788,Sindh,1,8,24520.625322395517,18876.535565296603,139.672963401696,0,1,train
789,Punjab,0,5,19488.06473722442,14586.781969842763,10,0,1,test
790,Punjab,1,7,25875.44809092547,21148.559618664054,86.8391998984505,1,1,train
791,Khyber Pakhtunkhwa,1,4,65602.4638067841,53839.45326500468,100.42263007120398,1,0,train
792,Punjab,0,7,29857.04165725541,30105.947923290725,108.15871880249422,0,1,test
793,Sindh,0,6,28324.37845981861,20089.692481543658,104.33054769687456,0,1,train
794,Punjab,1,3,42962.271803092735,24738.90473969751,50.77522657141566,1,0,train
795,Sindh,0,3,17244.932160397515,18790.368834623358,42.27795311888431,1,1,train
796,Punjab,0,5,32346.317404219735,29452.143663498875,85.92701503645019,0,1,train
797,Punjab,1,6,16304.638517836629,16198.272438269714,44.77996822316925,0,1,train
798,Punjab,1,2,22347.118658668707,15162.792880926678,10,0,1,train
799,Khyber Pakhtunkhwa,1,2,16468.821878269544,12910.12422627095,44.9769603954378,0,1,test
800,Punjab,0,2,36702.55480734219,34650.58448260481,87.42907046707921,1,1,train
801,Khyber Pakhtunkhwa,1,5,19936.04133744771,17854.35498602327,56.50008895231865,0,1,test
802,Khyber Pakhtunkhwa,0,8,97366.71832109406,77533.57913072841,157.17114593932797,0,0,test
803,Punjab,0,4,20525.497648669698,17895.63779757782,71.25634513889139,0,1,train
804,Punjab,1,3,30704.057508992737,30020.651178009066,87.5675703248157,0,1,train
805,Punjab,0,5,11517.718477115433,3000,104.9164269734064,0,1,test
806,Punjab,0,3,61510.096254541844,44854.13148591187,107.08700755739787,0,0,train
807,Punjab,1,6,149006.53540715456,104105.81425861982,161.8073455352903,0,0,train
808,Punjab,1,4,24146.773833150462,18506.293217819773,63.297368969146724,1,1,test
809,Punjab,1,3,68042.09391211468,51198.302064717514,80.29144581921494,0,0,train
810,Punjab,1,4,54754.477512696285,49846.353856438516,127.1364719477524,0,0,train
811,Punjab,0,5,10063.048077587724,7075.624040452288,13.310054092552676,1,1,train
812,Khyber Pakhtunkhwa,0,6,34918.760913955535,29550.55879534054,107.719321817274,0,1,train
813,Punjab,0,6,15434.887518036507,13285.849547038879,80.52205666978665,1,1,test
814,Sindh,0,5,93629.44913126186,60813.84175365504,137.11648413015524,1,0,train
815,Sindh,0,6,39498.94134237618,34367.89393827911,101.69445653746965,0,1,test
816,Sindh,1,9,33555.243429475915,27274.799379444812,101.61400256087784,1,1,test
817,Khyber Pakhtunkhwa,0,9,30896.14518496917,32704.235759733143,110.73681070385042,0,1,train
818,Punjab,0,4,21074.832766273015,17596.31126564474,58.271153198463416,0,1,test
819,Punjab,0,8,6983.288588066955,3523.1803896644124,56.409071993552814,1,1,train
820,Punjab,0,4,225390.6989961734,195492.67531372898,230.41184378662683,1,0,train
821,Punjab,0,6,31639.493916197724,26068.067362911228,92.93864741906927,0,1,train
822,Sindh,0,5,47203.01361345691,36219.84548635097,95.09269947757507,1,0,train
823,Punjab,0,7,58551.24709173804,40906.26034197555,117.36213523472,0,0,train
824,Punjab,0,6,11723.54958280793,13991.416678693124,67.65399882368149,1,1,test
825,Punjab,0,10,34684.10854953019,29966.638123938556,96.75586656233705,0,1,train
826,Balochistan,0,7,37782.30001060873,24411.437785792805,106.13286515976279,0,1,train
827,Punjab,1,4,20585.338859690735,16265.151269102342,35.703503382793706,1,1,test
828,Punjab,1,4,51021.66206013108,47852.366467257,89.94453988333244,1,0,train
829,Punjab,0,2,20506.63278715582,17378.659701151206,45.33142317599926,0,1,train
830,Punjab,0,5,6909.5805284110775,5041.095219397952,58.25157271487664,1,1,train
831,Punjab,1,4,41192.03432571905,35849.10368039118,88.55306095310831,0,0,train
832,Punjab,1,6,56364.32626712179,48856.42428857228,60.851496169281475,0,0,train
833,Punjab,0,3,4337.21537476427,3000,10,0,1,test
834,Punjab,1,2,80046.68589333585,60303.38209404124,66.13659737441418,1,0,train
835,Sindh,0,10,68878.36430596374,48777.132443697046,104.52884403797034,1,0,train
836,Sindh,0,5,31722.686684589375,29959.94511839504,45.702302567503466,0,1,train
837,Punjab,0,7,18191.00890344552,13199.791266614951,10,0,1,train
838,Sindh,0,3,154247.4326653953,131388.62454993435,190.40110422674556,1,0,train
839,Khyber Pakhtunkhwa,0,5,16782.675606583547,15276.717827951805,125.17890471148965,0,1,test
840,Punjab,0,5,59993.46744036242,46967.8567432377,157.6814961591808,1,0,train
841,Khyber Pakhtunkhwa,0,3,15184.938317008166,15510.56666758449,40.673866939891866,0,1,train
842,Khyber Pakhtunkhwa,1,4,27309.57424014244,20220.31469884247,16.21210529829805,0,1,train
843,Punjab,0,5,66126.9660802932,46913.10288002286,88.86531268735929,0,0,test
844,Sindh,1,6,26768.847451334932,24446.284333429867,119.54534334474604,1,1,train
845,Punjab,0,7,38906.352525986804,31692.200297514068,129.54935901253873,0,1,train
846,Punjab,0,1,18059.298652352907,16767.228920163823,25.059610542373193,0,1,train
847,Punjab,1,3,76587.4976990884,65101.638121934724,94.70206474287771,0,0,train
848,Punjab,0,5,22058.22274120499,18553.55480014844,106.73576162470931,1,1,train
849,Khyber Pakhtunkhwa,0,1,22059.706165423715,11144.669590421268,12.985155188472522,0,1,train
850,Punjab,1,6,30249.390593069,24079.58753551676,63.008501582759365,1,1,train
851,Punjab,1,7,45492.90149592486,36678.68789871855,150.33263524384552,0,0,train
852,Sindh,0,7,13481.588781990795,13162.340908771443,17.691787649090934,0,1,train
853,Punjab,1,2,38633.42947439176,31603.57805453166,10,1,1,test
854,Punjab,0,5,23041.23246125979,17737.26479809762,67.20394141274359,1,1,test
855,Sindh,1,8,48153.003811108436,29376.71274960376,115.85846825090044,1,0,train
856,Punjab,1,4,59738.29463947321,43355.83947408474,70.02488259763427,0,0,test
857,Sindh,1,7,80054.92430394326,50693.83218927853,125.6241073533696,1,0,test
858,Khyber Pakhtunkhwa,1,4,25367.38694769275,22780.98542875992,23.750230077454944,0,1,train
859,Punjab,0,2,29671.625548835134,24027.37988503589,66.65843219220022,0,1,train
860,Khyber Pakhtunkhwa,1,5,14316.65459775971,7190.234199367576,25.174503596604353,0,1,test
861,Balochistan,0,5,10986.702769017633,7951.2500036587335,104.74190878722365,0,1,test
862,Sindh,0,2,29643.283441848507,25873.435678331618,79.08196383294333,1,1,train
863,Punjab,0,2,17753.05585356171,9675.355654186384,19.559489435152877,0,1,train
864,Punjab,1,5,58602.12529245327,52063.316451782186,31.63582914433846,1,0,test
865,Punjab,0,1,47243.29724174712,39563.940333068706,50.735628488120554,0,0,train
866,Khyber Pakhtunkhwa,0,8,19539.450607898503,15622.88906717314,106.68906818944832,1,1,train
867,Punjab,0,3,40676.62077288615,23954.11793787274,59.253350227901116,0,0,train
868,Punjab,0,9,24500.495518418156,26584.677590775053,149.33597334294092,0,1,train
869,Punjab,0,4,31680.717118341458,27860.75335680072,68.47878534678036,0,1,train
870,Punjab,0,3,18583.28410989892,11683.374253511662,10,0,1,test
871,Khyber Pakhtunkhwa,1,8,18609.548593843687,13478.897917446771,36.37133930138261,1,1,test
872,Khyber Pakhtunkhwa,0,5,8467.110164410824,9920.776315217772,73.18503448947673,0,1,train
873,Punjab,0,5,59005.03043211016,47124.50910797377,93.0107874438981,1,0,train
874,Khyber Pakhtunkhwa,1,4,25097.31796277288,20667.739150718506,18.304764003572686,1,1,train
875,Punjab,1,5,49541.1793194725,43731.76175599873,104.63900037507375,0,0,test
876,Sindh,0,4,32120.410136819406,30402.659582910772,45.55479593223777,0,1,test
877,Punjab,0,3,34299.40517016086,36874.76939601799,70.23893894262665,0,1,train
878,Punjab,1,7,49544.52605039352,42039.635842410935,165.75977500485044,0,0,train
879,Khyber Pakhtunkhwa,0,4,5628.762072544113,4264.728234541474,59.03277299448876,0,1,train
880,Sindh,0,7,19005.26390103656,14044.07432852721,71.0535507445087,0,1,test
881,Khyber Pakhtunkhwa,0,4,41979.25018369404,24743.043283741554,88.48540430863714,1,0,train
882,Sindh,0,1,13939.219385909268,14978.91428562296,10,0,1,train
883,Sindh,1,4,51079.01402623101,37439.42327765177,133.5584203564348,0,0,test
884,Khyber Pakhtunkhwa,0,3,6825.658127763251,3000,16.682394518321153,1,1,train
885,Khyber Pakhtunkhwa,0,6,37774.18984167644,33055.496121181946,125.37195824254627,0,1,train
886,Punjab,1,5,24177.365250569612,22211.68933591344,59.82066790236138,0,1,train
887,Punjab,0,5,12314.044277967078,7650.199118132702,79.80664258199526,0,1,train
888,Punjab,1,2,19532.694758965816,15879.25275253812,62.37239702918021,0,1,train
889,Khyber Pakhtunkhwa,1,1,12311.802389845667,9638.355094549444,14.048747661962349,1,1,train
890,Khyber Pakhtunkhwa,0,9,51235.43964396242,43100.3729838742,98.9620814814696,0,0,train
891,Punjab,1,5,48873.695028291295,43808.40846860049,100.29896108824093,1,0,train
892,Punjab,1,1,44794.325177127415,29764.79250036313,27.874297724105848,1,0,train
893,Sindh,0,5,48506.008615034516,43786.435364227254,100.81535310329055,1,0,train
894,Punjab,0,4,28237.04761566161,22644.788996302454,107.34441277924815,0,1,test
895,Punjab,1,4,29526.65325998313,24182.605489539812,107.02028330943143,0,1,train
896,Khyber Pakhtunkhwa,1,5,31919.347298557957,27165.04903235246,115.55966516516455,0,1,train
897,Punjab,0,8,6829.882298458004,9846.473795179278,35.4758257531161,0,1,train
898,Punjab,0,5,52555.20004354483,37752.90639708839,64.63721815389503,0,0,train
899,Sindh,0,3,31028.274880628243,26184.220629246927,68.38636664640086,1,1,train
900,Sindh,0,8,18823.548684135934,11914.927860984128,92.98003199925984,0,1,train
901,Punjab,0,5,19779.34371122096,16824.011628337183,77.83002039750065,0,1,train
902,Punjab,0,5,22329.80273904983,23687.98379187037,26.209498896685332,1,1,train
903,Punjab,0,7,11104.965687349593,11412.413949628748,74.68463518107927,0,1,train
904,Punjab,0,3,21647.63181671587,19791.993484541137,61.2592686827568,0,1,train
905,Sindh,0,5,5058.565390310933,5140.095354235646,78.61720099992617,0,1,train
906,Balochistan,0,3,17326.248095876723,13572.494818763056,47.415595642537774,0,1,train
907,Punjab,1,4,63415.439010493916,47856.34929426649,110.27354203696574,0,0,train
908,Punjab,0,3,27762.35032733993,25437.87335280378,23.206656321234636,1,1,train
909,Punjab,0,2,59970.43294967287,42916.980690819255,89.70685047692733,1,0,train
910,Punjab,1,7,30374.416820009676,26268.11760646365,91.34053776466556,1,1,train
911,Punjab,1,7,16016.066164757662,17470.568809664313,102.54406636642719,1,1,train
912,Punjab,1,5,27587.49620898437,26447.139750239498,87.60797381331396,0,1,train
913,Balochistan,1,3,12821.19556690253,12151.656942058902,66.24308230520306,0,1,train
914,Khyber Pakhtunkhwa,1,10,22668.755522858926,22397.20879369766,100.52233040601698,0,1,test
915,Sindh,0,7,48210.969588130065,38977.531893253064,116.38672766156685,0,0,test
916,Sindh,1,5,28829.668025151994,23135.250224889638,85.6741267727036,1,1,train
917,Islamabad,0,7,50159.35057470443,33413.54012008732,164.64006082610652,1,0,train
918,Sindh,1,5,51494.179552834685,39360.7684239961,78.85306231275932,0,0,train
919,Punjab,1,6,43454.40654507986,37622.41538016235,81.77726321962521,1,0,train
920,Punjab,0,5,21342.32174722654,20720.6946463778,54.911237561583995,0,1,train
921,Khyber Pakhtunkhwa,1,4,20332.252462935296,17081.958395952377,30.291085781953814,0,1,train
922,Balochistan,1,7,15567.734200012776,12048.46671082362,54.10062871692976,0,1,train
923,Balochistan,0,1,27874.076360414354,24691.811736668027,32.58566765324347,0,1,test
924,Punjab,1,5,15381.057239892032,13214.370337993782,21.051448191927257,1,1,train
925,Sindh,0,6,65142.456958886076,42500.243156112556,78.91312076277998,1,0,train
926,Khyber Pakhtunkhwa,1,2,39463.8124538586,31536.11319764836,69.03113574782635,0,1,test
927,Punjab,0,4,121402.51171451378,100999.67328603749,174.60949424942874,1,0,train
928,Punjab,0,5,22232.767471269628,21929.127338831076,31.513702821500765,0,1,train
929,Punjab,1,3,85097.52192670222,54174.54368305026,134.5172958052583,0,0,test
930,Punjab,0,3,20028.707116048558,18533.870810566248,58.543997112769404,0,1,test
931,Punjab,0,3,31505.67757050508,27806.634894132076,43.10741925854086,1,1,train
932,Balochistan,1,2,66607.00227158712,55209.40644188503,99.37483086060035,0,0,test
933,Khyber Pakhtunkhwa,1,4,70114.99136184399,49712.424199767585,53.3052120304249,0,0,train
934,Balochistan,0,2,71510.60624947527,52003.29959812476,119.20333462514076,0,0,train
935,Sindh,0,4,5772.78937164164,6874.347868904133,16.74254924767924,0,1,train
936,Punjab,1,3,37538.567243148944,35396.048073268845,43.224472576822734,0,1,train
937,Punjab,0,7,152716.34743846784,120355.1315152916,168.88593149623838,0,0,train
938,Punjab,0,6,41070.67371822406,24634.782816695955,68.42550931517513,0,0,train
939,Punjab,1,6,19073.86378655909,17280.70433634304,46.38867233065916,0,1,test
940,Khyber Pakhtunkhwa,0,6,13950.243865302238,15551.747700462938,53.33236626702902,1,1,train
941,Punjab,1,4,31599.64911469292,32697.106760173418,46.47371158265962,0,1,train
942,Punjab,1,4,39108.12758314987,33021.15602328962,116.8494266937904,1,1,test
943,Punjab,0,5,42128.75865156548,31830.990723577106,69.6296489660612,1,0,test
944,Punjab,0,5,11403.390437224978,3295.1796286487543,66.30911129690124,0,1,test
945,Sindh,0,7,14441.644752819144,15895.366432763347,104.7807540815916,1,1,test
946,Punjab,1,6,26877.33829043961,21769.406180476482,74.51228545371791,0,1,test
947,Punjab,0,3,17645.026583236664,15230.006273776586,62.78014878312612,0,1,train
948,Sindh,0,5,69512.27537202944,51783.330570349935,141.67361034280407,0,0,test
949,Sindh,1,8,273239.1899023736,187347.89768584253,285.01120039233615,1,0,train
950,Punjab,0,7,13663.254409344458,13231.101134467617,36.61207710097903,0,1,test
951,Punjab,0,4,87052.4871126057,59800.94803273484,129.11535940638186,0,0,train
952,Punjab,0,7,11271.813655737777,6601.013317002005,56.58754482402541,0,1,test
953,Punjab,0,4,64527.82364674636,57882.52585950616,117.6172815339477,0,0,train
954,Sindh,1,3,128982.49663152022,89193.08279082969,172.30077674567843,1,0,train
955,Punjab,1,5,31737.030555874157,26091.274821672494,14.83485649544751,0,1,train
956,Sindh,0,7,36429.29302567642,32624.310671284074,126.00520159509108,0,1,test
957,Sindh,1,7,44114.18572307228,41197.19393002733,93.80219152431322,1,0,train
958,Khyber Pakhtunkhwa,1,6,34145.459184524894,26031.45971788394,108.03836852429677,0,1,train
959,Sindh,0,9,17999.67166924131,16781.474144263426,84.26357972280223,1,1,train
960,Sindh,0,2,20192.943465125943,13858.599872057031,34.440512049710506,0,1,train
961,Punjab,0,7,21749.41377501039,23167.08559106106,96.16733522852256,0,1,train
962,Sindh,0,3,28162.283467820274,28521.35437268558,56.7875076153421,0,1,train
963,Punjab,1,1,32327.41324289556,29036.769761470074,93.80918917319941,0,1,test
964,Khyber Pakhtunkhwa,0,3,37788.68119009578,31931.693727561484,38.346003991494705,0,1,train
965,Punjab,1,3,25637.597880921614,28250.56794756226,41.667339644165196,0,1,test
966,Khyber Pakhtunkhwa,1,3,25304.98538681732,21650.380362507032,49.693494074523656,0,1,train
967,Punjab,1,5,19969.224871919352,17290.611390577593,46.371318597352825,1,1,test
968,Punjab,1,3,15250.207560186083,12145.568541329161,72.88959590813235,0,1,train
969,Sindh,0,4,13842.11795233435,11213.927627488483,96.35658859020982,0,1,train
970,Punjab,1,5,43601.193740329174,37511.72637817817,98.37148779105718,1,0,train
971,Punjab,0,4,15248.331859721073,9368.37731359107,64.30627599999937,0,1,train
972,Punjab,1,5,54860.81988421985,43290.11004405683,91.34384552965165,1,0,train
973,Sindh,1,5,15765.31099691784,15181.042610065666,78.33062072128926,1,1,train
974,Sindh,1,7,37952.09466200645,33991.09088198183,91.33528237072692,0,1,train
975,Punjab,0,3,10420.76392034204,13399.000910949819,47.47570497867338,0,1,train
976,Punjab,0,6,47380.18628738923,34819.44651183084,63.336380159625485,0,0,train
977,Punjab,1,4,32577.393770299685,28215.230935401636,26.87787310784813,0,1,test
978,Punjab,0,1,6665.713062709188,6632.106848174031,10,1,1,train
979,Sindh,0,6,23045.996268842253,15359.29286184494,49.4750781059569,0,1,train
980,Punjab,0,3,26563.838931843868,17756.64327531978,102.74373040007902,1,1,train
981,Punjab,1,1,13205.31485846084,4897.073835693871,10,0,1,train
982,Punjab,0,6,49999.02728437616,47456.122587438455,130.8199305730443,0,0,train
983,Punjab,0,5,10974.566942908983,10063.321676482876,18.69221576229505,1,1,test
984,Khyber Pakhtunkhwa,0,2,27713.24722743692,20209.676409911717,17.541230794083383,0,1,test
985,Punjab,0,3,24281.540236421617,20710.068762662384,21.21476128480193,0,1,test
986,Punjab,0,12,28501.769362137045,26589.57967252644,143.7283048961592,0,1,test
987,Khyber Pakhtunkhwa,1,6,28651.03520146901,23810.14321127151,112.84257145423898,1,1,train
988,Punjab,1,6,56934.388634687384,48566.84687141547,67.74818458312507,0,0,test
989,Punjab,0,3,47377.364055937345,38910.39895298476,21.454451997005577,0,0,test
990,Khyber Pakhtunkhwa,0,5,66126.60267531061,59651.42578459883,81.65392858749375,0,0,train
991,Sindh,0,4,54448.41569033458,37007.40095493104,80.92767805716731,0,0,train
992,Punjab,0,8,15044.936363028191,13294.479700989057,45.88347305047957,0,1,train
993,Khyber Pakhtunkhwa,0,6,15047.456277152049,12816.961078050437,10,0,1,train
994,Khyber Pakhtunkhwa,0,3,47754.00806935393,36953.45000535647,78.21998916842264,1,0,test
995,Punjab,1,7,6398.649030341815,3000,47.113836348081264,0,1,train
996,Punjab,1,6,56421.94517879966,33544.71571421262,82.17299773583355,0,0,train
997,Punjab,0,6,23787.017256247065,20358.863486803122,63.071914442554814,0,1,train
998,Punjab,0,6,15086.391518533082,14094.437461876065,67.82434380309061,0,1,train
999,Punjab,0,2,43929.868840208306,36928.20480570441,74.06263674690412,1,0,train
1000,Punjab,1,5,59032.77581649473,41174.19244166237,45.839000102284714,0,0,train
1001,Khyber Pakhtunkhwa,1,7,39821.90366148749,31925.47849922931,111.05074274272465,1,1,train
1002,Punjab,1,2,42492.456634162314,35881.2339377768,10,1,0,test
1003,Khyber Pakhtunkhwa,1,3,21929.06325308438,23401.777975604047,46.273122293506404,1,1,train
1004,Punjab,1,2,53157.970102763924,34733.69954338562,104.2230526338264,0,0,train
1005,Punjab,0,12,16225.681672737313,8138.120409976251,139.74413989628138,0,1,train
1006,Punjab,1,3,33394.404133116346,31993.699182176697,62.71099068241733,0,1,train
1007,Sindh,0,8,35222.42426910255,27880.422797942527,118.48350192543799,0,1,test
1008,Sindh,1,2,18659.57960339079,16675.26630500472,23.927096168441693,0,1,train
1009,Punjab,1,8,39524.29285541848,34542.50706149031,171.01656381273773,1,1,train
1010,Khyber Pakhtunkhwa,0,4,24420.817876154637,23419.869641917456,62.05869555299726,0,1,test
1011,Punjab,0,9,20191.14514986517,16618.903479143635,129.57843736679527,0,1,train
1012,Sindh,0,8,45277.99682664375,29839.333503691345,131.90230767833268,0,0,train
1013,Punjab,1,5,10972.766518173205,10406.659212871898,98.15108256269467,1,1,train
1014,Punjab,0,5,33165.727455151115,29692.119001909632,67.56262391533473,0,1,train
1015,Punjab,0,3,17734.41780478568,18606.377333844084,34.384618152077856,0,1,train
1016,Khyber Pakhtunkhwa,0,4,16315.982342436164,14887.521672996616,29.829403254432936,0,1,test
1017,Punjab,1,4,19468.455659207848,17928.03345495884,67.71889729962794,0,1,test
1018,Punjab,1,6,38476.94792878864,33073.37005082938,71.25345331787918,1,1,train
1019,Khyber Pakhtunkhwa,1,6,10864.567150420386,6680.511060752523,10,0,1,train
1020,Punjab,0,6,23617.60328522539,24262.064071602403,51.84693850225656,0,1,train
1021,Khyber Pakhtunkhwa,1,6,45060.70638538153,35770.26844670139,101.0788006456881,0,0,train
1022,Punjab,1,3,113023.88221538904,82515.1236415333,84.95432108377145,0,0,train
1023,Punjab,1,5,33725.28471400811,29380.924156463247,26.302783946970372,1,1,train
1024,Punjab,0,3,53739.3382082088,40806.33657473178,57.33136185734315,0,0,test
1025,Punjab,0,6,9372.667726529524,12713.848675058869,97.45709639066051,0,1,train
1026,Punjab,0,8,27808.364207410814,21401.86546434758,148.95531788700904,0,1,train
1027,Punjab,1,7,26023.541953031545,20291.58456557281,60.33708470802047,1,1,test
1028,Punjab,1,9,81903.47423428034,59402.99972267928,168.54596183541267,1,0,train
1029,Balochistan,0,3,30940.679006128412,22451.510255970763,92.07166569759605,0,1,train
1030,Khyber Pakhtunkhwa,1,4,35157.787241080994,28203.8979188242,53.23394503606222,0,1,train
1031,Balochistan,0,6,84984.97221242326,67992.45456866772,151.29006107718902,0,0,test
1032,Punjab,0,2,7196.135368408295,11689.850753008215,50.47590901726187,0,1,train
1033,Punjab,1,1,18300.9957629599,20343.731224563606,34.83462438471225,0,1,train
1034,Punjab,0,2,39677.84928607759,35731.8724000401,46.53439708859962,1,1,train
1035,Punjab,1,6,46436.3584468596,33349.07331061439,128.71044401379118,0,0,train
1036,Punjab,1,6,26187.985061792064,18636.737463829653,92.30087280043982,1,1,test
1037,Khyber Pakhtunkhwa,1,7,14218.282103828105,13141.626651357128,80.16975328162849,0,1,train
1038,Sindh,1,4,30996.01874688366,27992.891105543815,77.17233230014831,1,1,train
1039,Punjab,1,6,23120.83336898258,18567.816994009147,65.20140796367198,0,1,train
1040,Punjab,0,6,44361.78870477404,31623.095681504776,139.25465207425182,1,0,train
1041,Balochistan,0,5,11578.951697854623,8363.591030006983,46.113474492276296,1,1,train
1042,Punjab,0,3,34207.326579182336,25464.606692396053,34.919754270831675,1,1,test
1043,Punjab,0,7,36837.68032388771,26422.196827572683,76.53148570649478,0,1,train
1044,Sindh,1,11,12435.52585739814,8439.460921355749,118.04889195751717,1,1,train
1045,Sindh,0,9,8383.439958067971,3232.9141729805347,125.31770346684608,0,1,train
1046,Punjab,0,4,27554.259708394973,22104.125203240168,113.7692023357593,0,1,test
1047,Sindh,1,5,26774.419823667813,28704.021502812408,85.88571338057046,1,1,test
1048,Khyber Pakhtunkhwa,0,3,45083.35248332433,30541.654165480162,76.95444027342238,0,0,train
1049,Islamabad,0,1,22341.25240264303,19538.791571028607,10,0,1,train
1050,Punjab,0,5,62886.50710500161,47837.736956814304,106.19570514942556,0,0,train
1051,Khyber Pakhtunkhwa,1,6,19160.521257992397,15158.893490014441,125.70512943402763,1,1,test
1052,Punjab,1,1,18987.529172575036,17191.38659742437,10,1,1,test
1053,Punjab,0,7,9379.930950121927,7308.66715203196,72.95316544710133,0,1,train
1054,Sindh,0,3,14188.821769863169,8052.3996961426965,82.01038963451897,1,1,test
1055,Punjab,0,6,8761.621389744745,6095.946027999433,34.38220795985047,0,1,test
1056,Khyber Pakhtunkhwa,0,3,35760.260126953755,25185.84524968074,90.78593431084852,0,1,test
1057,Sindh,1,9,62908.50777404237,42181.5180033936,133.48964601144536,1,0,test
1058,Punjab,1,2,26922.75621342276,23591.75650760125,36.430503047575186,1,1,train
1059,Punjab,0,4,69691.64183429764,54230.35024069618,59.052038354682985,0,0,test
1060,Punjab,1,5,99720.55188241991,83682.45510979387,143.61418192537926,1,0,train
1061,Punjab,0,5,12332.688242334592,13126.155284713108,53.9263698730597,1,1,test
1062,Khyber Pakhtunkhwa,0,4,22788.371457360703,22317.295023621868,73.55396892564872,0,1,test
1063,Punjab,0,9,11517.532465042212,7443.239442689754,130.59600974296714,0,1,test
1064,Punjab,1,5,86539.73115268661,73516.83768719486,145.28681919736528,0,0,test
1065,Punjab,0,3,9487.335585100938,3000,82.54611063121241,0,1,train
1066,Sindh,0,3,32932.124228128334,32497.161937179248,82.11175047184491,1,1,test
1067,Khyber Pakhtunkhwa,1,3,37012.35602093654,36373.085335259,43.78204963899873,0,1,train
1068,Punjab,0,10,27156.074529460002,23496.379835931573,91.70085518262061,0,1,train
1069,Punjab,0,4,7020.69436174241,6528.333114310826,37.92305339913708,0,1,test
1070,Sindh,1,4,31647.863142399387,31423.507059145606,74.87878287143569,1,1,train
1071,Sindh,0,2,42488.37814791525,25496.861071627645,49.86008966266501,1,0,train
1072,Punjab,1,2,90947.59496665176,68265.72217633261,94.10169621197525,1,0,train
1073,Punjab,1,5,54672.45898407958,38696.55451582853,146.10113004350566,1,0,test
1074,Balochistan,0,3,17586.719633564153,16993.067227977943,52.06135465155333,0,1,train
1075,Punjab,0,2,90111.44435218304,69342.91825032484,91.78651394841106,1,0,train
1076,Sindh,0,6,14795.17382221665,17367.463592913417,64.3725008974581,0,1,test
1077,Khyber Pakhtunkhwa,0,1,22014.538864788356,20348.984773097407,10,0,1,train
1078,Punjab,0,4,32005.239733202783,24833.834891040988,106.91218218670235,0,1,train
1079,Punjab,1,7,46659.050192292,48979.1096463161,108.15955099805166,1,0,train
1080,Punjab,1,3,42736.88027160885,34839.78019674099,86.06598850785473,1,0,train
1081,Punjab,0,3,34453.31111408102,29790.128958977402,54.34081948772286,0,1,train
1082,Balochistan,0,10,7720.7622636923425,7036.715411661944,143.33955886157156,0,1,train
1083,Punjab,0,8,19315.52662942234,13603.800837274815,115.18545963240166,0,1,train
1084,Sindh,1,5,31735.25917344654,30304.468030503587,67.01782580379923,0,1,test
1085,Sindh,1,4,21731.525343731013,20880.831887747692,61.21429257254952,0,1,test
1086,Punjab,1,4,30879.589271962075,30215.90768890503,82.85712403051033,1,1,train
1087,Balochistan,1,5,29305.836458343103,27650.442790248057,63.15160060625546,0,1,train
1088,Punjab,0,3,12102.602486390693,11258.847669775812,10,1,1,test
1089,Sindh,1,9,36531.418998156674,29523.03734996545,101.19489561138195,1,1,test
1090,Punjab,1,4,17664.39940574427,14563.189198963417,49.34260862362463,0,1,train
1091,Khyber Pakhtunkhwa,1,6,15416.096797412356,12520.043675699468,59.794610031774596,1,1,train
1092,Punjab,0,4,20457.661333506436,11609.73805179045,46.450770914695894,0,1,train
1093,Sindh,1,4,21008.899188012492,19362.430594131558,83.39049274034508,1,1,train
1094,Punjab,1,7,17927.60231209907,16648.233503257146,88.98879132555902,1,1,train
1095,Punjab,1,4,52550.389654518614,40657.019221775714,39.390586746031275,0,0,train
1096,Punjab,0,3,9745.290428683753,4371.499253133463,46.34115559121976,0,1,train
1097,Punjab,0,5,74211.02300387688,61287.36299809247,111.61992568993404,1,0,train
1098,Punjab,1,6,16722.167143057195,18099.97009954574,51.54959545009675,0,1,train
1099,Khyber Pakhtunkhwa,0,5,27005.07071914927,20500.384009853908,90.29294514782102,1,1,train
1100,Sindh,0,9,25966.327141319474,16554.795848474092,116.69292059287261,0,1,test
1101,Punjab,0,4,15129.80105356128,14796.748894667802,43.090293013902226,1,1,train
1102,Sindh,0,1,46788.46471848043,39000.454574995536,100.18710995348603,0,0,train
1103,Sindh,0,4,13841.857726571934,12023.02601358267,122.038307172028,0,1,train
1104,Punjab,0,6,12776.612403618738,11690.822026623342,29.121086572991885,1,1,train
1105,Punjab,1,5,29159.964203023363,28699.16861449132,55.2133477811487,0,1,train
1106,Sindh,0,6,26698.720804477074,23595.392303655604,39.38958986163218,1,1,train
1107,Khyber Pakhtunkhwa,1,6,14718.42666735003,22474.15207209488,61.036547931813345,0,1,train
1108,Punjab,1,6,32414.00751717519,32532.71651561725,61.07789842614211,0,1,train
1109,Sindh,0,3,11579.495270024749,8631.478278437757,10,0,1,train
1110,Khyber Pakhtunkhwa,0,10,40108.67911264859,24674.953433145096,220.2406527752179,0,0,train
1111,Sindh,0,3,51316.70191022299,37713.32925331717,42.53468789457626,0,0,test
1112,Punjab,0,5,7958.820054287916,4625.097637128768,61.03720142917332,1,1,test
1113,Khyber Pakhtunkhwa,1,4,18850.135205848765,14261.50877242779,115.46715181154221,1,1,train
1114,Sindh,0,8,17141.374278914758,19190.43372555792,83.73846327803116,1,1,train
1115,Punjab,0,4,21844.932430049554,20563.543072209777,24.79831514237459,1,1,train
1116,Punjab,0,11,41408.33063151147,31903.585280396634,97.89933840997563,0,0,test
1117,Khyber Pakhtunkhwa,1,4,26459.701397484852,21138.248425169528,30.42664099854489,1,1,train
1118,Khyber Pakhtunkhwa,1,2,13981.411568959622,10833.432834134583,61.637432788508775,0,1,train
1119,Punjab,1,5,20188.35796454505,18396.41101230704,79.56704396742968,1,1,train
1120,Khyber Pakhtunkhwa,1,6,117266.60467255567,98159.71316490129,160.16508484280075,0,0,train
1121,Sindh,0,9,29980.03885910007,24296.403058259897,153.33082317234533,0,1,test
1122,Khyber Pakhtunkhwa,0,5,20577.843716674677,21514.819948261866,28.353312981116247,0,1,train
1123,Punjab,0,4,12635.628366162422,10682.573885754882,53.18895568774492,1,1,train
1124,Punjab,0,8,6432.839542095802,5110.945292241097,96.29072114761235,0,1,test
1125,Khyber Pakhtunkhwa,1,3,21151.284412205307,19273.56112641929,86.48043689375368,0,1,test
1126,Khyber Pakhtunkhwa,0,4,30467.28554373645,22794.890026223846,70.3279916274773,1,1,test
1127,Punjab,0,8,25111.70655491749,23050.834292372187,136.38297701441167,1,1,train
1128,Sindh,0,3,37321.875877143015,34123.144500136805,105.20546059589958,0,1,test
1129,Punjab,0,4,37146.63822082117,35339.15805646719,74.00859388946535,0,1,train
1130,Punjab,1,5,163327.85616230237,127306.25393775356,194.74174794484045,1,0,test
1131,Punjab,1,2,31414.306190292456,32545.652857747045,25.838479734518508,0,1,test
1132,Sindh,0,4,12635.097770893904,11167.747772591369,80.44459300548206,1,1,train
1133,Sindh,0,1,14976.992947708783,16836.45249605258,10,0,1,train
1134,Punjab,1,7,21145.278439507903,21896.189686107617,117.61645445421536,1,1,train
1135,Punjab,0,2,31892.572250508696,22875.617896185002,59.68280190241996,1,1,train
1136,Sindh,1,4,20130.65262766183,22506.653489553177,99.18076553241372,1,1,train
1137,Punjab,0,2,25989.18170379989,19720.52556240974,26.654013512613417,1,1,test
1138,Punjab,0,7,60929.36171309525,54397.053472861306,121.47813346189453,1,0,train
1139,Punjab,1,5,21535.708889010548,21965.732935067263,57.409926881118714,0,1,test
1140,Punjab,0,8,13542.4277858293,19754.690693016306,130.6951111616459,0,1,train
1141,Punjab,1,2,87569.60601063921,73709.33473749578,116.49931720757904,1,0,test
1142,Balochistan,0,9,49033.34787157786,37154.38679815956,146.9709797078059,0,0,train
1143,Punjab,1,6,63673.00707237095,48439.78860093981,120.45520423204046,1,0,test
1144,Sindh,0,4,29565.838667637137,23014.730796248543,12.357091203301351,1,1,train
1145,Punjab,1,3,12446.826086706555,19197.93259143391,52.9182419682857,0,1,test
1146,Punjab,1,4,27731.04756771845,23473.906126394835,26.729143491535147,0,1,train
1147,Punjab,0,4,13334.562454465287,10817.374305197665,67.08532519618366,0,1,train
1148,Punjab,0,6,79496.59736481872,53324.08560687026,178.17674577866316,0,0,train
1149,Punjab,0,6,9682.71086084054,9674.591511640365,101.88994109586571,0,1,test
1150,Punjab,0,7,38671.96578010839,33434.469606869556,104.55358573379566,0,1,test
1151,Khyber Pakhtunkhwa,1,6,61901.31462781894,53179.890720560616,108.8811975988509,0,0,train
1152,Punjab,0,5,34512.50430069781,33641.71015243761,66.07767443686238,0,1,train
1153,Balochistan,1,2,41869.3075648008,42906.342632445114,54.926313836326514,0,0,train
1154,Khyber Pakhtunkhwa,0,4,50447.43261615961,41391.6429261318,115.16486743655841,0,0,train
1155,Punjab,0,3,12847.727785987488,15805.880516621539,10,1,1,train
1156,Khyber Pakhtunkhwa,0,6,27372.830598004,24176.880299387914,70.95391234964683,0,1,train
1157,Punjab,0,5,78275.29662451461,52149.593398355166,185.13386553150605,0,0,train
1158,Punjab,0,6,31926.540271141475,33762.67681353546,76.16624768141598,0,1,test
1159,Khyber Pakhtunkhwa,0,5,25574.53033090962,23081.72830267081,42.55544387839296,0,1,test
1160,Punjab,1,5,18874.305177798535,15246.843798013178,106.25941290703332,1,1,test
1161,Punjab,1,1,11767.26177310241,10861.966949939351,10,1,1,test
1162,Punjab,1,5,19832.485115760574,18990.052830156743,27.33876941534995,1,1,train
1163,Punjab,1,2,149568.29749814252,113044.78624141426,112.80319076097781,1,0,train
1164,Punjab,1,7,6382.0367022210285,3000,114.0617134101051,1,1,train
1165,Punjab,1,6,10947.834724118542,4732.781519007998,71.36916625613613,1,1,train
1166,Punjab,0,7,62153.81996328139,52293.52712950789,102.0200029067228,0,0,train
1167,Punjab,0,3,14238.685027229867,10118.901894674416,15.156004321150519,0,1,train
1168,Punjab,1,9,101416.27738257365,73042.7699002321,200.48015436066947,1,0,train
1169,Sindh,0,2,11871.376047577261,13796.32948830134,21.4312039147766,1,1,train
1170,Punjab,0,8,52511.48535471596,44325.396289635966,131.2661235997769,0,0,train
1171,Punjab,0,4,36965.54926399285,32384.021247603683,61.05907953928587,0,1,train
1172,Sindh,0,10,34101.12312813411,35019.80309239851,128.43774896203777,1,1,train
1173,Khyber Pakhtunkhwa,0,2,38852.01125724116,35016.423287848884,31.400899317010634,0,1,train
1174,Khyber Pakhtunkhwa,0,5,17856.10458931283,12625.33965225582,107.35652009888223,0,1,train
1175,Punjab,0,7,40308.1214471114,25552.18144843659,65.45454575249389,0,0,train
1176,Punjab,0,6,24879.788896353646,20612.930498529626,69.761333553981,0,1,train
1177,Punjab,1,10,36749.34898943771,31882.998905130677,121.90963396766645,0,1,train
1178,Balochistan,0,5,29222.16246601825,24784.04208443759,86.67394943486954,0,1,train
1179,Punjab,0,5,54285.64971727128,39459.057595751685,95.5391013635244,0,0,train
1180,Islamabad,0,10,31599.968335096804,32198.873835039434,78.59972677270464,0,1,train
1181,Punjab,1,4,10978.663258669294,10390.643090790614,10,1,1,test
1182,Punjab,0,6,33179.178807564356,28223.40934429736,123.37485772239408,0,1,test
1183,Sindh,1,4,13579.489868508912,5003.098646060798,25.927488646036643,0,1,test
1184,Punjab,1,7,42069.50640655641,41235.43167493351,66.40491486426635,0,0,train
1185,Sindh,0,5,48170.70541636126,31711.782171361127,96.30758207594778,0,0,train
1186,Khyber Pakhtunkhwa,0,8,16820.607055720313,8921.15501655282,74.81494237693278,0,1,test
1187,Punjab,1,4,25281.598161849528,21654.45457657481,71.05331897471504,0,1,train
1188,Punjab,0,8,54073.53523825543,46577.283541588644,158.81094757151814,0,0,train
1189,Punjab,1,2,24085.08775598387,20141.936496561364,11.18027165166108,1,1,train
1190,Khyber Pakhtunkhwa,1,5,95807.34823805663,67515.83719877109,153.198814599143,0,0,test
1191,Sindh,0,6,21418.89582678725,17840.622634030602,90.97175383169152,0,1,train
1192,Sindh,0,5,21935.158022715725,19352.853660088665,60.4867221364253,0,1,test
1193,Punjab,1,1,44862.419266419995,34928.56358115958,74.18670123098522,0,0,train
1194,Punjab,0,10,12336.386238359573,10822.970064464556,126.54509955860497,0,1,train
1195,Khyber Pakhtunkhwa,1,4,33241.70034886307,31157.274424604995,45.116156435493906,1,1,train
1196,Sindh,0,4,7434.015594526272,4731.295380238863,94.76957796199287,1,1,train
1197,Punjab,1,4,30000.893086549284,27446.65949284881,74.23953954132983,1,1,train
1198,Punjab,1,9,171287.1571738337,148353.2994243923,281.42589853084746,1,0,train
1199,Khyber Pakhtunkhwa,1,4,21251.430619288916,20750.75963462018,114.8965576473237,0,1,train
1200,Punjab,1,7,70382.49709631973,54698.431383610165,150.78858568870004,1,0,train
1201,Punjab,0,7,47793.24130548226,40232.125539501925,99.5148017741688,0,0,train
1202,Punjab,0,2,39108.89594882594,33579.09995849061,53.89577977053655,0,1,train
1203,Sindh,0,2,15777.246034532702,12810.35425663059,28.764901027899832,1,1,train
1204,Punjab,1,6,46901.04527635951,32298.70320946199,124.95474641686722,0,0,train
1205,Khyber Pakhtunkhwa,0,2,27001.74302314599,25317.810891791163,20.9784075872088,0,1,train
1206,Khyber Pakhtunkhwa,1,7,23240.68439299311,22310.543630851585,14.006820354120677,0,1,train
1207,Khyber Pakhtunkhwa,1,4,19263.339745883917,11232.50374879733,28.953086954371912,0,1,train
1208,Punjab,0,4,59360.24970432642,39305.129075416924,81.80093398404934,0,0,test
1209,Punjab,0,8,39738.72186939409,27950.155776515632,129.38787590023134,0,1,test
1210,Sindh,0,2,11475.992260592695,12681.593409931465,49.214162843539164,0,1,test
1211,Balochistan,0,2,45829.902584661584,37405.73780192106,35.57001466507661,0,0,train
1212,Balochistan,1,3,59236.375955840216,52862.71372938303,55.54564969682393,1,0,train
1213,Punjab,0,7,32891.57819869089,27891.277895530755,131.62367414471393,0,1,train
1214,Punjab,1,7,66458.20510006741,45908.15291537841,144.35582583593117,1,0,test
1215,Khyber Pakhtunkhwa,0,4,46719.08896718101,34944.88194168969,65.43048832011982,0,0,train
1216,Punjab,1,5,70874.9367081304,52979.37288011941,99.41790088473431,0,0,train
1217,Punjab,0,6,24049.686389499464,30656.79891811043,73.56334924594174,1,1,train
1218,Punjab,0,8,14729.349678938881,16754.544287196208,84.28993167998941,0,1,train
1219,Punjab,0,8,29457.48679161417,23766.861661505165,60.89149746184141,1,1,train
1220,Khyber Pakhtunkhwa,1,5,28587.623896393292,24752.29827804006,73.07952157161102,0,1,test
1221,Punjab,0,4,73523.51825700661,49538.07167555422,89.04894962018602,0,0,test
1222,Sindh,0,6,71311.11970589496,55588.958201191286,95.92275741183433,0,0,train
1223,Sindh,1,5,66615.9898284975,42547.885951386575,133.0290470363759,1,0,train
1224,Punjab,0,3,10363.251784904342,6411.9319506694665,71.40951896569598,0,1,train
1225,Balochistan,1,3,25241.529687856702,21668.208970165113,64.01379420177592,1,1,test
1226,Khyber Pakhtunkhwa,0,1,39123.33400888103,35437.3151127944,25.72149783771999,1,1,train
1227,Sindh,0,1,21295.770782230586,15965.406803336331,33.6344866417819,0,1,train
1228,Punjab,0,3,29736.857766483387,22622.53727959603,107.54516985036062,1,1,train
1229,Khyber Pakhtunkhwa,0,6,21996.193728603135,21692.37323874852,71.49222433256413,0,1,test
1230,Sindh,1,5,52775.22336131863,45967.97512926211,43.203167149581674,0,0,train
1231,Khyber Pakhtunkhwa,0,5,35471.899091176114,32144.070701172346,35.210149883885286,1,1,train
1232,Punjab,0,2,16677.745165077922,16855.81689336417,65.56617152309919,0,1,train
1233,Punjab,0,3,25039.595300417273,17084.247926747757,102.41304465548953,0,1,train
1234,Sindh,0,9,21686.393636874127,19891.801098653785,58.46296221753642,0,1,train
1235,Khyber Pakhtunkhwa,1,10,59136.76627239339,48018.032144493416,127.67955178011131,0,0,test
1236,Punjab,1,4,60259.01145914976,53144.245772304326,111.02594016062672,1,0,train
1237,Sindh,1,5,34069.49613058319,27053.804291962722,53.359432023353946,0,1,train
1238,Punjab,1,1,47658.242066814,41391.62516523619,74.05843730860914,0,0,train
1239,Sindh,1,5,9689.74712127248,10749.287961045693,91.9250399195153,0,1,test
1240,Punjab,1,5,52775.50419111909,38822.77416502924,62.23455358527191,1,0,train
1241,Khyber Pakhtunkhwa,1,2,46405.17062612448,29966.247048615925,61.03838266597271,0,0,train
1242,Punjab,1,1,13219.837803023447,17556.19007611201,10,1,1,train
1243,Sindh,0,7,73218.38907774471,60304.24042696308,149.88059149018295,0,0,train
1244,Balochistan,0,5,26583.63076844298,24207.615626412146,66.98888353505208,1,1,train
1245,Punjab,1,3,16720.24802153543,12142.915020497108,79.73345920305624,1,1,train
1246,Khyber Pakhtunkhwa,0,7,91975.94680443751,66867.47458397485,155.06930538053902,1,0,train
1247,Sindh,0,3,30248.043302887025,28354.694216610864,100.45271710971669,1,1,train
1248,Khyber Pakhtunkhwa,0,4,72778.46065877244,59801.705257002235,112.868198089737,0,0,train
1249,Punjab,0,4,30809.265059115733,25900.1459143873,68.40653133173204,0,1,train
1250,Sindh,1,8,28702.661783384916,24838.7461702246,113.42623853157059,0,1,train
1251,Sindh,1,9,41055.92030843089,40655.21236199085,121.9514634260587,0,0,train
1252,Sindh,0,6,72401.99502974331,54018.77615793997,125.10463545135298,0,0,train
1253,Punjab,0,4,30425.450103098272,26916.041641348966,77.93544631355803,0,1,test
1254,Punjab,1,4,31653.43121059225,24898.89346769572,73.83040242494235,0,1,train
1255,Sindh,0,6,26877.424118060062,20696.229411877084,49.516778377026576,0,1,train
1256,Punjab,0,3,22452.875934096297,22558.973648091105,28.04285795770408,0,1,test
1257,Sindh,0,3,32731.9680028702,28758.742854442036,30.392929682864303,0,1,train
1258,Punjab,0,7,33439.14320201361,25324.89574683316,39.210890981964724,0,1,test
1259,Punjab,1,6,26067.073201254127,17190.27282828612,53.1937156978108,1,1,test
1260,Khyber Pakhtunkhwa,1,5,29670.392629264792,30675.220016244733,81.41446054683871,1,1,test
1261,Sindh,0,8,46561.33305801914,28465.37285903652,103.23424191842464,0,0,train
1262,Sindh,1,3,57341.453401045044,53910.06770426797,85.530501398285793,1,0,train
1263,Sindh,0,6,34278.31788160561,31987.438678482442,130.7891772521483,0,1,test
1264,Punjab,1,7,45476.04749243584,41067.327460499786,89.20214598360076,0,0,test
1265,Punjab,1,5,70757.96453524636,44270.64831168876,91.57289754333819,1,0,train
1266,Sindh,0,6,63108.8772974551,49445.05203009343,69.07590519060874,1,0,train
1267,Khyber Pakhtunkhwa,0,7,7512.636123308433,5302.20830420935,43.02813807626592,0,1,test
1268,Sindh,1,6,45643.07402944235,40295.57588518756,126.1896932771553,0,0,train
1269,Khyber Pakhtunkhwa,1,4,55499.44547268585,43242.8184677981,45.24650073644776,1,0,test
1270,Punjab,0,7,26481.27741567177,21806.851706633315,111.60368106297196,1,1,train
1271,Punjab,0,4,20066.82689158927,18568.468613104887,52.380935335530076,0,1,test
1272,Sindh,1,5,13927.468503423881,12956.886446314684,64.60411581182885,1,1,test
1273,Punjab,1,3,19771.46205573682,12438.308246454428,103.10052193800536,1,1,train
1274,Punjab,0,4,51753.86479289695,41019.50732211653,113.70796313320696,1,0,train
1275,Sindh,1,6,23976.690344947478,20108.59113506636,67.29131533851341,1,1,train
1276,Sindh,0,9,26788.596379071456,23904.462623340492,88.14554993525303,1,1,test
1277,Punjab,0,4,47696.07423377283,42884.488201320884,48.59862357634852,0,0,test
1278,Sindh,0,9,20329.646659022856,20261.59510953088,47.125582149988055,0,1,train
1279,Punjab,1,5,33666.755789581315,24332.67665650369,32.600124881465625,0,1,train
1280,Punjab,0,6,12005.652963327182,7868.719455500213,132.11154387060523,0,1,train
1281,Khyber Pakhtunkhwa,0,10,25729.549261953718,14385.662106623608,67.64727961929924,0,1,train
1282,Punjab,0,6,6917.018697691548,6258.886081929164,45.22847569998014,0,1,test
1283,Punjab,1,3,9702.305139061336,9070.870818306446,24.255921112933613,0,1,train
1284,Punjab,0,6,44656.666161655034,39409.8033801454,137.99863074800942,0,0,train
1285,Punjab,0,3,47417.76385332206,40211.67817864444,26.268058565117762,1,0,test
1286,Sindh,1,4,91350.91158208749,64659.2069510658,95.81751704004876,1,0,train
1287,Sindh,0,2,27708.905677831288,24262.888292503547,47.36909538615446,0,1,train
1288,Sindh,1,7,53150.379358457896,41721.790109825146,146.58942313316197,1,0,test
1289,Punjab,0,1,27999.59370750488,19754.624987849238,10,1,1,test
1290,Punjab,1,6,29620.402593281076,22223.439399457387,48.279215967235764,0,1,train
1291,Punjab,1,2,16463.312534928646,16936.313195969306,15.282705899811582,1,1,test
1292,Punjab,1,7,23594.070073065257,24195.453348139155,70.15577323969197,1,1,train
1293,Punjab,0,10,43197.1247833394,32071.018610967083,115.55570437849941,0,0,test
1294,Sindh,0,1,50440.004286121904,36033.71033643625,16.628882986279947,0,0,test
1295,Khyber Pakhtunkhwa,0,7,15563.781682175384,12830.360078815793,88.0627677569135,0,1,train
1296,Punjab,1,6,38810.24302910503,28198.068087115487,74.10085074525549,1,1,train
1297,Sindh,1,7,40599.41007817219,40653.79337126836,117.48540834317973,1,0,train
1298,Punjab,1,6,22353.91059486196,18608.25827038891,96.140637783357107,1,1,train
1299,Sindh,1,2,44234.8902027474,33090.61365751888,95.6032448778961,1,0,test
1300,Punjab,1,4,4888.528768036193,4003.9950022238677,16.842604810114672,0,1,test
1301,Khyber Pakhtunkhwa,1,6,41249.894599922416,37048.88301346183,39.25003005168774,0,0,train
1302,Balochistan,1,6,53845.82954698706,41347.68188361674,114.54840808644045,1,0,train
1303,Punjab,0,3,12014.880243174532,7918.972958643771,32.807951164772945,0,1,test
1304,Punjab,1,7,143206.56093428706,122459.00607848019,107.11145118583566,0,0,train
1305,Punjab,1,3,14666.070271839417,13627.670594180607,10,0,1,test
1306,Khyber Pakhtunkhwa,1,1,11344.91172390907,7250.356564206051,10,0,1,test
1307,Sindh,0,5,96730.94410647734,77103.37255623432,118.69016387729124,0,0,test
1308,Khyber Pakhtunkhwa,1,3,24170.23618911677,19212.900484284575,71.65023156205018,1,1,train
1309,Khyber Pakhtunkhwa,1,6,25600.214858368046,22621.15332436445,27.074996541477972,1,1,train
1310,Punjab,0,3,89625.14649608814,78843.80256728381,64.53735607675821,1,0,train
1311,Punjab,1,4,7773.964084195969,5256.804271159837,93.97117943069713,0,1,train
1312,Sindh,0,1,18365.48923258946,16967.258473377773,48.531174955479116,1,1,train
1313,Punjab,0,4,30628.500342762698,23639.032550703127,43.19384670612391,0,1,train
1314,Punjab,1,4,12765.017130152219,4537.5709210105215,55.85435891447203,0,1,train
1315,Punjab,1,3,20781.12953844794,23301.118678045685,27.670541172623704,1,1,test
1316,Punjab,1,3,10473.763162057003,6647.08622414908,22.963115050608245,1,1,test
1317,Punjab,1,4,24417.502205735833,20869.566052875103,43.93497718292517,0,1,test
1318,Sindh,0,8,12333.133524991985,11603.45198671396,127.3605723136377,0,1,test
1319,Sindh,0,1,36283.33748498493,28403.6285673501,56.15844564153062,1,1,train
1320,Punjab,0,3,23376.441103850924,14251.08851434007,52.394559748976455,0,1,train
1321,Punjab,1,2,18082.76103610665,13637.17588882203,56.14699704515772,1,1,train
1322,Punjab,0,7,69236.99740868188,49061.90992438536,143.43485609348699,0,0,train
1323,Khyber Pakhtunkhwa,0,4,14844.563012647033,16500.333396308906,95.99784065503422,0,1,test
1324,Khyber Pakhtunkhwa,1,2,28744.514937557975,26966.78775154616,10,1,1,train
1325,Punjab,0,10,11348.85629032547,13298.86703069793,117.31995634104538,0,1,train
1326,Sindh,0,9,61067.057022016204,51987.70189140304,130.8824477831562,1,0,train
1327,Sindh,0,3,34682.12681023465,32655.09716813677,93.21657136996873,0,1,train
1328,Khyber Pakhtunkhwa,0,4,27190.587333581683,22857.598040721394,106.19359516062609,0,1,train
1329,Balochistan,1,3,17044.084723867974,13441.105442453867,81.64271254799348,1,1,train
1330,Punjab,0,4,83142.29261162337,59222.14970989256,121.21626240511905,1,0,train
1331,Sindh,0,4,23516.299082130572,19544.49044412565,36.33598668803975,1,1,test
1332,Punjab,1,5,53775.31886195597,44471.27219039324,69.46826213419584,0,0,test
1333,Khyber Pakhtunkhwa,1,1,26002.27380842379,25295.679169268267,10,1,1,train
1334,Khyber Pakhtunkhwa,1,4,35684.17020117022,34807.08197550413,40.559892656132845,0,1,train
1335,Sindh,1,6,40860.48120447305,35990.35110792726,103.397784794595,0,0,train
1336,Sindh,1,5,46348.14606935785,37100.568749709324,50.806701071320575,0,0,test
1337,Punjab,0,9,38419.421174094656,32250.79354701055,153.16847036155977,0,1,train
1338,Punjab,1,3,48666.83950030977,40060.54093040353,119.52601193907176,1,0,train
1339,Punjab,0,9,18926.14483636261,16269.194870905187,138.7812001406944,0,1,test
1340,Punjab,0,2,9483.818487436762,15785.129641487758,32.372880627986184,1,1,train
1341,Sindh,0,3,45633.281736825535,39138.66526632535,49.375938658313984,0,0,train
1342,Punjab,0,2,45044.401118348775,33271.19293763618,48.28368721311608,1,0,train
1343,Sindh,1,5,32902.03935957568,29700.705211246623,67.13571738854804,1,1,train
1344,Sindh,0,4,30188.34124155348,30845.426702771616,74.6085418168734,1,1,test
1345,Punjab,0,7,27564.741139921436,22901.13007696786,106.1596086124835,0,1,train
1346,Khyber Pakhtunkhwa,0,5,51606.39530452815,37657.91131533959,45.4676669871178,1,0,test
1347,Punjab,1,8,39927.34844246287,29964.876394853847,93.90156180036317,0,1,train
1348,Punjab,1,3,16107.78479328491,15834.238003305982,10,0,1,test
1349,Sindh,1,7,33943.494260747735,24881.82896754925,133.9112247427738,1,1,train
1350,Punjab,0,6,20740.16034538616,13922.196200358465,123.87405032016241,0,1,test
1351,Punjab,1,2,21426.98654430339,21222.17419981365,28.619611293095574,0,1,train
1352,Sindh,0,5,21968.745140140818,22885.38420023017,79.27503111157833,0,1,train
1353,Punjab,1,2,36683.79773245138,33309.23737736942,10,1,1,train
1354,Punjab,0,2,41672.28754716606,44700.76757640695,49.57735039792438,0,0,train
1355,Sindh,0,6,14207.932920890942,9768.743076171026,104.34817583161521,0,1,train
1356,Punjab,1,6,19288.70161492018,14452.366044381539,59.29867685582715,1,1,train
1357,Punjab,0,5,36645.11231582634,34589.7003932816,107.6947006534632,1,1,train
1358,Punjab,0,7,39113.06804495213,30969.50756323285,103.07386129972896,0,1,test
1359,Sindh,0,2,33032.431140916,28000.13668702035,105.05268520731505,0,1,test
1360,Punjab,1,2,13079.096263148684,5427.744882568469,10,0,1,test
1361,Punjab,0,7,23349.177972556885,18883.65370241451,53.24769947883373,0,1,test
1362,Khyber Pakhtunkhwa,0,7,27261.774863078605,28114.98319812951,59.93591380078118,0,1,train
1363,Punjab,0,7,9100.724875416774,10588.017995866352,20.93375552754418,0,1,train
1364,Punjab,1,4,17598.730248671123,18977.069230367204,42.694213291025704,1,1,test
1365,Khyber Pakhtunkhwa,0,2,30119.507860649108,21641.25552836906,67.83391928542646,0,1,train
1366,Punjab,1,4,34436.2268855227,33796.336056303044,72.16702985368453,1,1,train
1367,Punjab,0,5,21426.850455698357,19547.80839344268,28.370525183686034,1,1,test
1368,Punjab,1,7,14208.965534666953,5713.389853043063,81.47853396876205,0,1,test
1369,Khyber Pakhtunkhwa,1,5,25714.459666119896,19608.99263353918,64.85019967249296,0,1,train
1370,Punjab,0,3,17465.910305691654,16692.782094899103,65.51223821305652,0,1,test
1371,Punjab,1,4,15375.059605207474,13352.359601530647,53.72471052060219,0,1,train
1372,Sindh,1,10,14033.475311154625,10864.63782527336,146.9186996510508,1,1,train
1373,Punjab,1,7,12879.819509052792,13902.082471594907,54.334948611475554,0,1,train
1374,Punjab,1,1,178701.3956675922,144896.17543213457,178.43890184334867,1,0,test
1375,Punjab,0,3,13289.441921153795,13044.788899236293,59.853860873545266,0,1,train
1376,Punjab,1,5,9821.453060067908,3000,101.50796423032344,0,1,train
1377,Punjab,1,5,48699.757326100735,31587.857694412087,85.53046408827245,0,0,train
1378,Punjab,0,4,21123.58106167068,23694.331559196085,109.9621338158884,0,1,train
1379,Punjab,1,3,37054.41886171337,25119.240890031073,11.36299974619913,1,1,train
1380,Balochistan,0,6,26260.0404776152,23660.10903760508,83.7949443871524,1,1,train
1381,Punjab,1,4,66714.83402507027,49160.74670248361,102.4764932888209,0,0,train
1382,Khyber Pakhtunkhwa,0,4,66242.85336042187,44022.21896958017,62.655092375924596,0,0,test
1383,Punjab,0,7,41333.416847653825,31280.601907114407,117.25105345910987,0,0,train
1384,Punjab,1,3,30535.62015940719,27253.238057727613,74.44727502984415,1,1,test
1385,Sindh,1,6,25256.626416686675,20883.787684530507,53.751560217133104,0,1,test
1386,Punjab,0,8,12754.611182633671,9768.941075289016,112.29109481757126,0,1,train
1387,Punjab,0,4,37168.84122781325,34314.93265065745,61.01648229481276,0,1,train
1388,Sindh,0,6,21595.41924612293,17779.186045982944,53.89658055171904,1,1,train
1389,Punjab,1,3,42108.90745127374,32167.891318056656,19.363125593095162,0,0,train
1390,Punjab,0,6,21644.099960119012,20549.349195030703,65.46741860357065,0,1,train
1391,Punjab,1,5,21397.410648091332,21966.797611137583,12.218708918910693,0,1,train
1392,Khyber Pakhtunkhwa,0,5,26401.038384539243,25216.222927547453,81.34438617026115,0,1,train
1393,Punjab,0,3,26162.5451516443,30801.853038156543,56.44721425165805,0,1,test
1394,Punjab,0,5,9649.974787371151,14611.466065092405,10.003090885496484,0,1,train
1395,Punjab,1,4,34187.00939796277,32585.689807867006,73.13291674414614,1,1,train
1396,Punjab,1,5,33620.139426010166,24798.7156920403,30.028339033166176,0,1,train
1397,Punjab,0,2,20240.24470524383,16673.438635493392,58.300012753396445,0,1,train
1398,Punjab,1,3,38777.67647405684,37992.343790314444,15.152802984628472,1,1,train
1399,Sindh,0,2,19644.97460825172,18508.724365126436,65.72222959956731,0,1,test
1400,Punjab,1,6,15026.276614646038,13785.156779520077,86.26285037880132,0,1,train
1401,Sindh,0,1,36038.127145791266,28586.70080915004,83.62801868751734,0,1,train
1402,Punjab,1,4,9464.976733969082,3000,61.115011132671576,0,1,train
1403,Sindh,1,4,52149.68831030449,35050.270015927665,63.67369520770421,1,0,train
1404,Punjab,1,3,67667.63542390788,43009.409639396225,60.908509339794016,1,0,train
1405,Punjab,0,2,6138.333844000992,3748.4741144503105,40.52424755665184,1,1,train
1406,Punjab,0,6,48843.66306054751,41010.33962567718,153.19856010303857,1,0,test
1407,Punjab,0,11,52740.21523859875,41504.71828818445,131.72616621174285,0,0,train
1408,Sindh,0,4,16896.30184995946,15152.934178701447,68.74305621977015,0,1,train
1409,Punjab,1,5,19079.430751145042,15532.691958930185,66.47648192111562,1,1,test
1410,Punjab,0,6,7683.053568485042,7608.039965685328,77.6785780878033,0,1,test
1411,Punjab,1,3,49045.23322163453,40494.35661988675,68.3878161432281,0,0,train
1412,Punjab,0,6,54613.65681017161,44863.26497095126,91.99103209003137,1,0,train
1413,Punjab,0,8,38262.922111281034,33141.935153909646,161.6029229580361,0,1,test
1414,Punjab,0,4,47148.52405130416,40441.576579862565,97.63219236448018,0,0,train
1415,Punjab,0,4,23440.09302749206,19785.651057732433,77.59168434018667,1,1,test
1416,Punjab,0,6,25447.68217781482,27512.102376582214,95.77708149964525,0,1,test
1417,Sindh,1,4,19141.32022540703,19416.012633036582,82.42975424304974,1,1,train
1418,Punjab,0,5,50055.84487155137,34142.20457033427,165.83608532321153,0,0,train
1419,Punjab,0,3,10467.814328445793,6466.076691511535,10,1,1,test
1420,Khyber Pakhtunkhwa,1,5,26656.67714956634,24662.378111080194,89.02155104705388,0,1,train
1421,Punjab,1,4,34932.52895788412,36313.8496102922,104.50585131829564,1,1,train
1422,Punjab,0,5,10186.403362469398,5268.644085309799,86.05234865249666,0,1,train
1423,Balochistan,1,2,12583.660793867772,8842.60741524347,54.099834334769824,1,1,test
1424,Sindh,1,6,14452.089070826576,10084.91047154501,66.71387496153781,1,1,test
1425,Punjab,1,4,40673.334068888995,34347.52791639214,67.63027722021346,1,0,test
1426,Balochistan,1,3,76843.88322530671,66670.3141359753,88.94416043709552,1,0,test
1427,Punjab,0,3,28491.381553361254,30023.987709353125,60.50514793546616,0,1,train
1428,Punjab,1,8,43006.72439774922,33925.663290549855,85.58856623337005,1,0,train
1429,Sindh,0,5,14332.719203076571,17243.706821708536,24.63533771858338,0,1,train
1430,Khyber Pakhtunkhwa,0,6,30198.1858761328,24506.89293807547,71.134459549718,0,1,train
1431,Punjab,1,9,80480.53906233695,52196.742556606296,181.08656879030318,1,0,train
1432,Khyber Pakhtunkhwa,0,3,42169.27682148631,31011.705847757596,46.92526487777438,0,0,test
1433,Khyber Pakhtunkhwa,1,6,39162.53842195819,32671.683649699058,92.2023888493286,1,1,train
1434,Khyber Pakhtunkhwa,1,1,18708.4771621433,13344.540146569361,32.850901456295425,0,1,test
1435,Punjab,1,5,23186.770314875543,23439.070264122278,116.06603576829485,1,1,test
1436,Sindh,1,2,9916.931519990905,12032.119215749717,25.24780760517331,0,1,test
1437,Punjab,1,8,37065.51008227854,29921.066165723245,55.919774552718636,1,1,train
1438,Balochistan,0,4,34244.36081395859,26018.8707561769,72.69757516065411,0,1,test
1439,Punjab,0,5,19095.454351533164,16823.351048905242,91.3365920854619,0,1,test
1440,Punjab,0,8,62118.54593471301,42500.4280600842,63.856156112875766,1,0,test
1441,Sindh,0,2,12007.85197594336,8016.158693098416,38.426702999017955,0,1,train
1442,Punjab,1,4,15871.367816422317,13646.524697913723,72.54217470265237,0,1,train
1443,Khyber Pakhtunkhwa,1,7,56194.13164353754,47556.74685367058,91.330839330637545,0,0,test
1444,Sindh,1,3,31727.878655134326,26082.600057253134,60.13353573883707,0,1,test
1445,Punjab,0,3,26704.42804129421,21489.793888519947,59.04272802236775,0,1,train
1446,Sindh,0,4,35121.132729163895,27074.838064908592,81.33129906011698,0,1,train
1447,Sindh,0,4,90826.49708562325,66720.10713514136,78.5950605535332,1,0,test
1448,Khyber Pakhtunkhwa,0,7,41526.29666313035,33815.656625389,108.60203213919272,0,0,test
1449,Sindh,0,4,6930.4640596881545,5949.633094912029,17.238276826691774,0,1,test
1450,Khyber Pakhtunkhwa,1,2,12928.675979498346,8942.843972882489,23.40276061176359,0,1,train
1451,Khyber Pakhtunkhwa,0,4,31531.46577431457,27253.222121261562,20.81060195729348,0,1,test
1452,Sindh,0,3,12318.767827448075,17565.920422277934,62.29676443131518,0,1,train
1453,Sindh,0,3,30730.773945177974,22719.013102179473,63.64575730188306,0,1,test
1454,Punjab,1,4,120352.06970493098,106426.87038596162,152.27871335937655,0,0,train
1455,Punjab,0,7,27459.012765045878,26780.742071303765,90.71727085817281,0,1,train
1456,Balochistan,1,1,35527.356273929596,29686.049050374582,67.27450124744618,1,1,test
1457,Punjab,1,6,29731.30750207006,18447.48288781203,88.12929280287274,0,1,train
1458,Punjab,0,9,14642.238685608438,14927.825842986818,122.40800671519261,0,1,train
1459,Punjab,0,4,46791.52986941211,32561.550671000972,77.44053304447678,0,0,train
1460,Punjab,0,8,14161.883123666998,17533.647737182946,73.70948765460804,0,1,test
1461,Sindh,0,3,25092.62582278757,21964.554184078628,28.49069041018673,0,1,train
1462,Sindh,0,7,22686.79720086192,20316.669073856705,62.94939915550046,0,1,test
1463,Punjab,1,6,31698.948333628472,27824.470201271924,117.68913407554624,0,1,train
1464,Punjab,0,10,12644.731850922948,11627.210722755965,90.49605588260457,0,1,test
1465,Sindh,0,5,45941.54346293803,36597.35807705786,86.51383566958889,1,0,train
1466,Sindh,1,4,43117.857372480095,26851.039425462935,119.74453036996002,0,0,train
1467,Punjab,1,6,24143.567918924706,17922.11312925696,66.01844319128136,1,1,train
1468,Punjab,1,3,20379.041580829013,15778.350908501243,29.93502029869854,0,1,train
1469,Punjab,0,6,26359.305327646176,26768.82558827354,34.517064373031964,0,1,train
1470,Punjab,1,2,41205.592966962446,30720.08489713068,63.6368209011987,1,0,train
1471,Sindh,0,4,8879.464137674468,6395.391283248884,83.17518287822729,1,1,test
1472,Punjab,0,5,19014.73501138516,15516.245356694288,81.99199213186678,1,1,train
1473,Punjab,0,6,74238.9891220457,49784.707264686884,115.78377573214497,0,0,train
1474,Khyber Pakhtunkhwa,1,12,21152.347406587043,18943.633047522704,63.20347008138124,1,1,train
1475,Punjab,1,3,32857.50934629454,29577.78935168669,84.70438938287714,0,1,train
1476,Punjab,0,5,28961.973072162706,24405.181204035383,70.07268445210656,0,1,train
1477,Khyber Pakhtunkhwa,1,8,106118.88697926738,71579.60288890351,198.9293479826389,1,0,train
1478,Punjab,0,3,11527.457564563334,11219.950494362016,17.0108332654257,0,1,test
1479,Punjab,0,7,30510.195835961968,28030.840637309513,80.86848666332273,0,1,train
1480,Sindh,1,7,55317.84328016794,39782.969281140904,94.1880875648286,0,0,train
1481,Punjab,1,10,18080.583545270358,17647.42222093639,108.62329826930632,0,1,train
1482,Islamabad,0,5,61703.26086864146,48936.07940786473,114.31734638386514,0,0,train
1483,Balochistan,0,2,20387.280308316298,12820.31806339202,43.85568807297304,0,1,test
1484,Punjab,1,9,7657.544799624173,9795.896323931443,111.10481790654536,1,1,test
1485,Punjab,1,9,34092.373346014785,31221.21102115936,98.04156284239933,1,1,train
1486,Sindh,0,5,40979.80219115083,38206.44275735607,118.57376367989991,0,0,train
1487,Punjab,0,3,19687.75359326019,15546.075980529182,31.18457181323447,0,1,train
1488,Balochistan,0,8,9023.467442028925,5590.0923943442285,47.47121783461894,0,1,train
1489,Punjab,0,3,47004.42695603751,39434.35753789291,39.34527715241053,0,0,train
1490,Sindh,0,3,36424.35074442215,34373.621553826786,37.47643347054815,0,1,train
1491,Sindh,0,4,32026.73861803075,30835.26500198215,76.14828118419352,0,1,train
1492,Punjab,1,4,39123.855385737545,37745.703231314284,74.42906256467231,0,1,test
1493,Punjab,0,1,52718.144033077115,43569.2731558948,67.09502676069002,0,0,train
1494,Punjab,0,7,12152.669618839254,9580.365651179853,35.328394770557054,0,1,train
1495,Punjab,0,5,54250.62247652664,40775.1436439802,73.726157911518,0,0,test
1496,Sindh,0,6,18766.570840520246,22533.106808701184,42.29762669585838,1,1,train
1497,Sindh,0,4,64329.01441582557,48568.294850336955,60.205126553501124,0,0,train
1498,Sindh,0,5,24308.803960195997,22038.278741118564,38.57680301189909,0,1,test
1499,Punjab,0,7,9683.413631077578,6027.235794205939,48.18661243203063,1,1,test
1500,Punjab,1,9,54828.14709191374,37518.18613281356,135.0094544280934,0,0,train
1501,Punjab,0,4,12392.519774956043,10103.292647902004,53.45906245634598,0,1,train
1502,Balochistan,0,4,11413.123602985863,12616.357432510174,47.43671300269988,0,1,test
1503,Punjab,0,9,19368.521385247892,13372.438307535514,52.20264402375359,0,1,test
1504,Khyber Pakhtunkhwa,0,3,23705.908409103613,23739.02129892179,50.85520352389957,0,1,train
1505,Punjab,1,3,16326.709555109512,12429.692565646155,110.2843604553768,1,1,test
1506,Sindh,0,1,62906.88164089976,58146.601926815005,123.15228742729892,0,0,test
1507,Sindh,1,7,25495.404267819682,26451.660719238,44.88969534968023,1,1,train
1508,Punjab,1,7,80709.36758428314,51487.84072023027,149.91896026409745,0,0,train
1509,Punjab,0,10,33763.03575770294,35606.45620324739,97.661452369966,0,1,train
1510,Punjab,1,5,35273.322256827494,29203.48383606949,90.93796956588159,0,1,test
1511,Sindh,1,6,77048.37691688692,52002.638152884116,120.73030724458653,0,0,train
1512,Punjab,0,2,15242.153954755815,14155.53831334776,40.0664156470613,0,1,test
1513,Sindh,0,5,45495.8607023946,30615.108025300528,113.53671457437095,0,0,test
1514,Punjab,0,9,28805.567496505668,24280.6790983565,97.4145038534443,0,1,train
1515,Khyber Pakhtunkhwa,0,5,9519.740369945208,10250.399834616333,17.828927404036705,0,1,test
1516,Punjab,0,3,29104.59217947089,26925.594583017817,57.96746751773684,0,1,train
1517,Sindh,0,4,24182.48291915736,15932.797723872194,95.87079062892161,1,1,test
1518,Punjab,0,8,53047.82358861817,39432.55536480261,137.16964367622506,0,0,train
1519,Sindh,0,5,42312.119535938626,38574.72686546936,152.91042810706492,0,0,test
1520,Balochistan,0,10,6402.161107269787,4249.514474370282,68.84341971020825,0,1,train
1521,Sindh,0,3,14618.91607882392,10833.596944113053,59.96194512352993,0,1,test
1522,Punjab,0,4,20624.245244666505,16918.996483429295,70.90219180235218,0,1,train
1523,Punjab,1,12,61944.13764274924,54868.01292359224,140.76435984111373,1,0,train
1524,Sindh,0,8,66801.30043929411,49456.320455808804,93.00000975381423,0,0,test
1525,Punjab,0,5,40791.335139275885,39337.491016177715,70.56948021117545,0,0,test
1526,Punjab,0,2,11582.186905473423,8428.610723685173,10,0,1,train
1527,Punjab,1,3,25455.2777591719,22498.34647289681,10,0,1,train
1528,Sindh,1,1,16492.77576073956,10377.92473698745,10,0,1,test
1529,Sindh,0,3,37389.231381810816,34860.325040565745,71.18477845774729,1,1,train
1530,Khyber Pakhtunkhwa,1,4,49843.29946426658,43260.05781343263,80.28889432339751,0,0,train
1531,Punjab,1,7,102064.01702032378,80119.75681981907,140.53988007515414,1,0,train
1532,Khyber Pakhtunkhwa,1,5,25812.11379951821,26103.920514225236,90.10620856781435,0,1,train
1533,Punjab,1,4,40773.84536492048,36247.79302667698,17.51253325046664,0,0,train
1534,Sindh,1,4,15583.373004288513,18181.39010575244,111.83891652013372,0,1,train
1535,Punjab,0,8,24443.611877418803,22950.030266964284,121.71846014289186,1,1,train
1536,Balochistan,0,6,13473.274755602504,11340.955253138316,59.81630141169377,0,1,test
1537,Punjab,1,8,12076.943343951762,12642.109670198397,86.87764845624595,0,1,test
1538,Punjab,0,3,32563.89261370409,27067.39985495377,87.60780666685278,0,1,train
1539,Sindh,0,7,70553.21822245464,45157.06654204398,156.55399874962353,1,0,train
1540,Sindh,1,5,42701.81664294371,32175.657797306336,109.2879913379984,1,0,train
1541,Khyber Pakhtunkhwa,0,5,17518.62686431844,15937.997939600922,71.3212031307211,0,1,train
1542,Sindh,0,4,81508.54705705818,55956.80934657945,18.666805001918732,1,0,train
1543,Punjab,0,3,23919.342750382606,14117.658442055184,22.59052804666376,0,1,test
1544,Punjab,1,3,19755.131317488493,18701.061548819227,29.9356462155517,1,1,train
1545,Punjab,0,6,15779.562423671214,15151.934636023903,96.40409716935851,0,1,train
1546,Khyber Pakhtunkhwa,0,4,7653.748089879623,6864.5679524332245,46.240592368568095,0,1,test
1547,Punjab,0,4,69171.69960072119,61029.86032544391,101.34722865482257,0,0,test
1548,Sindh,1,4,49705.02418618266,45063.70408238907,91.16438840343335,1,0,train
1549,Khyber Pakhtunkhwa,0,2,12810.212158976336,8457.881571008265,59.409598897184026,0,1,train
1550,Sindh,0,8,21578.36254060165,14297.035246676189,88.6821067036455,0,1,train
1551,Punjab,0,8,36011.67473434849,30248.289127851534,131.51720231344126,0,1,test
1552,Khyber Pakhtunkhwa,0,4,34960.95261292663,33967.060147705764,45.07411265715342,0,1,test
1553,Sindh,0,1,9706.733301538512,9937.219365574903,40.98491173282106,1,1,train
1554,Punjab,1,4,41387.202924646466,32784.2366034617,46.94321413131527,0,0,train
1555,Sindh,1,12,38932.649494071375,33132.80529348396,111.12191542813898,1,1,train
1556,Sindh,1,6,4101.520239511487,3000,48.33171277741928,0,1,train
1557,Punjab,0,4,16886.746071438567,23329.224442441042,40.49248792342194,0,1,train
1558,Punjab,0,3,52960.18033408669,31947.5366962067,59.77201034359556,1,0,train
1559,Punjab,1,5,9937.135505269227,7190.732678183866,90.08021626228668,0,1,test
1560,Sindh,1,4,16044.952524403681,17965.237128738878,10,1,1,train
1561,Punjab,1,11,22803.596338953375,15630.458635034875,136.06447250082246,0,1,train
1562,Islamabad,0,5,91837.9242437263,78886.19543151543,123.7088920114015,0,0,test
1563,Sindh,0,7,13733.96382090892,11812.074760119056,103.77367184941531,1,1,train
1564,Punjab,0,5,46567.011891227354,34290.24429516428,84.3907619687038,1,0,train
1565,Punjab,0,4,10422.91865057204,12900.537322809478,63.165841794414305,0,1,train
1566,Sindh,1,3,24615.278778826516,21453.503831310747,95.32578182910497,1,1,train
1567,Punjab,0,2,9145.895512524883,9639.452267605402,33.11569659062361,0,1,train
1568,Islamabad,1,5,36332.723659158,41764.014517505166,104.68944761683099,1,1,test
1569,Sindh,0,3,21098.330693957272,14627.205469196833,54.96071742548641,0,1,train
1570,Punjab,0,3,40114.35818540073,26104.76739243018,52.09472814987277,0,0,train
1571,Punjab,0,5,38215.20705491186,32925.82483774159,124.81151875262127,1,1,train
1572,Balochistan,0,3,28246.880661546023,23503.577097539808,10,0,1,train
1573,Punjab,0,6,38722.54344833058,39520.96016484573,110.72148898911519,1,1,test
1574,Punjab,1,2,83361.03181484574,60830.179128347554,38.34393485310406,0,0,train
1575,Punjab,1,2,29060.675353453767,28504.306995187762,81.1148592371164,1,1,train
1576,Sindh,1,7,40079.331755062485,34821.80069831329,99.31519418078054,1,0,test
1577,Punjab,0,6,34745.35831844501,26448.537715025832,38.13377915176774,0,1,train
1578,Punjab,0,3,42639.63423461537,33599.624763505526,19.19861347043431,0,0,test
1579,Balochistan,0,4,27059.383886118234,27061.425199254823,10,0,1,train
1580,Punjab,0,7,8696.704470357261,10089.556754937294,110.03148168698308,0,1,train
1581,Sindh,0,4,72018.28472122335,46929.2124014815,34.29364075628494,0,0,train
1582,Punjab,1,5,84672.82973785316,55854.366449394314,155.85165065741234,1,0,train
1583,Sindh,1,6,49025.921045359035,33111.92159297463,99.65014814308637,1,0,train
1584,Punjab,0,7,50516.53486857035,33234.80349469615,132.51399664360176,0,0,test
1585,Khyber Pakhtunkhwa,0,3,21003.86584592383,18794.289625904774,104.52821600493401,0,1,train
1586,Punjab,1,8,55104.60882973088,33525.85395516124,110.50005576229721,0,0,train
1587,Punjab,1,3,20668.968425730567,21171.809274418665,98.44251316940134,0,1,train
1588,Punjab,0,4,13585.98659343911,15857.177026813086,70.04217873738156,0,1,train
1589,Punjab,1,6,68291.77706709201,55660.50066441974,127.01611307407455,0,0,test
1590,Punjab,0,5,19435.866644937196,21626.109646628138,62.93603276196824,0,1,train
1591,Punjab,0,9,6654.293930437054,5235.774000855223,63.3835242205629,0,1,train
1592,Sindh,1,3,29428.50679582384,27460.388891178893,92.20305538781669,0,1,train
1593,Punjab,0,7,21637.888634245446,13290.775224387242,94.48762142651867,0,1,test
1594,Punjab,0,5,31025.76258451412,21712.113007520988,43.175840439595945,0,1,train
1595,Punjab,1,1,51296.28121043549,44860.846776044666,77.95893978136174,1,0,train
1596,Punjab,1,5,46288.47605135683,38634.81644674277,107.69149292370878,1,0,train
1597,Punjab,0,2,13677.376237149138,13369.288862256682,94.44497766646073,1,1,test
1598,Punjab,0,7,43379.4498118651,36443.72370407085,120.14266778911507,0,0,test
1599,Punjab,0,7,12440.514556700333,15658.152314396415,90.92857592780358,0,1,test
1600,Sindh,1,6,25418.744450904127,24126.082172009566,122.88172005591456,0,1,test
1601,Sindh,1,3,24359.044642200188,19723.60714681936,15.914013805824084,1,1,train
1602,Sindh,0,2,31168.098538181774,28387.926511262936,38.388473386453235,0,1,test
1603,Sindh,0,9,49683.05785312604,40176.660950106976,118.91297648602941,0,0,test
1604,Punjab,1,5,12507.003585005852,13521.737476603477,67.93132784236364,1,1,train
1605,Sindh,1,4,10074.735467464669,7318.2286780627765,24.962724267861038,0,1,test
1606,Sindh,1,2,26416.763058048127,26759.508697662262,24.374017607079136,1,1,train
1607,Punjab,0,5,33083.51332832792,28845.44432908965,75.40598221091193,0,1,train
1608,Islamabad,0,9,34363.94393105049,26223.18113398346,61.0063675531701,1,1,train
1609,Punjab,1,7,19202.444202962048,18450.908283031815,67.088836402312225,0,1,train
1610,Punjab,1,7,38226.718606348215,37875.890940604084,20.342229219908816,0,1,train
1611,Punjab,1,4,28304.493009008424,19560.664730470315,21.139111854541476,0,1,train
1612,Punjab,0,5,21741.027258269507,20240.877408208882,14.628679504777061,1,1,train
1613,Punjab,1,6,25374.247998926192,29033.29791576716,91.91996272742752,1,1,train
1614,Islamabad,0,4,49797.249982636975,32088.574564133036,62.296180945074354,0,0,train
1615,Sindh,0,5,8966.036725945696,6290.589700401719,75.32008090807008,0,1,train
1616,Sindh,0,1,25292.30410823673,18697.059393797605,18.37066233796289,1,1,train
1617,Khyber Pakhtunkhwa,0,3,15825.286329048451,12637.077889835065,32.95496062456434,0,1,train
1618,Sindh,0,3,34497.813515810856,32846.73356919189,63.51003923117633,1,1,train
1619,Sindh,0,4,14287.566213347527,14890.180450699994,10,1,1,train
1620,Balochistan,0,3,102268.28807001503,75389.80091179529,106.18987130236216,1,0,test
1621,Punjab,0,3,25956.038696394025,21903.20006296405,56.72715623693895,0,1,train
1622,Balochistan,0,5,33626.40075498216,32857.064240578315,56.71744799093332,0,1,train
1623,Balochistan,1,5,16921.786784112774,12018.83989617412,113.32148016626957,1,1,test
1624,Punjab,0,3,15764.250607181568,12698.451163700829,68.33467663605605,0,1,train
1625,Khyber Pakhtunkhwa,1,5,36598.60229570862,35749.75983004959,87.0598498129681,1,1,train
1626,Sindh,0,5,33373.29752916357,30060.911688537486,58.354496528054085,0,1,test
1627,Sindh,0,3,118636.39175930423,94130.23705234699,129.0137189668591,0,0,train
1628,Punjab,1,4,33476.91809258933,27306.678843869846,83.54681035110843,1,1,train
1629,Punjab,0,4,23336.716182418804,22651.145806777444,16.757946899840263,1,1,test
1630,Punjab,1,5,41950.666986420765,37853.71580067154,55.94665754164082,1,0,train
1631,Punjab,1,6,22480.552736437974,28604.787932164636,109.43498572985457,1,1,train
1632,Punjab,1,6,17706.132453499402,19423.083489184584,57.2143780362152,0,1,test
1633,Punjab,0,5,18948.92805919154,16275.782980794233,109.35757048846557,0,1,train
1634,Punjab,1,6,27976.4627725572,28143.714575769336,97.4652416145765,1,1,train
1635,Sindh,0,6,27439.628725659608,19246.689776803745,95.97826952871318,0,1,train
1636,Khyber Pakhtunkhwa,1,8,17243.31629433905,10761.066980842716,98.75679515679967,1,1,train
1637,Punjab,0,5,42715.8527396197,35411.43077550785,47.941693809229996,1,0,train
1638,Punjab,1,6,9758.4040653918,11048.853394686565,90.32504902259805,0,1,test
1639,Islamabad,1,6,45187.99578852026,39102.09169196802,98.90611073450602,0,0,test
1640,Khyber Pakhtunkhwa,1,2,39410.10412223436,36712.9859296318,10,1,1,train
1641,Punjab,1,2,22111.718274971536,15728.149904044101,58.895562461399635,0,1,train
1642,Sindh,0,6,17573.510326116153,11694.000402592257,89.08692870179726,0,1,train
1643,Punjab,0,4,25232.528088892628,18301.882923946538,10,0,1,test
1644,Punjab,1,2,8258.261906667114,4631.64261052934,34.01746668525585,0,1,train
1645,Punjab,0,4,42636.89802936312,32616.471801969856,80.72581117637142,0,0,train
1646,Punjab,1,5,32995.61340010766,28416.886662544337,59.21949778514909,0,1,train
1647,Punjab,0,5,8410.917390211054,7109.5637596610595,73.2686500517368,0,1,train
1648,Khyber Pakhtunkhwa,0,4,7266.58275506151,4767.040395423424,10,0,1,train
1649,Punjab,0,2,35087.039645018376,37313.77113528249,10,1,1,train
1650,Punjab,0,4,95257.8417304568,83138.65210109057,126.01708694300679,1,0,train
1651,Sindh,0,8,27615.46408203408,21711.34756762403,100.52669218115558,0,1,train
1652,Punjab,0,7,17589.057800565617,18778.849304601867,84.17061231804354,0,1,train
1653,Punjab,0,7,165533.41663339638,137706.50113078678,206.32469818427617,0,0,test
1654,Islamabad,1,4,110359.42112952517,95219.6855681694,124.95641826825103,1,0,test
1655,Punjab,0,5,9855.1827217259,8151.246200282068,54.06019097093222,1,1,train
1656,Sindh,0,3,5949.435968988143,3000,27.32322636745602,1,1,train
1657,Punjab,0,7,66380.70655293236,51926.09841830649,105.42526145888351,1,0,train
1658,Punjab,1,2,56912.47694182329,46554.13690325914,60.66881234385012,1,0,train
1659,Punjab,1,5,56600.64463883822,31685.08793954208,84.54607320992018,0,0,test
1660,Balochistan,0,3,54607.80918524813,31712.77834870992,46.613485427866024,0,0,test
1661,Punjab,1,7,31130.112434442253,30657.13703279897,94.89399003065736,0,1,train
1662,Balochistan,0,5,9775.739714790008,5000.832102983597,54.629282770662336,0,1,train
1663,Sindh,0,7,28749.63713548697,27840.882859332793,142.6164351966779,0,1,train
1664,Sindh,1,8,14817.913337215099,10615.822368780766,83.6226738290546,1,1,train
1665,Punjab,1,7,40386.728416159094,30533.22662013979,82.86763936974272,1,0,train
1666,Punjab,0,6,73198.85884215607,51063.29252449118,112.05385724820069,0,0,train
1667,Khyber Pakhtunkhwa,0,4,14985.99669062907,13642.569887236401,81.52266363240639,0,1,train
1668,Punjab,1,8,34839.990542843305,27910.090479207316,107.7980895679879,0,1,train
1669,Punjab,0,4,11077.304082900408,12031.389647917627,22.925581039763152,0,1,train
1670,Sindh,1,4,25832.738231125546,20957.702510535488,63.69612116523676,1,1,test
1671,Punjab,1,9,48591.40208260522,37430.40256858343,192.96773333923187,0,0,test
1672,Punjab,0,5,41903.49835371522,26127.89210992409,59.964111307944705,0,0,train
1673,Sindh,1,2,26680.697875160477,28411.94106809772,48.07257216764932,0,1,train
1674,Punjab,1,2,13944.038830533047,10772.396174152678,43.342564132838405,1,1,test
1675,Punjab,0,7,33408.94676131198,19906.53211826215,64.52613872849963,1,1,test
1676,Punjab,1,2,17695.26511885996,12456.43642570325,26.99122803501881,1,1,test
1677,Khyber Pakhtunkhwa,0,7,9639.772512380596,12629.08838464252,60.2410283386873,1,1,test
1678,Punjab,0,4,24043.183692384697,16777.64837346227,63.07522435344289,0,1,train
1679,Punjab,1,1,39693.52748401158,31817.431273021604,69.85849437502506,1,1,test
1680,Khyber Pakhtunkhwa,1,8,8963.308806314863,8745.784563249821,83.12957853488358,0,1,train
1681,Sindh,0,4,15134.177556702449,13909.007095084975,34.774266070456434,0,1,test
1682,Khyber Pakhtunkhwa,1,6,53755.49925523226,46181.97506417846,131.18137687366104,0,0,test
1683,Punjab,1,9,47550.00498469439,37158.77005598433,128.41014710923872,0,0,train
1684,Punjab,0,3,20742.888088636282,17490.622965121198,44.159918720443116,1,1,train
1685,Punjab,1,5,15052.75008174532,15051.416807964208,55.24679360373858,0,1,test
1686,Punjab,0,6,30278.016064906173,25889.395435932714,118.56026401240831,1,1,train
1687,Punjab,1,4,31364.655008784848,25302.642176621295,71.75653884998388,0,1,train
1688,Punjab,0,4,26994.186956175723,20707.920992180618,83.87805414139763,0,1,train
1689,Punjab,1,3,10892.259591821574,13777.093175973008,58.05438718438408,1,1,train
1690,Sindh,1,1,44598.28583831236,31518.677003180906,10,1,0,train
1691,Punjab,0,4,34432.521836312524,30266.731593949095,95.94319516034317,0,1,train
1692,Punjab,0,6,20881.755410939462,15561.799462495033,63.695478763823644,0,1,train
1693,Punjab,1,6,47296.67690611697,40693.54109096118,90.54132786834447,1,0,train
1694,Khyber Pakhtunkhwa,0,4,35013.837881261745,31443.985130482964,69.06012973800142,1,1,train
1695,Punjab,1,5,30393.03008751384,29307.704737401567,92.7148127102514,1,1,test
1696,Khyber Pakhtunkhwa,1,4,35471.378221831794,31174.875269391,35.20755999363764,1,1,test
1697,Khyber Pakhtunkhwa,1,6,15961.23278544146,11815.412535382316,121.85052677726387,1,1,train
1698,Punjab,0,3,11410.69926881189,14073.063011439212,10,0,1,train
1699,Sindh,1,4,51954.88046033882,51982.74056212958,68.85030418080046,0,0,train
1700,Punjab,0,2,19506.457202122303,18109.005475655737,35.45105223024519,1,1,test
1701,Punjab,0,4,58202.6855154556,42672.240259214654,159.1779793778456,1,0,train
1702,Punjab,1,3,31992.677200053713,28700.04306173726,40.5854893964209,1,1,test
1703,Sindh,0,3,9861.416831446779,7620.576230399622,76.97654166680299,1,1,train
1704,Punjab,0,2,70688.55629099492,49836.28601518363,55.17955566721624,1,0,train
1705,Punjab,0,6,97815.70501785426,81508.11945628791,139.36427029851367,0,0,test
1706,Sindh,0,4,41582.004320684166,42811.28973632383,33.68813678337871,0,0,train
1707,Punjab,1,8,41648.69220761188,37698.43391021899,81.73268464443234,1,0,test
1708,Punjab,0,5,12353.235543520592,9660.848934214659,121.4480816261437,0,1,train
1709,Sindh,0,4,58325.64939589321,32581.275443494673,47.75930065478938,0,0,train
1710,Khyber Pakhtunkhwa,0,9,10512.978545559772,10374.257452027032,136.31219748393127,0,1,test
1711,Punjab,0,7,8428.091995065604,15047.992576844328,104.96763475133748,0,1,test
1712,Khyber Pakhtunkhwa,1,4,9500.69284207211,15238.785788572946,61.416503495585914,0,1,train
1713,Khyber Pakhtunkhwa,1,5,34189.710701222364,23532.26685616112,78.94867286610389,0,1,train
1714,Khyber Pakhtunkhwa,1,4,51029.09637705097,43334.60053935366,47.02712424271218,0,0,train
1715,Punjab,0,4,18116.32200574975,17324.042070963602,93.7556117380503,0,1,train
1716,Punjab,0,2,34549.35638798957,26148.908550530028,52.810820810905824,0,1,test
1717,Khyber Pakhtunkhwa,0,6,21546.614978092766,19078.817802706504,10,0,1,test
1718,Punjab,0,12,12320.203718046032,8305.340734661535,138.18878006645147,0,1,train
1719,Punjab,1,2,88712.85592633308,71267.37645238909,62.80693396982413,1,0,train
1720,Khyber Pakhtunkhwa,1,2,20878.49126300871,17671.797261129635,38.18689408712719,1,1,train
1721,Sindh,0,3,26207.62448657335,22588.43557677504,97.42054729090893,1,1,train
1722,Sindh,0,4,12944.997212810433,10035.801371045301,24.628540688562875,0,1,test
1723,Sindh,1,8,51783.6600494952,38806.24706959905,107.22056015986911,1,0,train
1724,Punjab,0,2,3516.7165123327427,3000,28.590028333040983,0,1,train
1725,Sindh,0,6,19379.90119928816,8583.018658186811,48.88431667313749,0,1,train
1726,Punjab,0,9,101007.82804331972,84220.138323915,136.92943276065452,0,0,test
1727,Sindh,1,5,95931.59722550711,76617.06211760928,105.93539868486076,0,0,test
1728,Khyber Pakhtunkhwa,0,4,9168.844410823505,3973.067799929247,96.41374560341978,1,1,train
1729,Punjab,1,4,18956.06058141381,19893.251402646092,49.36208887264468,0,1,train
1730,Punjab,1,9,8604.615403397383,9675.019458418099,106.50861503116933,1,1,train
1731,Punjab,1,5,37413.449450007334,26936.278108879444,106.86149990649042,0,1,train
1732,Sindh,1,7,27798.80690254776,25677.271527714696,118.09876545062414,0,1,test
1733,Khyber Pakhtunkhwa,0,1,16343.86976524593,16478.08028986704,87.37443198342925,0,1,train
1734,Punjab,0,5,20075.025073844936,14856.598204192907,100.84319906180781,0,1,test
1735,Khyber Pakhtunkhwa,0,3,67257.85463284697,48097.27031655453,116.34295855330619,0,0,test
1736,Punjab,1,5,18498.65140693836,19159.217908407303,87.63629484018239,1,1,train
1737,Punjab,0,3,42173.782316510995,30590.859305027305,66.32683686020648,0,0,train
1738,Khyber Pakhtunkhwa,0,7,30131.166109300593,24143.635961430373,81.23885596274923,0,1,train
1739,Khyber Pakhtunkhwa,1,5,36120.32757163766,35684.039251131464,84.22666762533783,1,1,train
1740,Punjab,1,6,19808.201128329,13131.201138931936,28.41499197932837,0,1,train
1741,Sindh,0,6,24774.526593855742,23261.72679718961,55.59199798423447,0,1,train
1742,Punjab,0,7,16502.577193349473,16866.607640030186,120.87461740436906,0,1,train
1743,Punjab,0,2,65851.21274217567,51946.55895703402,82.97345381785203,1,0,train
1744,Punjab,1,8,7963.524780184704,3800.4563141971203,72.28038240448174,0,1,test
1745,Sindh,1,4,45092.91461997666,38050.91354298384,93.80439551242485,1,0,train
1746,Punjab,0,7,77603.05488923546,60243.39276951868,160.87736857283863,0,0,train
1747,Punjab,1,3,44188.3581539559,42403.33630974204,10,1,0,train
1748,Sindh,1,5,32251.273189670766,27503.896766056263,43.67696958717453,1,1,train
1749,Punjab,0,5,31135.59855215494,27920.440682897854,38.619253958844595,0,1,train
1750,Punjab,0,1,27495.41117747951,26550.12036877658,74.98927135906527,1,1,train
1751,Punjab,0,5,38399.92374424016,36818.64820067129,81.2482007103168,0,1,train
1752,Sindh,1,4,54018.448009482505,47062.38502978135,80.38292409909161,0,0,train
1753,Punjab,0,3,6861.745842272635,7105.447707370178,23.688365372909896,0,1,test
1754,Sindh,0,6,70623.64968179303,57863.09709387763,77.07880333565771,1,0,train
1755,Khyber Pakhtunkhwa,1,2,34056.36418744813,27691.89598440584,65.1268229960217,1,1,test
1756,Punjab,0,6,38583.27977690382,28431.49613702336,45.96790496724681,0,1,test
1757,Khyber Pakhtunkhwa,1,5,20104.406699128005,20777.668573306128,50.12051268193049,0,1,train
1758,Punjab,1,6,10884.658514608276,12378.962192097388,73.04446772194181,0,1,train
1759,Punjab,0,7,23707.26026426941,21953.172466124197,102.07648775186699,0,1,train
1760,Punjab,1,6,54536.99809204066,35314.54795136753,100.58691410753678,1,0,test
1761,Punjab,1,4,29814.532145165707,23917.38679464835,41.1232942903616,0,1,test
1762,Punjab,0,7,16770.790689105455,18383.309480897442,21.104190868796422,0,1,train
1763,Balochistan,0,9,38798.98986475323,34407.01179179271,113.8406634678777,0,1,train
1764,Punjab,1,3,81403.48865164112,66768.05459420868,125.88991196887224,0,0,train
1765,Balochistan,0,4,15296.893798564945,3879.6304206074983,81.77548141116482,1,1,train
1766,Khyber Pakhtunkhwa,1,7,55788.61303861939,38925.22651699021,106.25630074844508,1,0,test
1767,Punjab,1,3,21046.3682641343,14666.711313279062,107.41499522941058,0,1,train
1768,Punjab,0,5,40375.42852181532,30891.630931539858,73.24755864552671,1,0,train
1769,Punjab,1,3,85158.8596441781,55260.50732106931,51.231195141250154,1,0,test
1770,Khyber Pakhtunkhwa,0,1,18759.914625049576,14585.022238295787,34.1529589867613,0,1,train
1771,Islamabad,0,5,111021.63111633406,89460.86619292598,107.02618990796958,0,0,train
1772,Sindh,0,6,10453.395982139042,3000,84.93654302101967,0,1,test
1773,Sindh,1,5,21998.405971318774,19810.55933756465,73.63788513300213,1,1,test
1774,Sindh,1,5,18171.65048500982,15484.30543419741,30.186956304582736,1,1,train
1775,Sindh,0,7,22419.305779327227,19830.201266600157,64.45811744233053,0,1,train
1776,Punjab,0,7,58749.680876642764,47458.674947594125,69.22282788343745,1,0,train
1777,Punjab,0,6,10139.400956068732,7455.408100579198,83.80205705608552,1,1,test
1778,Punjab,0,11,66678.85903006112,51942.36007538721,120.84156885896947,0,0,train
1779,Khyber Pakhtunkhwa,1,4,129517.31082892348,111199.33410092676,156.25342254920167,1,0,test
1780,Punjab,0,6,14015.224500302475,8953.965309407253,115.29633230456156,1,1,train
1781,Punjab,0,8,30226.762293401887,19181.29561860623,125.61846633931944,0,1,train
1782,Punjab,0,4,67806.2799471477,53678.99121319203,136.95219806053186,1,0,test
1783,Khyber Pakhtunkhwa,0,7,24482.56437656934,22163.164632378357,126.20232123333332,1,1,train
1784,Punjab,0,4,27311.018953728268,25609.96425339536,71.47600534640581,0,1,test
1785,Punjab,0,4,26316.088041134153,17316.936229730065,84.45402165850513,1,1,train
1786,Punjab,0,4,10226.961036547753,4564.089826831964,51.86178005349431,0,1,test
1787,Sindh,1,3,11809.426440486191,15546.82678061092,78.41960790853035,1,1,test
1788,Sindh,1,4,13159.512989061797,14856.90551014067,50.39950940173957,0,1,train
1789,Punjab,1,7,16927.691341226953,12681.055522052206,59.618530620833255,0,1,train
1790,Punjab,0,3,23553.31820049594,19949.78759050778,50.64816460092214,0,1,train
1791,Sindh,1,6,24124.217414753817,17257.912538561013,45.28481609325446,0,1,test
1792,Sindh,0,5,46161.12156167659,39836.91647251657,19.990963872138593,1,0,train
1793,Khyber Pakhtunkhwa,0,6,33310.38514919627,29728.238594826045,97.58268738145354,1,1,test
1794,Sindh,1,10,22385.504006998875,17365.257856428485,91.78998111765739,1,1,test
1795,Punjab,0,5,32647.93879983281,29889.481651806727,13.33974271215478,1,1,test
1796,Punjab,1,5,22737.867476788022,14319.732394070188,38.86047614514866,1,1,train
1797,Khyber Pakhtunkhwa,1,9,14400.198809813433,11245.710061443648,98.82749941150131,0,1,train
1798,Punjab,0,2,15401.967590840222,13026.992184832372,31.71194062606973,1,1,train
1799,Islamabad,0,5,131805.35529746584,117319.79089566918,186.41907425270554,1,0,train
1800,Punjab,1,4,22444.137319610916,20401.037831758855,10,1,1,train
1801,Khyber Pakhtunkhwa,1,5,142629.08441466143,122204.07341568595,172.51629334682016,1,0,train
1802,Punjab,0,2,38499.073020413154,27801.850884799667,84.81037435922188,0,1,test
1803,Punjab,0,3,25436.251482865915,18524.5080843609,35.862752732578045,0,1,train
1804,Balochistan,0,9,24675.365205325525,22737.288390261936,143.71555379150482,0,1,train
1805,Punjab,0,4,35889.545476401414,34766.54937160165,104.1167228664844,0,1,train
1806,Sindh,0,4,50860.76970821966,32636.069663068334,69.24525371221847,0,0,train
1807,Punjab,1,5,207862.3225594886,167588.57350841237,251.72510989369516,1,0,test
1808,Punjab,1,2,25421.010865545264,18857.691678564035,78.42417576277224,0,1,test
1809,Balochistan,0,4,49966.926694416994,32915.163176464484,88.70783820900333,0,0,test
1810,Sindh,0,8,11687.15068688355,10312.416306058694,104.81095189642409,1,1,train
1811,Punjab,0,8,28567.785987281968,27277.130724104885,20.260912143676663,1,1,train
1812,Punjab,0,7,41929.38790653857,32271.52560492581,149.70900822174028,0,0,train
1813,Punjab,1,6,26386.43737190142,23452.605954199375,64.0355710672833,0,1,train
1814,Sindh,0,5,18583.796766504263,15275.755147957903,36.64924309009032,0,1,train
1815,Punjab,0,7,27361.43198225818,32262.41588287794,87.204949488283,0,1,train
1816,Punjab,1,1,61063.31234894402,46576.44069959052,21.69502612837035,1,0,test
1817,Sindh,1,1,15877.049178388992,13624.971673615737,44.69937867963796,0,1,train
1818,Punjab,0,4,61798.07980969748,45483.10611553,153.27534238166274,0,0,test
1819,Punjab,0,2,16489.907065616375,19801.867770925845,36.20451854526039,0,1,train
1820,Khyber Pakhtunkhwa,0,7,32017.219655077948,22041.502348018395,115.809595028706,1,1,test
1821,Sindh,1,1,30174.121571825784,26138.92868937347,10,0,1,train
1822,Khyber Pakhtunkhwa,0,3,51484.27380123746,38727.88899541374,131.59801425008484,1,0,train
1823,Sindh,0,6,16489.46279561984,16846.29198301203,75.60766992368882,0,1,train
1824,Punjab,0,3,35698.107494190706,33913.13513479807,31.340537068150937,0,1,test
1825,Khyber Pakhtunkhwa,0,9,17091.08959672923,13665.611392537858,95.86936474208677,0,1,train
1826,Punjab,0,5,19582.45007154074,16973.685017724023,60.31504287703142,1,1,test
1827,Sindh,0,1,8874.18003672713,6048.412084808683,14.292225941478849,0,1,train
1828,Punjab,0,1,9664.923881836725,3000,60.71922419916524,0,1,train
1829,Khyber Pakhtunkhwa,0,5,34853.88383613181,34557.308071448875,53.40796305970134,0,1,test
1830,Khyber Pakhtunkhwa,1,3,70589.15566551087,51658.53094889534,128.4945577545192,0,0,train
1831,Punjab,0,7,29007.778165820717,28181.28884417002,108.38609147782466,0,1,train
1832,Khyber Pakhtunkhwa,0,4,38558.825507839414,32345.23890806975,76.87080623278081,0,1,train
1833,Punjab,1,7,28712.85341171838,22141.76174660289,143.45435973297944,1,1,test
1834,Punjab,1,8,29805.640496659984,27739.81736421649,116.0269787872581,0,1,train
1835,Sindh,0,8,30936.240186036077,27260.52386543609,114.8082269044768,1,1,train
1836,Sindh,1,1,50248.41385292109,33276.44910149717,58.797636134995834,0,0,train
1837,Sindh,0,5,51015.76989631834,43764.71635198818,65.47838307041724,0,0,train
1838,Sindh,0,2,94311.59312478521,80859.03123596308,63.883928876632474,1,0,train
1839,Punjab,1,3,90688.72679130266,59847.728513848495,99.35439810065819,0,0,test
1840,Balochistan,0,3,25783.590826279407,25126.599425988967,116.67031542959843,0,1,train
1841,Khyber Pakhtunkhwa,1,6,30193.382498068924,29461.082782261732,99.5899203511242,0,1,train
1842,Sindh,0,7,20990.62032261681,14488.146644868142,61.04402915189752,1,1,train
1843,Punjab,0,4,22036.21719364751,16940.730503171486,62.965527313572125,0,1,train
1844,Balochistan,0,6,11972.919799063739,3383.5455793716374,94.30600679411569,1,1,test
1845,Punjab,0,2,66782.03935533702,38752.188039743225,82.32662187959633,0,0,train
1846,Sindh,0,3,85368.16047021709,63364.973621764526,120.8768096335952,0,0,train
1847,Sindh,1,5,29408.549024849097,29104.093229464812,110.12004184845306,1,1,train
1848,Sindh,1,6,67283.49791572217,58990.68780094938,132.833753298214,1,0,test
1849,Sindh,1,4,37591.693838757135,35715.598009685775,69.6658425346094,0,1,train
1850,Khyber Pakhtunkhwa,0,4,25311.057441000856,21488.267457076556,66.18179443906081,0,1,train
1851,Khyber Pakhtunkhwa,1,4,77650.22781843036,58395.8163378297,101.81943908809761,0,0,train
1852,Punjab,1,7,23187.914024867878,16274.187914404321,99.66006251666528,0,1,train
1853,Punjab,0,8,11011.875958674036,6036.317235194001,91.27309448493486,1,1,train
1854,Balochistan,1,3,40486.08026331004,37485.18112459668,32.527876805852884,1,0,test
1855,Punjab,0,1,18578.17165289566,13746.357646011886,10,0,1,train
1856,Sindh,0,5,39832.684429594796,34763.6761112416,73.33780184184482,0,1,train
1857,Punjab,0,6,12741.905377188954,11211.508195223078,68.76034875636182,0,1,train
1858,Khyber Pakhtunkhwa,0,4,15979.346479385322,11340.84339685845,44.52591851485228,0,1,train
1859,Khyber Pakhtunkhwa,0,13,10679.795693045055,8351.054252181084,173.85792444510744,1,1,train
1860,Sindh,1,9,45241.10101676785,35079.387793196656,109.34157293689046,1,0,train
1861,Sindh,1,6,37962.139230629284,29266.64593829038,120.76781086939172,0,1,train
1862,Khyber Pakhtunkhwa,0,5,35873.53862411922,36101.65246643529,117.560279688869,1,1,train
1863,Khyber Pakhtunkhwa,1,8,100797.08691029051,78307.67888172826,200.10600106652308,1,0,train
1864,Punjab,0,7,44815.75094433417,43339.039821293416,145.34913879936963,1,0,test
1865,Sindh,0,4,28609.367325909283,21497.263590157385,124.59692301662068,0,1,train
1866,Khyber Pakhtunkhwa,1,6,27071.938112086285,21685.347576670745,107.01669759361718,1,1,test
1867,Punjab,0,5,18592.322737636492,13680.546717063366,82.91084173497508,0,1,test
1868,Sindh,1,3,20283.609285646722,20394.281747240733,10,0,1,test
1869,Sindh,0,5,25949.156335116906,19980.969415655927,51.48364730309664,0,1,train
1870,Khyber Pakhtunkhwa,0,3,19756.901933652825,11520.206985947185,37.5899516229508,0,1,train
1871,Punjab,0,4,92537.28363304035,64307.09373058436,105.50731426472922,1,0,train
1872,Sindh,0,1,95257.24150339846,83757.20325069284,69.53775014241658,0,0,train
1873,Sindh,1,11,18123.098340462275,21347.710478977602,124.78386439523838,0,1,train
1874,Sindh,1,2,6133.461954760337,3000,10,0,1,train
1875,Khyber Pakhtunkhwa,0,2,15848.628679311621,10801.833310876991,51.07818202367564,0,1,test
1876,Punjab,1,2,21206.28658247012,16936.443832241246,24.1816966846687,0,1,train
1877,Punjab,0,3,54739.250344517335,30778.979616594836,87.69121234015672,0,0,train
1878,Punjab,0,6,20659.80289686355,13104.58883958378,23.103992830199807,1,1,train
1879,Punjab,1,4,17222.782760939343,16366.124413467796,44.718522172445404,1,1,train
1880,Punjab,0,3,52050.78062515785,45925.25766776739,96.72731260019033,1,0,train
1881,Punjab,1,5,46808.81988203571,42378.72966909799,86.19696455938593,0,0,train
1882,Khyber Pakhtunkhwa,0,7,21174.644132809954,17194.393504065618,10,1,1,test
1883,Punjab,0,9,25093.605032511554,23671.651841218416,116.30650484959173,0,1,test
1884,Punjab,0,4,17852.87176058917,15758.682082677933,64.56048924662697,0,1,test
1885,Khyber Pakhtunkhwa,0,7,21549.151396556797,17093.68064430513,55.19719800356851,0,1,train
1886,Sindh,0,3,50473.743380183914,25354.02734753034,53.02235223059897,1,0,train
1887,Punjab,1,4,18513.02576535645,14749.008649360192,89.03368083855977,1,1,train
1888,Punjab,0,4,62093.09061440424,40310.99413909973,122.99020635905819,1,0,train
1889,Punjab,1,3,49347.33798746211,39613.550138965045,84.56809862954469,1,0,train
1890,Khyber Pakhtunkhwa,0,5,13718.385091548249,11972.43268977251,22.896784424486626,0,1,train
1891,Sindh,0,4,49521.891711826276,40229.426250374665,113.51710933966294,0,0,test
1892,Khyber Pakhtunkhwa,1,2,40159.053498637324,29489.990584767074,102.29485293845747,1,0,test
1893,Punjab,0,5,10602.321145959642,12358.748571058388,88.46960153741334,0,1,test
1894,Punjab,0,8,30124.596148320958,30870.55155093835,158.12454809911685,0,1,test
1895,Punjab,0,6,34749.97639979042,31006.134375051945,113.87251958465777,1,1,test
1896,Punjab,0,7,9732.11454206171,7159.808621516595,43.269504897148934,0,1,train
1897,Khyber Pakhtunkhwa,0,4,36999.65808372351,32026.3583546168,38.66116913988905,0,1,train
1898,Punjab,0,3,7604.53954761009,5242.594181493507,58.705571407106916,0,1,test
1899,Punjab,0,1,30165.360591242905,28941.526454973155,10,0,1,train
1900,Punjab,1,5,10228.815705580671,10958.838840950704,18.501191278776602,0,1,train
1901,Khyber Pakhtunkhwa,1,2,6444.277248473114,3741.725943972286,29.03928010890651,1,1,train
1902,Khyber Pakhtunkhwa,1,1,33957.017492211795,31436.69680610711,10,0,1,train
1903,Balochistan,1,4,16317.756757943851,16389.84826930867,57.437178774939284,0,1,train
1904,Sindh,1,7,23183.809781838227,21522.364786056343,85.26507654562043,1,1,train
1905,Punjab,1,5,12479.474641464776,9763.391408823698,55.354501949617145,1,1,train
1906,Khyber Pakhtunkhwa,1,3,22234.05524186933,16257.189084675603,70.53177669723658,1,1,train
1907,Punjab,1,8,20434.997947955726,16063.317287792092,73.6670782252926,0,1,train
1908,Sindh,0,5,43148.039501521096,34265.50805083791,110.91311657191096,0,0,train
1909,Punjab,1,5,18949.694867044684,16099.331361369317,16.56913643080169,0,1,train
1910,Balochistan,1,4,18990.639146736616,18976.38877176672,73.20259756159112,0,1,train
1911,Sindh,1,7,28298.46522407386,19472.999700509004,103.79067754347554,1,1,test
1912,Punjab,1,4,17500.273106962883,18296.128459786658,70.1462804045689,0,1,train
1913,Khyber Pakhtunkhwa,0,7,14630.70675068766,15044.048009329728,119.1679662519613,0,1,train
1914,Punjab,1,4,30272.84429208617,30914.331956437596,86.69074180003182,0,1,test
1915,Khyber Pakhtunkhwa,1,7,31347.09942683185,25667.117086662012,93.09073643036696,0,1,train
1916,Punjab,1,3,24247.15787840812,23374.776820896244,64.71380721854948,0,1,train
1917,Khyber Pakhtunkhwa,0,6,19077.87896233211,17149.519626324065,97.44491597393852,0,1,test
1918,Khyber Pakhtunkhwa,0,4,31365.177889474722,21906.207319325717,77.64430323070837,1,1,test
1919,Khyber Pakhtunkhwa,0,4,45940.31786190658,35370.352735896384,130.32967988621914,0,0,test
1920,Punjab,1,5,34568.15841818514,27157.307315762675,46.47955654570163,1,1,train
1921,Khyber Pakhtunkhwa,0,4,17051.63737058192,18886.946573226178,76.59842293413101,0,1,train
1922,Khyber Pakhtunkhwa,0,4,51732.319503552455,42915.3492420405,92.99236935095524,0,0,train
1923,Sindh,1,6,26229.24055968372,27481.562439726982,149.11780841926273,1,1,test
1924,Punjab,0,6,6799.3511929777305,8456.04107647424,59.54041164727832,1,1,train
1925,Punjab,1,2,56919.266452387354,43069.08596391753,45.536372926233156,1,0,test
1926,Khyber Pakhtunkhwa,0,1,77040.30489200006,52521.51407629937,12.609994911185197,0,0,train
1927,Punjab,1,8,30956.249734997018,31368.79848200535,154.18112859859193,1,1,train
1928,Balochistan,0,4,105388.04447408655,72501.75143245251,77.95134881148807,0,0,train
1929,Sindh,0,7,33951.001655321445,29439.75568080466,68.2997687598646,0,1,train
1930,Punjab,0,1,34975.72710473529,30087.667887899268,38.622207960878434,0,1,train
1931,Balochistan,1,5,8889.705712800318,3000,45.01623638531164,1,1,test
1932,Punjab,0,7,34720.574748044164,39651.6419920087,54.747995156623574,0,1,train
1933,Balochistan,0,4,10122.113725907517,8022.163965999457,80.9693747168823,0,1,train
1934,Sindh,0,3,56442.81090157077,49222.52715341669,110.51967357434941,1,0,train
1935,Punjab,1,7,19640.047526647748,14953.307198896797,100.7618532418096,0,1,train
1936,Punjab,0,5,7789.907459724502,5897.938348753057,22.23097991625324,0,1,test
1937,Punjab,0,4,50895.28660542042,36097.67713791631,42.55312046141671,0,0,train
1938,Sindh,0,6,39749.462280726555,40301.463258042655,109.31844376130323,0,1,train
1939,Khyber Pakhtunkhwa,0,6,50871.4111669772,32983.09843074556,81.45260978142687,1,0,test
1940,Sindh,0,1,26935.538995238396,17048.244865632674,10,0,1,train
1941,Punjab,0,3,18026.46932343396,14404.25909003766,86.86102672940297,0,1,train
1942,Punjab,0,3,25930.575168176114,23104.008828063947,30.174532679120645,1,1,train
1943,Punjab,1,3,31822.476402142187,28885.20284163862,53.794891809852416,0,1,train
1944,Punjab,0,6,57529.742524349276,39059.37438436871,122.29326275497371,0,0,test
1945,Sindh,0,6,22826.124397812124,25710.51194274212,120.58283204646031,1,1,train
1946,Punjab,0,10,28967.452766083898,23742.25854891319,163.20410630970875,1,1,train
1947,Balochistan,1,6,33532.70330471875,36170.04357912342,97.12751906793778,1,1,test
1948,Punjab,0,7,12103.526653434255,12529.944024837136,45.507005357798874,0,1,train
1949,Balochistan,1,6,9547.881628036677,7866.5276832546215,66.63229178599921,0,1,train
1950,Punjab,0,2,6943.122483936071,4473.309642303644,29.276764439510416,1,1,test
1951,Sindh,1,4,89715.94318018481,71732.33378725938,60.44446814321552,1,0,train
1952,Sindh,0,5,22856.99525567875,15904.15078554249,10,0,1,train
1953,Sindh,1,4,87042.2166905003,69165.09162866257,135.18632176177067,0,0,test
1954,Khyber Pakhtunkhwa,0,7,22633.37670595046,18978.04010076483,85.95353195441837,0,1,train
1955,Sindh,0,8,84901.8972372416,57733.16014484044,168.68373272291097,1,0,train
1956,Punjab,0,1,47388.60173828622,38969.6143669212,44.22128836051512,0,0,train
1957,Punjab,1,5,31849.976927303796,27595.500830215293,54.114529119239066,1,1,train
1958,Sindh,1,8,43577.963702762645,32243.03762097906,87.67447544839077,1,0,train
1959,Punjab,1,6,68995.53184171738,50387.58957984221,197.8342089821386,1,0,train
1960,Punjab,1,2,47375.16734738115,36285.83200562835,53.31944863465506,0,0,test
1961,Sindh,1,3,15085.423244517942,14069.397030455086,25.462176065589663,1,1,train
1962,Punjab,0,3,19225.7412317366,14571.636691632968,10,0,1,train
1963,Punjab,0,1,67823.35385110196,62217.60401955761,61.34292210641165,1,0,test
1964,Sindh,0,3,15345.908158153987,12819.058958194224,10,1,1,train
1965,Khyber Pakhtunkhwa,0,7,24384.048795406252,25541.79860539889,118.8958155520705,1,1,train
1966,Punjab,1,4,22367.74093425923,23968.830739388934,84.19466709562558,0,1,train
1967,Punjab,1,4,17847.080234772344,16525.352697264316,36.23183185045927,1,1,train
1968,Sindh,1,3,32224.067581255014,33224.17981383401,86.82594955485831,1,1,train
1969,Punjab,1,6,12044.904239629945,11994.528175800333,67.96230818773059,1,1,test
1970,Punjab,0,4,13942.79105614033,13073.373586596315,10,1,1,train
1971,Khyber Pakhtunkhwa,0,7,15806.168703973268,10833.891073201425,105.33149766945276,0,1,test
1972,Punjab,1,4,48095.88644502151,34995.03986514501,115.3876359780408,1,0,test
1973,Sindh,0,4,21692.455677742175,20626.282336449982,86.07305674627806,0,1,train
1974,Punjab,1,4,73587.06413840705,69664.74185888992,96.05324408712983,0,0,train
1975,Islamabad,1,3,35968.41952014833,34145.11413315767,105.24265942040084,0,1,train
1976,Punjab,1,5,46638.91428913373,32601.255984433374,117.45163351670996,0,0,test
1977,Khyber Pakhtunkhwa,0,5,24379.03412564939,24086.293718730452,116.32198350020742,0,1,test
1978,Sindh,1,5,57385.00053048017,28203.272391509847,47.18281164674919,0,0,train
1979,Khyber Pakhtunkhwa,1,4,27787.533564815145,23705.712676828007,31.369583016988464,0,1,train
1980,Sindh,0,4,71189.63038070081,61423.88819557622,35.68580816161857,0,0,train
1981,Sindh,0,4,50596.56327446545,31186.422739306854,119.91093653356955,0,0,test
1982,Punjab,0,4,49838.71670246209,29507.4053497681,82.63600313750408,0,0,train
1983,Punjab,0,6,123672.7958363265,95720.68522459573,165.12040894393698,1,0,test
1984,Punjab,0,4,55536.28547862937,42376.445155731926,28.00898160378118,0,0,test
1985,Punjab,0,5,113844.12499897396,100054.10113365596,166.06729950563513,0,0,train
1986,Punjab,0,6,10553.715407858024,14682.219919918622,31.79761227883254,0,1,train
1987,Khyber Pakhtunkhwa,1,7,13104.348097976697,7328.199172532883,102.85811694633436,0,1,train
1988,Sindh,0,4,18412.92268500376,19120.912721540783,109.1746329961548,1,1,train
1989,Khyber Pakhtunkhwa,0,3,55936.53591234773,45961.61816678995,35.21330721910539,1,0,train
1990,Sindh,1,4,137145.67132019842,91339.8681335158,122.39478149068225,0,0,train
1991,Sindh,1,4,57884.604912751434,52029.295877476754,87.79355267000004,1,0,train
1992,Balochistan,0,6,59244.872341111804,40247.73124070577,72.33263426920803,0,0,test
1993,Punjab,0,10,24819.524092318108,16557.91213768673,126.77487963070163,0,1,test
1994,Sindh,0,2,16747.961144219087,15644.394169819385,26.710649000350195,0,1,train
1995,Balochistan,1,2,9687.441540303662,7743.705064467006,55.243587706251965,0,1,train
1996,Punjab,1,1,95751.05708251419,77110.18523153523,59.512188603881455,0,0,train
1997,Punjab,1,2,33502.511566036366,31582.975330166537,90.17443882977787,1,1,test
1998,Punjab,1,5,24290.434680204082,22048.68420233289,66.11471394216596,0,1,test
1999,Punjab,0,4,27287.583539760526,21038.85047950558,31.438597105262925,1,1,train
2000,Balochistan,1,9,52747.14609487789,51233.84184294995,138.44676299380308,1,0,train
2001,Balochistan,0,4,25629.596057488438,21847.717293177073,13.12812568554142,0,1,train
2002,Punjab,0,4,16624.25817715421,15664.357113687418,90.0706332041436,0,1,train
2003,Sindh,0,6,20911.912422384445,7845.477690892189,43.47329327590649,0,1,train
2004,Khyber Pakhtunkhwa,1,6,15945.980723176266,18832.006468329837,70.48170602083063,0,1,train
2005,Khyber Pakhtunkhwa,0,2,11043.20743410064,14587.52644021497,10,0,1,test
2006,Sindh,1,8,59179.01957082748,45789.796817535025,86.74950652337529,1,0,test
2007,Sindh,1,7,47517.579302218095,35877.28508399187,143.97741704332313,1,0,train
2008,Khyber Pakhtunkhwa,1,7,102918.65442598445,87925.83641265176,123.23220603662405,0,0,train
2009,Punjab,0,6,66968.3329560873,46132.40564613845,91.68905882450082,0,0,train
2010,Punjab,0,4,22852.690947824747,21285.85187882897,87.37686602225132,0,1,train
2011,Punjab,0,5,16891.228160136314,14209.986770717516,61.63410702350023,0,1,train
2012,Punjab,0,6,63159.86755618296,51623.60959034578,127.32356183562295,0,0,train
2013,Sindh,0,4,20013.22522312557,13934.524667339196,85.30949706756337,0,1,test
2014,Sindh,0,6,51776.29026232247,38308.51252934526,80.04292790808267,0,0,train
2015,Punjab,0,3,30926.524277427612,29993.03235042468,94.73154901606406,1,1,train
2016,Khyber Pakhtunkhwa,0,4,9711.814829650823,3751.4118314846755,45.95918699042595,0,1,train
2017,Punjab,1,5,26308.395369434133,24215.06174610095,85.88561453253087,1,1,train
2018,Sindh,0,6,64278.87039592763,52327.94573123814,100.80252952724864,0,0,test
2019,Khyber Pakhtunkhwa,0,10,109341.56985917348,95149.38040376986,153.2540693020995,1,0,train
2020,Balochistan,1,3,37340.43485537321,36057.6287455952,22.17832421734139,1,1,train
2021,Punjab,1,5,22265.90487662958,17042.577670538572,27.568164759541894,1,1,train
2022,Punjab,0,4,39823.71262735673,38921.77697241747,43.214871046041665,1,1,train
2023,Punjab,0,5,36160.33725584364,26345.81506888257,78.80515624577909,0,1,test
2024,Punjab,0,3,62562.99679102692,50289.0374134442,97.27141443739175,0,0,test
2025,Khyber Pakhtunkhwa,0,1,99854.14850705398,78762.2060885889,65.90246978386351,1,0,test
2026,Sindh,0,6,18728.364398278838,13791.005518946471,128.97058129686013,0,1,train
2027,Punjab,0,6,29833.22120746068,31958.221451848105,72.07818810189973,0,1,train
2028,Punjab,0,5,33430.616841724644,25051.098316695327,109.30962006398006,1,1,test
2029,Sindh,0,4,17377.79570488661,16334.999445871736,66.6209874084226,0,1,test
2030,Khyber Pakhtunkhwa,0,5,15048.464254306,9862.096892028596,72.1601631183488,1,1,train
2031,Punjab,1,5,41857.62919034264,33529.58456254695,126.60894728224241,1,0,train
2032,Punjab,0,8,14029.192662648597,9501.184252074234,69.37280630725638,0,1,test
2033,Punjab,1,5,9313.50203766342,6649.335589652659,54.8395685136371,0,1,train
2034,Punjab,1,5,13276.674481358783,8192.130925030375,29.21138663160171,1,1,test
2035,Punjab,0,4,31198.77314938922,28981.65615476651,59.50791393181018,0,1,test
2036,Punjab,0,6,72278.25392254844,45996.014509552646,91.73448361292789,0,0,train
2037,Punjab,1,8,28185.539439064887,26836.70205800543,69.68513674991952,1,1,train
2038,Punjab,0,6,32698.65730252923,30230.02219395494,106.41973768580743,0,1,train
2039,Punjab,1,8,41385.047357702424,36245.70992310877,102.589473824507,0,0,train
2040,Punjab,1,4,72770.1560933714,55913.221518553306,100.24765177208778,0,0,train
2041,Khyber Pakhtunkhwa,1,4,22822.909208643105,16717.046154280484,36.709294932751376,1,1,test
2042,Punjab,0,6,14094.72009539493,10569.236659263906,55.83213751469998,1,1,train
2043,Punjab,1,2,10483.07431007419,6200.301536976815,11.717068609741197,1,1,train
2044,Sindh,1,5,24352.337866224134,18296.33062427337,97.1189156012352,1,1,train
2045,Khyber Pakhtunkhwa,1,3,18138.433075321318,12199.538547281161,79.04071594081344,1,1,test
2046,Sindh,0,2,37429.30495948007,35124.206509253476,85.33023851387821,0,1,test
2047,Balochistan,0,10,40116.75304358144,34359.530510065386,153.16948480594212,0,0,test
2048,Punjab,0,9,46441.92251557682,35095.90392950181,153.5570400438269,0,0,test
2049,Punjab,1,2,28085.04105201044,22823.064058277952,25.460967658058717,0,1,train
2050,Punjab,0,5,18159.01111956593,16597.384388028757,49.00977559447713,0,1,train
2051,Sindh,1,5,7426.164442295986,7254.809598383828,10,0,1,train
2052,Sindh,1,2,47592.33105404506,37506.44787700601,34.069839588341125,0,0,test
2053,Punjab,1,3,26552.904836481714,24080.904092723307,63.2640754350855,0,1,train
2054,Khyber Pakhtunkhwa,1,7,40359.931947842,32904.38247539443,50.49068656750505,1,0,train
2055,Sindh,0,3,17731.730772227602,21962.750606997215,10,0,1,train
2056,Sindh,0,3,64532.72210020698,54470.99779641445,48.228938204117426,1,0,train
2057,Punjab,0,6,40776.5568142837,23704.13191807343,64.36868082788654,1,0,train
2058,Sindh,0,4,53714.15966059903,35018.85452181287,77.5896804542829,0,0,train
2059,Punjab,0,6,3547.568449252242,3000,43.43199031870732,1,1,test
2060,Sindh,0,2,69398.10205535786,43897.73563355712,21.395865480016028,0,0,test
2061,Sindh,0,5,41356.158743469874,24143.97982872036,87.6111875854624,1,0,test
2062,Punjab,1,7,32402.895527967674,26048.550405101643,60.989155932916844,0,1,train
2063,Punjab,0,8,24414.761013585266,19676.50693559651,19.229438577653937,0,1,test
2064,Sindh,0,7,57150.72094152956,52451.43948721197,145.76380535253188,0,0,train
2065,Sindh,1,6,48426.42902860831,40115.418172641264,105.37439075235366,0,0,train
2066,Khyber Pakhtunkhwa,0,3,127510.32587260957,87795.96258537867,122.82087380791272,0,0,test
2067,Punjab,0,5,14572.388266549993,11766.19457442875,53.95362058567411,0,1,train
2068,Punjab,0,4,27621.358894781533,24868.194324648175,10,0,1,test
2069,Punjab,1,9,16882.351072556594,13322.811543414677,64.86577735985969,1,1,train
2070,Khyber Pakhtunkhwa,1,5,31511.34092015836,20805.358375725646,58.48030600194239,0,1,test
2071,Punjab,0,9,17274.44092509572,12589.850011073151,171.0288176655698,1,1,train
2072,Sindh,1,11,22205.549659635533,20443.212287843144,118.31217735151229,0,1,train
2073,Balochistan,1,1,76208.2012855846,67009.56590687699,64.96547289880539,0,0,train
2074,Sindh,1,8,23419.452985944354,20242.888623374165,76.41920768512708,1,1,train
2075,Punjab,0,3,24854.27848389187,18024.34053879394,10,0,1,train
2076,Punjab,1,2,30401.53644977189,23769.030103617002,80.23386219256724,1,1,train
2077,Punjab,0,7,28917.364376074747,26089.251674573363,93.32675271392749,0,1,test
2078,Balochistan,0,4,8366.1613207811115,8702.631093603126,26.42227919697755,0,1,test
2079,Punjab,0,8,42752.90462062252,33703.1956010575,122.09222577109712,0,0,train
2080,Punjab,0,7,23731.339988619744,24113.547984954323,70.24406745844128,0,1,train
2081,Punjab,1,4,5606.498498914894,6851.253033211289,13.243864570711512,1,1,train
2082,Punjab,1,6,29592.942210217127,23773.115536723464,82.44220464742848,1,1,train
2083,Punjab,0,9,48996.54023899092,44075.67175585454,139.6490934589619,0,0,train
2084,Sindh,1,5,83535.35236467984,61493.47497463172,152.6971138573604,1,0,train
2085,Punjab,1,7,63740.77097121066,45594.05351304066,92.04641940281512,1,0,test
2086,Punjab,1,4,31321.793164030947,27996.46632784276,36.353719552249544,1,1,train
2087,Punjab,1,6,43636.52398632203,32502.59156244438,111.53687273102744,0,0,test
2088,Punjab,0,7,13365.49431966829,7957.721944132506,117.0984062380604,0,1,train
2089,Sindh,1,5,18698.261477627817,15371.153339163742,76.54225812605446,1,1,train
2090,Punjab,1,6,9869.411856640723,8356.701549484418,61.334386050477306,1,1,train
2091,Sindh,0,7,34768.02232317611,27976.212258748455,114.55407282608255,0,1,train
2092,Sindh,1,5,40849.03654165671,29955.884036761272,111.4069516717745,1,0,train
2093,Punjab,0,2,35388.02003913947,29524.05946353968,10,1,1,train
2094,Punjab,1,5,16902.455602987222,12647.11530387572,109.05648412333463,1,1,train
2095,Punjab,0,4,11482.764509532257,13145.994730029593,48.05077307246394,0,1,train
2096,Sindh,0,6,19074.04916761666,15197.169035428007,70.43989375618905,1,1,test
2097,Punjab,0,2,49511.44556375409,42303.9958380761,51.40856664662297,0,0,train
2098,Punjab,0,6,27399.171017460678,20817.66300702951,94.15026713777739,1,1,test
2099,Sindh,0,3,22256.183935783727,20469.419277212193,57.96238191680788,0,1,train
2100,Punjab,1,8,15346.115997847082,15080.2681307663,120.56350583668132,0,1,test
2101,Sindh,1,5,36279.50634681835,26034.228434727174,122.27325964366581,1,1,train
2102,Punjab,1,6,31086.643059323756,27946.33495430873,92.8353407457192,0,1,train
2103,Sindh,0,8,28837.609184035307,22877.48426903998,131.78096340584415,0,1,test
2104,Sindh,1,5,75829.6972683963,57442.816741258466,106.02372098266508,0,0,test
2105,Punjab,0,3,25520.842265136256,21416.532027263973,54.322469909789085,0,1,train
2106,Punjab,0,5,29027.09037398093,26270.3574544882,56.67024605224596,0,1,train
2107,Sindh,0,6,12735.747827676872,13819.803224605883,66.08077868336227,0,1,train
2108,Khyber Pakhtunkhwa,1,6,29079.01113297478,22405.4729731828,87.70862876808728,1,1,test
2109,Sindh,1,4,38878.761685677855,38922.91918451926,76.0497749091117,0,1,train
2110,Punjab,0,8,58996.99225107685,43136.82641687604,179.51033657642662,0,0,test
2111,Sindh,1,7,19514.49598011146,16184.050695674114,34.62436569552132,1,1,train
2112,Balochistan,0,6,19957.97160393693,14951.332081377881,65.60471089049274,0,1,train
2113,Sindh,1,6,183387.59417559765,160530.64071655576,287.6323291605201,0,0,train
2114,Islamabad,1,8,24889.741419349863,23305.524889313652,117.15520039400948,1,1,test
2115,Balochistan,1,5,19626.074174020298,14831.153264583809,10.988631632373767,0,1,test
2116,Sindh,1,3,25377.10745593742,23226.735043244345,74.45893147867231,0,1,train
2117,Punjab,1,3,31847.197879424944,27662.73694848496,19.307828427689216,0,1,test
2118,Punjab,0,4,21620.16518546475,12675.063347381923,119.64539226958541,0,1,train
2119,Khyber Pakhtunkhwa,0,6,34925.62817155157,30939.52317864288,74.17995709618742,1,1,test
2120,Punjab,0,8,19020.70571227683,16717.095951856598,136.28601232212984,0,1,train
2121,Punjab,1,7,56173.709078231615,44600.23007063824,56.66761092877383,1,0,train
2122,Punjab,0,3,31227.926920462716,23223.773115361884,80.07130354543561,0,1,train
2123,Punjab,1,1,13137.341482233385,3535.380822345537,10,1,1,train
2124,Khyber Pakhtunkhwa,0,5,14299.924080482706,15358.954159995174,101.16892631038036,0,1,test
2125,Punjab,0,2,26292.68024973822,23109.179843781345,15.700946085652458,0,1,test
2126,Khyber Pakhtunkhwa,0,5,12254.724967121836,9393.328451663785,48.00383609995279,0,1,test
2127,Punjab,1,4,34471.78880695675,30027.878161040866,44.04077396762398,1,1,train
2128,Punjab,0,5,23646.18818741185,21591.94386387824,73.619482309114,0,1,train
2129,Punjab,0,10,42371.50868871683,33947.8663151245,116.14599600507157,0,0,train
2130,Punjab,0,8,106679.03982158146,76316.44469743593,190.50248607652088,1,0,test
2131,Punjab,0,4,77658.66467045144,51541.20933367462,94.8997869301918,1,0,train
2132,Punjab,0,3,59159.261403722376,42356.08359170798,109.99228569754183,0,0,train
2133,Punjab,1,4,21681.858987584732,18300.78056689148,66.32689090071379,0,1,train
2134,Khyber Pakhtunkhwa,0,9,31868.43005196518,29776.909973794383,130.87043969903485,0,1,train
2135,Punjab,1,5,67798.36652083801,52414.89188314436,141.7694191432491,0,0,train
2136,Sindh,1,1,13035.811625720775,12400.121292111848,10,0,1,train
2137,Sindh,1,7,59261.45032630801,42811.31466297859,124.82205137509385,0,0,test
2138,Khyber Pakhtunkhwa,1,5,16163.110315674801,14533.521783216143,50.64631474764245,1,1,train
2139,Punjab,0,3,23137.87449931229,20425.74407440128,38.953810550703395,1,1,test
2140,Punjab,0,8,55920.1389141892,44321.95255873121,135.32942939358378,0,0,train
2141,Khyber Pakhtunkhwa,0,5,15327.78994140634,9496.921934923976,70.66960830043419,0,1,train
2142,Sindh,1,5,28822.264540374697,28195.7699339665,38.81796439912688,1,1,train
2143,Sindh,0,3,10433.22687287303,7405.233796074408,40.65156774695226,0,1,train
2144,Punjab,0,3,25050.22224196377,19937.14116292397,10,0,1,train
2145,Punjab,0,9,70576.67934938036,51734.493203894795,190.85416449480243,0,0,test
2146,Khyber Pakhtunkhwa,0,5,15423.865904214972,18013.12775710399,53.9299166871237,1,1,test
2147,Sindh,1,7,18666.8837488023,12232.392574333362,109.4975089023026,0,1,train
2148,Khyber Pakhtunkhwa,1,6,20469.350415153694,21882.576127439872,65.51476260027945,0,1,test
2149,Sindh,0,6,44475.33414513176,38467.08019939327,78.76700438240287,0,0,train
2150,Punjab,1,6,20392.350591539172,16015.199804069505,40.067738433461976,0,1,train
2151,Khyber Pakhtunkhwa,0,5,10839.180878050149,9138.352439347704,16.38183277800354,1,1,train
2152,Sindh,1,3,29922.122335637527,26809.239303596765,50.47311105537845,1,1,train
2153,Punjab,0,4,27750.633452773996,25365.830414629625,52.771967170282856,0,1,train
2154,Punjab,1,4,32505.161505613065,31420.335965135422,19.369790622876046,0,1,train
2155,Punjab,1,4,52749.44636493547,38253.20082198008,71.62300000312034,0,0,test
2156,Sindh,0,7,49917.98447695153,43184.03428401904,87.44010887439114,0,0,test
2157,Punjab,1,6,24530.29057625176,22234.399812046642,42.174660963419164,0,1,test
2158,Punjab,0,3,21204.174596009416,15378.388498755758,52.80894946711618,1,1,test
2159,Punjab,0,4,19118.33489372109,11370.347507434784,29.765279276550284,0,1,train
2160,Balochistan,0,5,22860.673123116612,14247.396917046584,84.64222329839231,0,1,train
2161,Sindh,0,6,55144.89996261134,42527.38699296064,149.1390116129379,0,0,test
2162,Balochistan,0,5,28081.53350162167,28966.8874932827,30.236642854814924,0,1,test
2163,Punjab,1,7,30430.298330233654,30796.217433415004,128.88460043785943,0,1,train
2164,Khyber Pakhtunkhwa,0,4,29760.971387805894,27918.483346964455,112.31986088881526,0,1,test
2165,Punjab,0,8,57625.908020921386,44566.76571523724,164.1048849835113,0,0,test
2166,Punjab,1,6,22763.414094661388,21843.896593886948,50.369945557874345,0,1,test
2167,Punjab,1,6,62166.90897501431,45068.158453748256,178.63339020318597,0,0,train
2168,Sindh,0,5,22368.656941294077,19760.74174825074,94.54191373023721,0,1,test
2169,Sindh,0,5,55481.45979836747,46539.03173398894,110.74653221916186,0,0,train
2170,Punjab,0,3,30079.080271172792,24191.803265299895,19.558810510789215,0,1,train
2171,Punjab,0,3,34322.38361850946,27986.012848131624,30.03380660589486,0,1,train
2172,Punjab,0,5,28774.470385276552,20688.387593618794,57.687474172676644,0,1,train
2173,Punjab,1,5,10227.29622576421,7268.043638858294,10.18117732570041,1,1,test
2174,Sindh,1,4,12192.3519273001,3000,52.2151124157372,1,1,train
2175,Punjab,1,3,10452.702125041395,11524.596809993296,61.74197221136106,1,1,train
2176,Punjab,1,7,27682.688008073095,25773.277852730316,63.61265425094209,0,1,test
2177,Punjab,0,8,31632.97725577014,29934.15692262133,127.73499230872748,1,1,train
2178,Punjab,0,1,10150.606309164108,10147.529348069991,10,1,1,train
2179,Khyber Pakhtunkhwa,1,5,32540.42915343794,30961.607952816732,65.12210223292365,1,1,test
2180,Punjab,0,4,17800.03661521904,20648.854374469272,39.85127501312657,0,1,train
2181,Punjab,0,5,34204.8022222014,25186.16601364512,37.46694299892502,1,1,test
2182,Khyber Pakhtunkhwa,1,5,29709.221463945683,29311.16594676823,107.1344274891895,1,1,train
2183,Punjab,1,9,15632.618853409864,11356.726705738294,66.16128312482704,0,1,test
2184,Khyber Pakhtunkhwa,0,8,13010.18573075337,14964.56994023488,136.15985293869295,0,1,train
2185,Punjab,1,9,15524.50723374909,16419.555205205605,29.343936929116452,0,1,test
2186,Sindh,1,2,34886.29353358249,30658.610933419015,30.774967184150736,0,1,train
2187,Punjab,0,4,16137.621501777146,17990.601470338614,10,0,1,train
2188,Punjab,1,7,37514.117822873544,35739.20543415375,102.08896058621347,1,1,test
2189,Sindh,0,5,39606.594081605916,35127.863570969814,96.98845612495573,0,1,train
2190,Khyber Pakhtunkhwa,0,7,18250.224703919095,17428.73820449719,52.635838169856385,0,1,train
2191,Sindh,1,7,39762.313913937774,29476.243385601887,108.0946496182166,0,1,train
2192,Punjab,0,3,25751.075200139763,21303.999480338753,28.87304129173023,0,1,train
2193,Khyber Pakhtunkhwa,1,4,8062.871207073521,5857.533007593364,103.4190402654803,1,1,train
2194,Balochistan,1,3,43751.14731484554,28410.51029012957,94.11177026597267,0,0,test
2195,Sindh,1,6,158503.26119751876,133798.55620863082,171.14417615703542,1,0,test
2196,Punjab,1,2,26455.404247677616,27659.933100431597,48.30825601633461,1,1,train
2197,Punjab,1,6,29601.381713757608,19145.233858743806,82.55441858041716,0,1,train
2198,Punjab,1,4,73491.27327167263,59952.79102382122,74.04758090036987,1,0,train
2199,Islamabad,1,1,47804.25218770224,39044.280535502185,44.92774742662542,1,0,train
2200,Punjab,0,4,15848.16031748075,7056.739561685195,59.86576897963751,0,1,train
2201,Punjab,0,5,79382.21306539314,57967.07229616461,97.31317665418435,1,0,train
2202,Sindh,0,4,52592.46213150807,41741.18191802837,65.44859218679332,0,0,train
2203,Punjab,0,2,72130.53229453837,57738.724389228984,52.9108932490103,1,0,train
2204,Punjab,0,7,94697.80702565383,80398.36830006319,133.2774017091682,1,0,train
2205,Punjab,1,8,52704.595657005724,33263.747382809124,152.90116670565726,1,0,train
2206,Sindh,0,1,63749.39973313974,43224.14583392181,100.91808009260691,0,0,train
2207,Punjab,1,7,58462.6246974868,37260.92502995631,195.0098895527883,0,0,train
2208,Punjab,0,9,89221.0402905844,63270.269445837555,147.83582368303928,1,0,train
2209,Sindh,1,5,41731.44138553074,29471.169779737927,129.85977078401046,0,0,train
2210,Punjab,0,3,43504.222044461254,30085.385551532152,53.26973238991137,0,0,train
2211,Sindh,0,6,11313.79936132605,8077.963171761148,39.25265411846972,0,1,train
2212,Punjab,0,4,47400.2655051081,43330.09615754447,76.99929181739671,1,0,train
2213,Punjab,0,3,61857.485128251836,46212.4225011966,68.44240673448294,0,0,train
2214,Sindh,0,3,6117.357461365794,7868.712380197607,91.22544713694074,0,1,test
2215,Punjab,0,4,25001.141141607244,19082.766380655616,71.84422335709989,0,1,test
2216,Punjab,1,5,84175.65050518393,57641.546225004866,67.27445345413675,0,0,test
2217,Khyber Pakhtunkhwa,1,4,22216.921010235474,23929.682729470896,37.400295748578074,0,1,train
2218,Punjab,0,5,8563.347724709756,6535.895496771506,84.97439829572858,1,1,train
2219,Khyber Pakhtunkhwa,1,5,41621.125353076044,34779.20275839585,92.44977783509349,0,0,train
2220,Sindh,0,8,56401.02352729522,45012.862539317524,142.45501222561052,0,0,train
2221,Punjab,0,4,24912.084170564878,22120.583698895727,77.60058859559194,0,1,test
2222,Sindh,1,3,15432.462453937704,12139.836464119286,60.012918405030064,0,1,train
2223,Sindh,1,7,24264.711377844615,21260.351030269445,78.86835129902713,0,1,test
2224,Punjab,1,4,20920.65692132051,19539.2961652153,91.60965962659695,0,1,train
2225,Sindh,1,4,29703.60731349582,20280.31669352613,15.453022372989473,1,1,train
2226,Punjab,1,4,24597.984248221957,20579.557862668295,10,1,1,train
2227,Khyber Pakhtunkhwa,1,8,57506.74753609661,50551.42335677743,65.79660129084118,0,0,train
2228,Punjab,1,4,30905.659616450856,28514.224208243446,83.53239853618864,1,1,train
2229,Sindh,1,5,45095.69469466368,34199.669672235585,125.7006668613265,0,0,train
2230,Punjab,1,7,17591.642297050013,12122.150519429968,81.23643812370045,1,1,train
2231,Punjab,1,4,96966.83026749907,68345.69098599612,110.29971774794585,0,0,train
2232,Khyber Pakhtunkhwa,1,5,39363.53477416203,36623.86604041447,99.57524531470528,0,1,train
2233,Khyber Pakhtunkhwa,1,5,34723.30768887725,30997.548561157902,66.0195671164601,0,1,train
2234,Sindh,0,5,25382.00918929954,20016.328765156253,98.92298692223474,0,1,train
2235,Punjab,1,4,76084.08401785567,58724.193931755806,104.32567216128562,0,0,train
2236,Balochistan,1,7,60313.48380725056,50121.61140293963,109.98201852586007,1,0,test
2237,Sindh,0,4,39912.59772267322,33774.7772187931,34.33448588169239,0,1,test
2238,Sindh,0,8,22540.05560305786,21864.182659524835,146.308936180643,1,1,train
2239,Balochistan,1,2,32656.89924621177,31134.769046528505,30.649369025500874,1,1,test
2240,Khyber Pakhtunkhwa,0,4,16667.386730316706,13386.497571283457,10,0,1,test
2241,Punjab,0,2,10515.702001384023,6616.227836684363,12.662912671177272,0,1,train
2242,Punjab,0,6,15952.567260299944,11498.293413084284,48.81766201934576,1,1,test
2243,Balochistan,0,3,97615.78414569322,84176.93092083132,44.42854993338032,0,0,test
2244,Punjab,0,9,33862.99882032161,28879.642240793226,141.8929846970709,1,1,train
2245,Khyber Pakhtunkhwa,1,5,57123.06982854876,41192.14085385851,108.23775785850279,0,0,train
2246,Punjab,0,7,19808.568655651,18698.16873103421,125.031513874443,0,1,test
2247,Punjab,0,8,34254.785858725896,23079.846018080123,85.76086578107818,0,1,train
2248,Punjab,1,5,77878.9404909711,50110.30936313142,85.86533208468343,1,0,train
2249,Punjab,1,4,14547.976016553459,9714.927435735586,10,1,1,train
2250,Sindh,1,7,34044.157136605965,32628.335246907012,146.2329130572096,0,1,train
2251,Punjab,1,5,53605.478268709005,41078.47279047849,123.17871681769603,1,0,test
2252,Punjab,1,4,16948.655958377887,13658.936624960214,34.3752106687738,0,1,train
2253,Punjab,0,4,67269.92057171486,45874.44453366002,53.15588889015605,0,0,test
2254,Khyber Pakhtunkhwa,0,7,28958.72507226746,32226.252772759683,84.85761965630071,0,1,train
2255,Sindh,0,6,34970.610937703415,32006.47626690009,116.10893979240026,0,1,train
2256,Punjab,0,3,9365.947183735436,11968.306491136287,55.99860769849832,0,1,test
2257,Punjab,1,6,19540.4847017583,22788.966774362314,107.95176685701787,0,1,train
2258,Sindh,0,9,32012.146825774493,26983.398408624507,75.88467102154075,0,1,test
2259,Punjab,1,7,15836.409162887774,12993.634834479628,138.44026481125056,1,1,train
2260,Sindh,0,5,42164.62954168151,29057.761202405887,125.09961835386387,0,0,test
2261,Punjab,0,4,49072.21204546546,36116.02703187576,73.75570439028363,0,0,test
2262,Khyber Pakhtunkhwa,0,7,9229.396067247168,4336.137951105626,91.76620374961317,0,1,test
2263,Punjab,0,8,21855.954120636212,17589.588785485186,119.65036420342503,0,1,train
2264,Sindh,1,6,27969.996400719843,27616.383616859886,22.975428608694237,1,1,train
2265,Sindh,0,3,42843.10383537185,30499.58280701128,67.27997099479484,0,0,train
2266,Sindh,0,8,25198.932276130534,20544.333875372122,104.40643742664383,0,1,test
2267,Balochistan,0,7,28838.251679500947,26537.92238762192,90.79104377646873,1,1,test
2268,Punjab,1,5,14132.226093906476,11389.049239465628,94.94878204524841,1,1,train
2269,Punjab,0,5,58382.33188880115,41065.595007679294,57.72722654516618,0,0,train
2270,Khyber Pakhtunkhwa,0,7,13174.963044071785,6355.373751003343,98.02607180147746,1,1,train
2271,Punjab,1,8,30751.38645725438,30839.669336968145,76.95279246194005,1,1,train
2272,Punjab,1,7,21392.764377506435,19447.763135538622,117.31833008202207,1,1,train
2273,Khyber Pakhtunkhwa,0,4,20623.028424988443,14692.640454466284,62.6267204663512,0,1,test
2274,Punjab,1,7,22366.240925063965,16445.011430034603,10,0,1,train
2275,Sindh,0,3,35114.768529481844,38011.706676884845,97.15827374273485,0,1,train
2276,Sindh,0,1,28822.102970395346,30436.863459108532,32.14324715790088,0,1,train
2277,Sindh,1,4,32533.827733769784,28571.51884168879,54.64628230273805,1,1,train
2278,Sindh,0,1,17828.102838025792,15714.060094256807,10,0,1,test
2279,Sindh,0,8,24162.078032432575,20383.449043799057,107.54489121584758,0,1,train
2280,Sindh,1,7,12629.387242425597,7236.130103866239,63.01065342184533,0,1,train
2281,Punjab,0,7,86109.10704485218,62883.57541033602,126.15891822595891,0,0,train
2282,Sindh,1,7,21360.37732051814,18912.908373410577,67.97158717713265,1,1,train
2283,Khyber Pakhtunkhwa,0,4,21187.742132839416,20576.783399563967,88.8149331757354,1,1,train
2284,Sindh,1,6,30826.406285674817,28199.528663383408,93.005327065921,0,1,test
2285,Sindh,1,7,25967.48027961512,25378.42938613049,144.75226729716724,1,1,train
2286,Balochistan,0,6,70278.00455655507,60649.88378156168,187.70295013524236,0,0,train
2287,Khyber Pakhtunkhwa,0,7,59064.40354478384,48536.89475126441,134.3914160238143,0,0,train
2288,Balochistan,1,5,10334.894992782001,8536.466905233961,57.08757323124593,1,1,train
2289,Punjab,0,4,20126.36963539203,19048.527371173983,10,0,1,train
2290,Sindh,1,5,36229.478506614636,31669.70252566543,63.79084831696165,0,1,train
2291,Punjab,0,3,38099.684437677555,32123.703596834428,85.0152339917844,1,1,train
2292,Punjab,1,3,33180.56415362013,27025.01930222212,73.4372896662942,0,1,train
2293,Punjab,0,4,55507.14580978811,45781.83036025437,116.82800674081503,0,0,train
2294,Punjab,0,6,41206.27598167106,32714.168722795945,78.4545106949086,1,0,test
2295,Punjab,1,7,58407.29504728462,53546.623038369624,122.90246835260777,0,0,train
2296,Khyber Pakhtunkhwa,0,7,29938.203885145722,25905.27610631501,110.74681540895745,1,1,train
2297,Balochistan,0,6,62837.856365532265,52786.871820535016,78.18549977772213,0,0,train
2298,Punjab,1,11,28932.301270649255,24506.748839704996,135.59706190097845,1,1,train
2299,Punjab,0,9,26705.138062795508,16910.677731429663,98.63671843882187,0,1,train
2300,Punjab,0,5,20908.528644216938,11634.866964777524,76.83049165950675,0,1,test
2301,Punjab,0,3,17338.22980622273,11966.409775763896,37.226955201646646,0,1,train
2302,Khyber Pakhtunkhwa,0,3,53294.404894588304,44988.722066508875,44.9786061776289,1,0,test
2303,Khyber Pakhtunkhwa,1,6,16889.152322088215,12330.139177501665,29.730942534150365,0,1,train
2304,Punjab,1,4,25975.316525905382,19268.36443687171,68.61366936693422,1,1,train
2305,Sindh,0,6,28010.007681380615,15845.233139925862,93.51539661220431,0,1,train
2306,Sindh,1,6,41003.79664359331,34858.41153151526,105.83298837023784,1,0,train
2307,Sindh,0,7,16319.49984633241,20894.170094319234,53.70146168755741,0,1,train
2308,Balochistan,0,5,49392.29407476454,41136.456672467975,100.59812986375246,1,0,train
2309,Islamabad,0,4,36793.20950816905,32595.41756002818,19.02958128326339,0,1,train
2310,Balochistan,0,5,37870.7470242203,35053.269486375495,68.94309163861233,0,1,train
2311,Sindh,0,7,13311.432290994218,7283.042938046588,54.390335278780924,0,1,train
2312,Khyber Pakhtunkhwa,0,5,19770.71480193918,17949.502729360553,66.2544534125116,0,1,test
2313,Balochistan,1,4,42028.320667736734,34864.23849095322,84.23553309375565,0,0,train
2314,Balochistan,0,4,43908.383306992706,33819.45570784152,74.96098436221293,1,0,train
2315,Sindh,0,4,25640.7033897594,25633.660647218512,72.91015377481727,0,1,train
2316,Punjab,0,6,28332.578301698337,24621.95121094621,89.96777157342112,0,1,train
2317,Punjab,0,8,54324.40179063331,47897.675093388156,95.89708306811758,0,0,test
2318,Punjab,0,6,33400.93990537961,31170.342580537086,76.9814091975951,0,1,train
2319,Punjab,1,6,28112.85157267115,24879.08878609828,94.32264586687758,1,1,test
2320,Balochistan,0,7,76949.22282770133,64616.778426271645,83.60541748441625,1,0,test
2321,Sindh,1,5,46466.82029994498,33054.13517527101,75.45480293081218,1,0,test
2322,Khyber Pakhtunkhwa,0,3,39187.72012890213,38845.530146826444,30.10751829792583,0,1,train
2323,Punjab,1,6,22194.254466408103,23679.406778044016,97.9996495139827,0,1,train
2324,Khyber Pakhtunkhwa,0,9,26402.013973293422,23812.14700936311,107.13682553309762,0,1,test
2325,Punjab,0,8,13465.805739575771,10482.476250333872,67.97623847264518,0,1,train
2326,Khyber Pakhtunkhwa,0,4,49745.3372758216,29332.233080665537,98.46601347345461,1,0,train
2327,Balochistan,0,5,13751.2822348061,18566.26100471612,44.347567305729235,0,1,train
2328,Sindh,1,7,22505.37634767299,19132.345252901603,85.09086474727987,0,1,test
2329,Sindh,1,3,106220.32211801263,92020.97246230014,106.1779530436705,1,0,train
2330,Balochistan,1,3,12540.98963012872,9357.90769840754,10,1,1,test
2331,Punjab,0,5,39648.09219212525,32807.05949543439,80.33278338877108,1,1,test
2332,Punjab,1,5,36525.393881492884,42888.00670097321,67.87113531147378,1,1,train
2333,Punjab,0,2,7336.619806944471,7837.977670800996,46.057684024122295,0,1,test
2334,Punjab,1,4,32746.16651983776,28495.274487435556,69.80150676776682,1,1,test
2335,Punjab,1,1,26846.377685422874,18184.978939997505,29.20694427332806,1,1,train
2336,Punjab,0,6,22543.886233133075,12575.333427326479,57.08351490075084,0,1,test
2337,Punjab,0,4,28254.428512982107,30301.29483256154,107.89763770313994,0,1,train
2338,Punjab,0,1,17855.09492756948,13378.124950218145,13.08088683297353,0,1,train
2339,Sindh,0,7,35536.07381088743,33211.214007885224,47.58946195991621,0,1,train
2340,Punjab,0,7,18970.58122905283,16666.798243887468,110.08029682295864,1,1,train
2341,Sindh,0,7,29652.013221276135,26589.072797702807,95.50965392502506,1,1,train
2342,Balochistan,1,2,28715.26860386703,25146.561162043323,106.17978331169223,0,1,test
2343,Punjab,0,3,41832.464316939295,31943.290362715215,54.59475229718643,0,0,train
2344,Punjab,0,3,16490.64182025604,18858.03010176709,79.94428298521031,0,1,train
2345,Sindh,0,4,8737.181155321794,9221.205324762526,22.61145721426107,0,1,train
2346,Sindh,0,8,4587.531689778373,5297.653335834052,48.82615973841804,0,1,train
2347,Punjab,0,1,17771.4321116202,16643.88719307711,61.99501962275067,0,1,test
2348,Balochistan,0,4,25560.931575753275,28160.42755718576,61.798583815759464,0,1,train
2349,Punjab,1,4,22363.337555051472,14997.04016799197,10,1,1,test
2350,Punjab,1,8,20319.382553608073,17272.706434404645,78.70440675425445,0,1,test
2351,Sindh,0,6,7803.516786173484,7279.015701821048,52.04132203045145,0,1,test
2352,Khyber Pakhtunkhwa,0,5,8623.937040091729,12393.741262740361,88.87358641451091,0,1,train
2353,Sindh,1,7,20490.942666676485,15891.295663491373,98.62099114274626,1,1,train
2354,Punjab,1,9,14155.814505240143,8426.780149084361,62.37419683320362,1,1,test
2355,Balochistan,1,3,9123.642144718022,6461.96321682654,10,1,1,train
2356,Khyber Pakhtunkhwa,0,6,15991.956713214384,16337.465425229253,89.6440288494946,0,1,train
2357,Punjab,0,10,69830.41345938682,44118.41486991303,191.46139482347368,0,0,train
2358,Khyber Pakhtunkhwa,1,3,33856.898726538675,23043.336500383954,68.29987475636986,0,1,test
2359,Khyber Pakhtunkhwa,0,4,18513.80552152632,16595.44023691163,10,0,1,train
2360,Sindh,1,7,12965.888232905749,10154.718915714215,103.37738503964336,0,1,train
2361,Sindh,1,7,29478.0949616771,24543.01252564254,123.12665227683722,0,1,train
2362,Punjab,0,2,29340.998090344347,29265.168341019322,33.43233540462926,1,1,test
2363,Punjab,1,10,10309.755542473798,6301.6760292363015,146.3006011895693,1,1,train
2364,Punjab,0,7,35646.41271498482,29872.83354095658,125.18476035336819,0,1,train
2365,Punjab,1,6,13694.425598331869,11668.895068779611,10,1,1,test
2366,Punjab,0,4,52917.10783642275,36888.68508703591,79.562638529845,1,0,train
2367,Punjab,0,4,78164.64394380583,65425.745997291895,85.55102273255527,1,0,train
2368,Punjab,0,2,61793.15612948785,43402.2406235282,10,0,0,test
2369,Punjab,0,2,12934.39385493478,10225.31224207265,13.499357613477315,0,1,test
2370,Khyber Pakhtunkhwa,1,3,33896.234125228344,32464.031234500413,85.10272523948107,0,1,train
2371,Punjab,0,3,55900.37570835907,43082.38898196347,71.01232735212473,0,0,train
2372,Punjab,0,6,48195.7885965679,37456.21783164289,105.19544268767761,1,0,test
2373,Punjab,1,2,13157.464925041417,11525.923854821542,30.725290778616024,1,1,test
2374,Punjab,1,2,10270.590048200082,7855.3245802320425,73.65436069240909,0,1,train
2375,Punjab,1,4,12204.847394230974,8008.088988974129,64.34965044487025,1,1,train
2376,Punjab,0,7,22881.115783946512,24481.399406364428,93.6350395758153,0,1,train
2377,Punjab,1,4,14012.28987252571,11763.06681054095,61.72100729417156,1,1,train
2378,Punjab,0,5,28562.451962938405,25438.137005474207,71.78716867005913,0,1,train
2379,Punjab,1,10,64689.06164902454,40264.997841792036,162.42288747998205,0,0,train
2380,Punjab,1,3,15114.03232650639,18999.845738718333,13.968461101803616,0,1,train
2381,Sindh,1,6,12081.851919521565,15187.50722372579,78.79656039211243,1,1,train
2382,Khyber Pakhtunkhwa,0,3,75780.36915772595,68528.24756037729,71.37312402710351,1,0,train
2383,Sindh,0,6,11887.016230966281,5514.071668352133,35.28250732848611,1,1,test
2384,Sindh,1,3,20372.158060350484,18773.19739169053,73.85977359371341,1,1,test
2385,Khyber Pakhtunkhwa,1,4,40378.64281494492,36097.30191411513,75.16290380311136,1,0,test
2386,Khyber Pakhtunkhwa,0,5,18644.340903224933,8154.567858756829,57.56951593066942,0,1,test
2387,Sindh,0,7,11037.540632568931,8462.715532280952,72.98911202688657,0,1,train
2388,Punjab,1,5,47788.60473370158,39141.10826279026,31.825019522930162,1,0,test
2389,Sindh,1,1,36036.09358941303,27278.0853637359,66.0446518363644,1,1,train
2390,Khyber Pakhtunkhwa,1,4,33207.99403545618,28058.89505946262,61.70572827253983,0,1,train
2391,Khyber Pakhtunkhwa,1,5,24935.950372843326,25127.077304323884,132.1166720012677,0,1,train
2392,Punjab,0,10,12110.290670747454,6986.8131230297495,41.193421121772204,0,1,train
2393,Punjab,0,2,23733.461443516288,21738.765112137058,52.61287548248412,0,1,test
2394,Sindh,0,2,12658.950660137409,9020.127597744835,10,0,1,train
2395,Punjab,1,2,57070.171178643235,49178.13910543267,79.11187978878645,0,0,train
2396,Sindh,0,6,6974.4119122738275,8738.870757084347,66.7271765093827,0,1,train
2397,Sindh,0,7,91359.72139977399,54927.89083831459,125.53262931322425,1,0,train
2398,Khyber Pakhtunkhwa,0,2,24922.1447545032,20038.14968631199,41.225744971621076,0,1,train
2399,Sindh,0,3,71784.59331541475,63634.41723330108,88.68893368426895,0,0,train
2400,Khyber Pakhtunkhwa,0,5,19975.8643771081,15717.178010872545,78.9696025659663,0,1,train
2401,Punjab,0,4,21020.21118442266,17257.072258119508,51.381541261876805,1,1,train
2402,Punjab,0,3,25436.25098632983,24514.924590354465,53.84566966416002,0,1,train
2403,Punjab,0,4,47059.43463204715,45082.697365912754,112.92375458973655,0,0,train
2404,Sindh,1,8,54633.20539498551,38719.65631175236,142.29900536330751,1,0,test
2405,Sindh,0,5,15371.816959500775,11325.428715078067,10,0,1,test
2406,Balochistan,0,6,24626.928519251866,25291.253191893335,53.912018327324674,1,1,test
2407,Sindh,0,10,61711.18881787967,42885.18542758041,177.6101303876233,0,0,test
2408,Punjab,1,5,25759.147690592446,26128.561223165696,78.94309185770291,0,1,train
2409,Khyber Pakhtunkhwa,0,6,64658.09586580214,46170.93212118132,78.4016416052782,0,0,train
2410,Sindh,0,5,21965.09165587663,14653.788007700405,101.37014132845647,0,1,train
2411,Khyber Pakhtunkhwa,0,4,26788.542859101814,23589.75851538687,98.69464561044974,0,1,train
2412,Sindh,1,4,40389.87333183881,32443.483214384185,95.71251343481048,0,0,test
2413,Punjab,0,4,13620.24206362469,7419.288820011627,11.19214359817066,0,1,test
2414,Punjab,0,6,53355.53397413984,41031.41147715172,139.55079128695456,1,0,train
2415,Balochistan,0,7,24041.020394543582,23861.044655458747,65.23724290943568,1,1,train
2416,Sindh,1,7,58667.16604436087,55107.697442901816,184.5955853648622,0,0,train
2417,Sindh,0,2,29318.80801992497,20654.673469571033,18.020785524190064,0,1,train
2418,Khyber Pakhtunkhwa,1,3,66916.71783676653,58373.60819469349,74.53371972048289,1,0,train
2419,Punjab,1,5,37127.864059000196,29624.754304854123,80.22334744272571,0,1,train
2420,Punjab,0,3,17709.802870507912,14027.972471968358,48.76735414357646,0,1,train
2421,Punjab,1,7,26441.070987864357,29063.8952086712,69.4758444098088,0,1,test
2422,Sindh,1,6,43753.85953841848,30028.782487374898,109.39227009009932,0,0,test
2423,Khyber Pakhtunkhwa,0,3,6391.139328190762,10366.573051936397,14.49621177863959,0,1,test
2424,Sindh,0,4,52577.46954159903,42681.977671735774,81.41840375682483,0,0,test
2425,Sindh,1,4,79496.53424642094,56736.23180005478,100.15255692480191,1,0,train
2426,Punjab,0,4,35413.62115778619,32775.14772912624,71.79377371765868,0,1,train
2427,Khyber Pakhtunkhwa,1,5,120476.70027655973,102953.39827999532,171.85984457558416,1,0,test
2428,Khyber Pakhtunkhwa,0,5,33107.97139019321,31621.472906591458,72.53376558595073,0,1,train
2429,Punjab,0,1,128672.71239555073,103224.36751100144,73.29017260179666,1,0,train
2430,Punjab,0,6,27374.125503843912,21322.106065920587,90.0929998980032,0,1,test
2431,Punjab,0,7,13333.859661894869,11574.816681946542,45.65033698405114,0,1,train
2432,Balochistan,0,2,31871.971727488388,29052.507663165576,10,0,1,test
2433,Balochistan,1,6,26676.982864476606,25079.88237813426,95.21773612365814,0,1,train
2434,Punjab,1,6,17930.239248649763,19135.33452050463,107.86666460808922,0,1,train
2435,Punjab,1,1,59886.75601501967,44846.553204782445,106.74736677871405,1,0,test
2436,Punjab,1,3,20487.682432445836,21520.437431124163,28.524969931222078,1,1,test
2437,Sindh,0,2,10833.125568313368,10287.462373377035,30.404504557900413,0,1,test
2438,Khyber Pakhtunkhwa,1,5,10958.645465863778,8795.745315862428,81.14047273258325,0,1,test
2439,Sindh,1,4,45497.97238075895,36738.36541496182,154.92212229287753,1,0,test
2440,Punjab,0,5,37713.863416400454,37306.43038434622,107.80631070698973,0,1,train
2441,Sindh,0,4,198997.61347600762,128891.51151674592,138.80376623022218,1,0,test
2442,Balochistan,0,9,63889.800047020704,56006.651892982176,181.07384696873373,1,0,train
2443,Sindh,0,3,26675.979322125957,18734.871889238224,57.640710158671794,1,1,train
2444,Punjab,1,5,61427.94504917003,46033.06762183093,143.67997106954704,1,0,train
2445,Punjab,0,2,32335.30452105048,28669.337862725148,50.56623241392225,0,1,train
2446,Punjab,0,5,26776.060311669742,24469.18129462823,123.84387031343324,0,1,train
2447,Khyber Pakhtunkhwa,1,8,11989.521099395122,14514.220112028475,88.9114655699522,0,1,train
2448,Punjab,1,7,36680.334132072916,31137.150080250096,135.6852726508373,0,1,train
2449,Punjab,1,5,43113.92396211943,31853.868191137506,104.46098955443301,1,0,test
2450,Punjab,1,7,31936.22626094355,25578.31920021913,166.91104381648466,1,1,train
2451,Punjab,1,8,88126.03764373575,56915.36759889506,135.3830421138616,0,0,train
2452,Sindh,1,6,61576.65848963699,46076.40766000891,106.27534732110409,1,0,train
2453,Punjab,0,3,56279.06194398864,45295.73585400422,10,0,0,train
2454,Punjab,0,10,31122.288522611867,28178.101093578898,173.3880607593304,0,1,train
2455,Sindh,1,4,39341.520996205385,31693.188193906448,66.22903600636617,0,1,train
2456,Punjab,0,1,6144.430111813904,4307.415721886003,84.09847788137566,0,1,test
2457,Sindh,1,6,46654.840156301354,26551.08844394694,78.29369583209461,1,0,test
2458,Sindh,0,8,24059.2648331365,23721.614854912932,138.73858389036994,1,1,train
2459,Sindh,1,6,39846.12490568758,31238.552461715444,99.46540888059413,0,1,train
2460,Sindh,1,4,33307.67316956648,35892.09274663378,114.65543978023663,1,1,test
2461,Punjab,0,6,35064.08473436577,30006.729781719892,89.78689313601438,0,1,train
2462,Sindh,0,2,18795.932638278184,13999.281349955341,70.7548248868216,0,1,test
2463,Punjab,0,5,41478.87048260817,40259.80513763305,112.17449266653553,0,0,train
2464,Punjab,1,7,32987.08284102722,27656.186599524644,115.01747664202094,0,1,test
2465,Sindh,1,4,17808.886686364447,15634.52095645202,90.0250779461527,0,1,train
2466,Punjab,1,3,39763.08511615445,31204.343554750085,46.78321259608987,1,1,test
2467,Khyber Pakhtunkhwa,0,4,51600.8833700992,45180.66407244153,74.13386207032158,0,0,train
2468,Punjab,1,3,18782.00337043658,16791.77636872058,13.421457318855182,0,1,train
2469,Punjab,0,5,94448.28127619429,86120.69693299323,157.20161857939286,0,0,train
2470,Khyber Pakhtunkhwa,0,6,27846.447732008153,24939.869400862524,79.57407341533198,0,1,train
2471,Balochistan,0,4,18673.005437643693,16794.37223547238,27.722916925213465,0,1,train
2472,Sindh,0,5,27329.76138359789,25383.243443650445,38.0220061211647,1,1,test
2473,Punjab,1,6,14428.62366666107,12558.45665296746,53.58248472174316,1,1,train
2474,Khyber Pakhtunkhwa,1,4,43369.679196623205,30231.72010751103,104.98277083764376,1,0,train
2475,Punjab,0,1,8895.911057484074,8164.0778496765715,29.512426430240765,0,1,test
2476,Punjab,1,7,14333.47562561382,13163.009560952109,102.31821133150187,1,1,test
2477,Sindh,0,3,19694.313202327452,23815.225112905235,63.87623833435542,1,1,train
2478,Punjab,0,5,19868.524906184757,13811.311507326958,118.53918816439331,0,1,train
2479,Punjab,1,5,30342.305281789388,25108.427379284876,82.83816376132737,1,1,test
2480,Khyber Pakhtunkhwa,1,4,17361.48194357995,14913.28174759203,25.987069455887198,0,1,test
2481,Sindh,0,3,18016.7502249599,14738.44420533678,23.8046454698633,0,1,train
2482,Khyber Pakhtunkhwa,0,7,24713.71689779067,19607.858148324376,80.50637161252237,0,1,test
2483,Punjab,1,5,95809.04904008613,71284.72735873295,93.93630310455634,1,0,train
2484,Punjab,0,10,40791.456170605845,35316.55490861921,83.20921756868373,0,0,train
2485,Punjab,1,10,11687.336606600236,10827.58344889687,142.66966507380354,1,1,test
2486,Punjab,0,3,74792.02949046319,69082.64168462955,111.61099554781671,0,0,train
2487,Punjab,1,9,12858.293916183928,14793.353973709893,127.97752752588387,1,1,train
2488,Sindh,1,5,13457.343464599935,8303.249907208075,54.103185283062444,0,1,train
2489,Punjab,1,3,30015.352663270984,26523.119435323053,10,1,1,test
2490,Punjab,1,1,86098.9774806351,75403.48265143132,65.73625222561948,0,0,train
2491,Khyber Pakhtunkhwa,0,5,33220.78457520768,25173.29884368642,55.04905200700712,0,1,train
2492,Sindh,0,4,47014.79694078298,24883.07090127505,100.11955408763816,1,0,train
2493,Khyber Pakhtunkhwa,0,4,27727.000880746327,21429.742984092496,67.6583097021008,0,1,train
2494,Balochistan,1,7,26438.77902836433,22088.644738543317,71.2186406018852,0,1,train
2495,Balochistan,0,3,22601.742506478706,22492.33665297103,41.86736202247365,0,1,train
2496,Punjab,1,3,4356.779069742363,8919.947458498562,10,0,1,test
2497,Punjab,0,5,29149.350144372496,22097.786785449087,87.64140904602493,1,1,train
2498,Punjab,0,1,85709.99369326177,66828.73060918601,82.61645251245064,0,0,train
2499,Punjab,0,5,12225.325481540838,9889.112306574849,82.15234718007181,0,1,train
2500,Sindh,1,3,130801.83907937228,102584.646593805,167.54629341196164,1,0,test
2501,Punjab,0,4,72628.89679474827,58642.37097245744,183.33441315802838,0,0,train
2502,Khyber Pakhtunkhwa,0,9,58350.51371061928,48394.67367742897,194.05443558396246,1,0,train
2503,Punjab,0,4,30475.372085387586,21768.256276656695,44.63348221968367,1,1,train
2504,Punjab,0,5,25707.47360727397,23439.561365603975,48.38851714013024,0,1,train
2505,Balochistan,0,5,9186.329824980894,5106.206567565052,40.19431910293531,0,1,train
2506,Punjab,0,9,27756.253002075173,29303.916427949927,68.24078208009158,0,1,train
2507,Punjab,0,4,24344.357015287635,21359.047329000878,10,0,1,test
2508,Sindh,1,4,19412.616691747513,13985.614032103716,58.65731733337356,1,1,train
2509,Punjab,0,1,20298.953157983862,19293.083296458855,20.605967602731234,1,1,train
2510,Khyber Pakhtunkhwa,1,5,23879.086002139888,21608.206471464066,33.7677989677654,0,1,train
2511,Punjab,0,4,49501.530917935495,32643.41443482242,35.38520445912979,0,0,train
2512,Khyber Pakhtunkhwa,0,6,11705.211468854819,10236.345366912354,68.00907636244183,0,1,train
2513,Khyber Pakhtunkhwa,0,4,24178.04758891528,23203.10452777112,35.02712808623565,0,1,train
2514,Punjab,1,6,35706.03753991415,41813.60409652759,64.65726604152232,1,1,train
2515,Punjab,1,4,19138.63535696232,12106.012587620311,39.950265456467136,1,1,train
2516,Punjab,1,8,43483.427316972484,37723.08400359728,93.99356366940327,0,0,train
2517,Punjab,0,4,85737.00263000614,65584.5639944417,114.17624193486726,0,0,test
2518,Sindh,0,9,31668.923174550946,26248.75884234168,142.7903334449799,0,1,train
2519,Sindh,1,3,22879.991422045718,17964.530036249176,27.243947983286077,0,1,test
2520,Punjab,0,6,31795.541883928818,29064.903811582306,50.022188718574434,0,1,train
2521,Balochistan,1,3,32434.22262331414,27644.125917808597,76.26652982319496,1,1,test
2522,Punjab,1,7,66040.54554666796,49675.2792179511,105.50455980338391,0,0,train
2523,Punjab,1,2,24310.06027975597,16337.30341122943,96.23568968784136,1,1,train
2524,Punjab,0,6,26844.4706967171,25357.793010099693,118.75571358254817,0,1,train
2525,Khyber Pakhtunkhwa,0,7,22859.939840533963,16613.648778195864,96.98427772710377,0,1,train
2526,Sindh,0,3,14189.41313063195,9271.885053603337,56.435049899164476,0,1,test
2527,Punjab,0,2,46144.63913466337,38794.88090043036,36.32388373378245,0,0,train
2528,Sindh,0,10,24789.0978086512,21419.085548395346,108.73134375618707,0,1,train
2529,Punjab,0,4,35210.64899417004,30583.28004051591,89.27438952836252,1,1,train
2530,Punjab,0,5,13962.917545780996,9553.67981113441,67.13713053430757,0,1,train
2531,Punjab,1,1,29824.421706486886,22977.098285924298,57.95011426555956,0,1,train
2532,Punjab,0,8,40060.00911799411,30154.996018333044,76.55006218868027,0,0,test
2533,Punjab,0,4,57552.29939219794,52081.511342810234,60.72854759482611,1,0,test
2534,Punjab,0,6,13698.636037109505,12372.030073903807,37.35172950004036,1,1,test
2535,Punjab,1,6,28709.76477425118,27421.127577810843,108.36964122928357,0,1,train
2536,Sindh,0,4,11965.744503109216,11765.68450717991,32.67279239647541,1,1,test
2537,Punjab,0,3,8600.497579757348,5866.7511149112715,19.486652835805266,0,1,train
2538,Balochistan,0,5,15011.146460681195,12951.525296688822,63.699626632703655,0,1,train
2539,Khyber Pakhtunkhwa,0,4,13875.783687577294,12172.844332812272,89.78758835821601,1,1,train
2540,Punjab,0,4,40829.10953396975,35850.53355885194,54.12313744227801,0,0,train
2541,Sindh,0,7,48747.60781759112,45052.1091766324,137.17683980529512,0,0,train
2542,Punjab,1,7,51319.10266453748,43068.710901585495,131.84911762155616,1,0,train
2543,Punjab,1,3,30715.378084998298,24469.307483580727,32.02080090695457,0,1,test
2544,Sindh,0,4,35516.112016746505,31472.488904667523,97.40862873897146,0,1,test
2545,Punjab,0,7,25420.80445187524,26561.180865837094,123.84218321602296,0,1,train
2546,Punjab,0,7,30108.533045363525,26930.110942844007,127.91598232159811,0,1,test
2547,Punjab,1,7,33069.219670527156,32391.930818211207,100.69569736265969,0,1,test
2548,Balochistan,1,4,15291.448313548883,12675.575808844216,11.633983951715344,1,1,train
2549,Punjab,0,7,29752.14966555739,21259.558513009128,98.96678277709738,0,1,train
2550,Khyber Pakhtunkhwa,1,6,137729.4766262053,106705.33332820312,153.77536143519,1,0,train
2551,Sindh,0,6,18582.996896639797,15695.918259917047,78.77167864487497,1,1,train
2552,Sindh,0,5,16404.080724010277,14716.403816694472,58.82247781144267,0,1,train
2553,Punjab,0,7,22407.445747131962,14377.556909422769,86.23771753109305,0,1,test
2554,Punjab,0,4,26392.142260558354,20086.64152077057,96.35060380536981,0,1,test
2555,Khyber Pakhtunkhwa,0,5,8160.623360465075,8095.348318365476,120.45934414819332,0,1,test
2556,Sindh,0,3,30211.30136959772,27515.632774384103,62.4646273356465,0,1,train
2557,Sindh,0,9,15892.017086124215,9449.39477684093,131.65119648118778,1,1,test
2558,Punjab,0,5,48911.96109896431,33874.56487451669,144.40843676810493,0,0,test
2559,Khyber Pakhtunkhwa,0,6,59165.64105449333,39517.5634865673,113.2905256438844,0,0,train
2560,Sindh,1,7,29751.28580278447,25549.438413703243,123.3811674310995,0,1,train
2561,Punjab,0,4,12769.504034777727,11004.792455946801,110.41566535927387,0,1,test
2562,Punjab,1,2,19855.358362409475,13175.438207352145,75.07498540916588,1,1,train
2563,Punjab,1,8,10883.623780169768,6842.27057646257,148.5471089751481,0,1,train
2564,Punjab,1,2,57863.10574930674,48779.01259941998,42.438923081881455,1,0,test
2565,Sindh,0,5,8574.920922083444,6949.427731753332,58.46718665727145,0,1,train
2566,Sindh,0,4,33259.0816798872,30768.503774637353,48.31990183377509,0,1,train
2567,Sindh,1,6,69982.32042490267,47528.584465467946,49.165823736188656,0,0,train
2568,Sindh,1,3,26495.504541424412,20103.21037921833,80.20523594063371,0,1,test
2569,Punjab,0,2,11908.419417097704,13550.144244370473,18.28723901740257,1,1,train
2570,Punjab,0,4,7151.368819782436,7679.259211391431,70.01342243060789,0,1,train
2571,Punjab,1,6,17518.719850456913,20342.1489185305,125.29631196768969,1,1,test
2572,Punjab,0,5,11216.722196671768,15643.714009663008,46.02142297567261,0,1,train
2573,Balochistan,0,7,33105.25244005539,24388.372621765593,73.25452374394015,1,1,train
2574,Khyber Pakhtunkhwa,0,4,78905.92274367153,63831.216202488475,81.94397692702971,0,0,train
2575,Punjab,1,5,13936.819424239577,11863.376755942943,10,0,1,test
2576,Punjab,0,5,34401.80187227847,25100.109607979823,118.20487820251307,0,1,test
2577,Khyber Pakhtunkhwa,0,9,9362.646882449144,9793.556818524048,68.66828521648648,1,1,train
2578,Punjab,1,2,35522.022071034415,34470.95385590925,40.855442624964155,0,1,train
2579,Punjab,1,3,115894.95910597405,83051.64918306068,113.88155384760563,1,0,train
2580,Punjab,1,5,14350.018464739363,12734.656123852148,54.841501030722625,1,1,test
2581,Khyber Pakhtunkhwa,1,6,38683.612596027284,29434.60619181766,98.37957358020333,0,1,test
2582,Khyber Pakhtunkhwa,0,5,31469.06567489738,27847.48015481678,10.85291166996015,0,1,train
2583,Punjab,0,6,9709.877122052188,12277.331426255681,61.20937852418737,0,1,train
2584,Sindh,1,2,86319.15001119247,76190.95911451126,39.94387541482096,1,0,train
2585,Punjab,1,7,48735.46886258485,31962.34159541648,89.9488185417726,0,0,train
2586,Sindh,1,4,19715.508727766784,19012.308692803206,55.43130030606783,0,1,test
2587,Sindh,0,9,16639.773290143206,14144.506175563805,107.53704563870645,0,1,test
2588,Khyber Pakhtunkhwa,0,4,20745.2199021171,16213.408338461171,61.519093473033806,1,1,train
2589,Punjab,1,5,27048.79818632367,24019.091627940245,58.74319298303471,1,1,test
2590,Khyber Pakhtunkhwa,0,4,23650.587401634493,17826.638528855077,61.175825045940556,1,1,train
2591,Sindh,1,6,35169.33552333376,30256.057521000243,59.45474258990743,1,1,test
2592,Sindh,0,4,41333.292046384384,27703.484614612873,42.52123983575534,0,0,train
2593,Punjab,0,5,20901.11170119758,15512.649945090057,51.94607831890797,0,1,train
2594,Punjab,1,4,42493.5540143876,38113.78172320896,81.80923330543723,1,0,train
2595,Khyber Pakhtunkhwa,0,1,11848.192178023006,9773.943015541345,32.80357457949262,0,1,train
2596,Punjab,0,8,26788.64898536691,28863.337969507877,120.26062201698255,1,1,train
2597,Sindh,0,4,30906.438381396794,31118.491061788183,74.64627977575111,0,1,train
2598,Punjab,1,7,82118.61555549047,64267.528452227525,129.8289690140612,1,0,train
2599,Sindh,1,3,47191.62828761363,35889.181865573235,45.14857469912056,1,0,train
2600,Khyber Pakhtunkhwa,0,7,8620.92374513261,5512.171730748431,129.21627106668487,0,1,test
2601,Punjab,1,3,34766.65700390459,35036.57143201385,68.13826953985185,1,1,train
2602,Punjab,1,5,51871.74037111112,39589.49236193187,109.29995307355199,1,0,train
2603,Punjab,0,3,28786.103167707777,27788.585659485077,55.81006358411812,0,1,train
2604,Punjab,0,5,25073.6417813638,19203.671724885076,107.22324106218396,1,1,train
2605,Khyber Pakhtunkhwa,1,5,13944.393870790993,14310.428026103593,51.10052530642329,1,1,train
2606,Punjab,0,4,34216.5837285145,33738.43744395732,55.79712435718801,1,1,train
2607,Sindh,1,5,34436.84260732928,27189.192018326754,81.41488038481647,0,1,train
2608,Punjab,1,3,154254.44879992143,137098.59554619077,151.78333037316926,1,0,train
2609,Punjab,1,3,40170.99844267402,29690.85749391515,136.36444095040028,1,0,train
2610,Khyber Pakhtunkhwa,1,9,25736.796642193567,18027.5234371096,87.43840788890665,0,1,test
2611,Punjab,0,6,76411.16831184618,55076.742654898255,103.18733885458053,0,0,test
2612,Punjab,1,6,21389.173691493543,16234.08722628534,138.30035411926048,0,1,train
2613,Sindh,1,7,17741.5197659468,13367.550335367048,113.19661519242811,1,1,train
2614,Balochistan,1,9,41573.49142822992,36329.97374720577,164.32670971025698,0,0,train
2615,Punjab,0,3,20824.12605912083,16943.6844895025,55.45894160937318,0,1,test
2616,Sindh,0,2,161283.97195108747,147683.07387601305,192.22176109025244,1,0,test
2617,Punjab,0,6,11509.187865709035,12274.999649229218,103.06045519127673,0,1,train
2618,Punjab,1,4,36697.272184071444,32495.51630901314,87.07758930539893,0,1,train
2619,Punjab,1,6,37873.263847540446,33921.80138990161,126.37112321927512,0,1,train
2620,Punjab,0,3,22015.64165875056,16268.639749453507,56.558254475519306,1,1,train
2621,Balochistan,1,3,24621.860408744167,23032.84905429626,48.46790158360845,0,1,train
2622,Punjab,1,8,58618.90824709675,42722.67988450324,84.25330691723448,1,0,test
2623,Sindh,0,4,56636.23095205564,47269.24269620574,110.4132746943339,0,0,train
2624,Punjab,0,5,45440.323400986985,34148.21365941698,92.19011378339965,0,0,train
2625,Khyber Pakhtunkhwa,1,4,15205.498089069059,8564.257848329322,54.14814610509493,1,1,train
2626,Punjab,1,5,20552.983298060553,17147.401405069173,75.55582147323527,0,1,train
2627,Punjab,0,5,33224.9524838897,29449.04841021225,51.01077415315514,0,1,train
2628,Sindh,1,3,18030.433235387107,11010.098081079988,22.236810767943243,0,1,train
2629,Punjab,1,6,28819.539567666907,25847.210019981198,96.77609122424587,0,1,test
2630,Punjab,0,1,26906.06043574529,23045.908173535958,25.680273096855693,1,1,train
2631,Punjab,1,4,10882.254446736246,9967.333361921887,69.91346780630089,0,1,test
2632,Punjab,1,5,36130.543981520845,29096.08038830518,77.1180978317162,1,1,train
2633,Punjab,0,5,31958.498757386977,28541.39555762503,57.319765363234986,0,1,train
2634,Balochistan,0,4,11815.09927973901,11907.027060752162,53.2907436857266,0,1,test
2635,Sindh,1,4,22818.87474991987,19955.31515660515,97.4897005275819,0,1,train
2636,Balochistan,0,6,15574.909252386205,10272.101056072706,91.901685313673255,0,1,train
2637,Khyber Pakhtunkhwa,0,6,25262.594000293542,22980.032940996367,125.24578401840978,1,1,test
2638,Islamabad,0,3,139663.07370074393,94557.51131009443,178.7163721188975,0,0,test
2639,Punjab,1,3,11111.62856226953,8269.937894429613,42.55428420093093,0,1,train
2640,Khyber Pakhtunkhwa,1,3,41102.965275072165,33701.14823485454,48.81862442640805,1,0,test
2641,Punjab,1,9,107106.58927537264,77181.72256283207,144.0548421037528,1,0,test
2642,Punjab,1,5,14853.261413190276,9759.649901338513,69.213057059312,0,1,train
2643,Balochistan,0,1,44491.70899740041,35074.62320736678,54.50788572414855,1,0,train
2644,Punjab,0,4,64634.90394948702,54502.71619684845,81.27589621548968,0,0,train
2645,Punjab,0,4,82186.97099267835,61048.552365509226,89.43740754996784,0,0,test
2646,Punjab,1,8,39008.769525412135,36730.71401021293,97.68670685288306,1,1,test
2647,Sindh,0,2,11447.420332750471,14857.666962515057,41.87154814103609,0,1,train
2648,Khyber Pakhtunkhwa,1,3,30833.475010946277,27784.11161626562,25.847361643028417,0,1,train
2649,Punjab,1,7,45369.87078229011,33401.57920572621,58.264248574379096,1,0,test
2650,Punjab,0,5,16238.429260055098,11881.06135973963,60.4684081446649,0,1,train
2651,Punjab,1,4,44502.767232274826,29497.612891716883,40.08433310145959,0,0,train
2652,Punjab,0,7,39773.232351189865,36065.886801541936,67.04725121948145,1,1,test
2653,Punjab,0,3,41292.140364821236,26538.506076388796,79.25488506810439,1,0,train
2654,Khyber Pakhtunkhwa,1,6,24851.15822899455,22307.07425068977,62.949939547813926,1,1,test
2655,Khyber Pakhtunkhwa,1,2,16437.666747446216,14689.108914399332,41.93341834319243,1,1,train
2656,Islamabad,1,3,94843.78806392073,64318.29229879135,81.59044636862362,0,0,test
2657,Punjab,0,5,22381.437528593393,16497.759113950033,75.11795687136156,0,1,train
2658,Punjab,0,11,16114.157572756305,13083.980024614802,132.11210698800448,0,1,train
2659,Khyber Pakhtunkhwa,0,2,22691.135632407117,17249.823434182035,10,0,1,train
2660,Balochistan,0,6,22728.362809354472,20700.632942955508,54.073662338759064,1,1,train
2661,Khyber Pakhtunkhwa,0,4,26180.172187220345,18546.906386024526,10,0,1,train
2662,Punjab,1,6,50058.84160185983,33435.264284582445,165.59211941549955,0,0,train
2663,Punjab,0,6,10319.399024076334,10415.69287624127,44.55194558047273,0,1,test
2664,Khyber Pakhtunkhwa,0,8,17784.453986252738,13628.188121653557,90.05697969903672,0,1,train
2665,Punjab,0,11,71459.05290011171,62693.57580028939,199.46896269230245,0,0,train
2666,Punjab,1,9,104317.42873862124,77409.38704656801,176.8618056441709,1,0,test
2667,Sindh,1,4,35517.66474117411,35671.92495514343,34.675535470376786,0,1,train
2668,Punjab,1,4,23087.466072824092,19620.547573506712,68.24712212436324,1,1,train
2669,Punjab,0,4,11710.699039682011,3000,77.07080929850916,0,1,test
2670,Punjab,1,6,42338.985792000734,27668.133500626267,43.82445602113366,1,0,test
2671,Punjab,0,11,33554.93426333164,19976.475827010967,156.34960369944315,0,1,test
2672,Punjab,0,4,44743.01373163405,30694.803491107195,118.96546093724601,1,0,test
2673,Punjab,1,7,24565.23764455875,16240.790144224064,115.72833321654014,0,1,train
2674,Punjab,0,3,20475.318745801582,19506.902592912655,55.59741747871232,0,1,train
2675,Punjab,0,9,30246.350243741865,26079.3859322733,122.78190543056647,0,1,train
2676,Sindh,0,1,15383.165482215143,11609.314373880843,30.432040852061412,1,1,train
2677,Sindh,0,3,8049.266504922672,3000,10,0,1,train
2678,Punjab,0,4,18226.09653977529,10001.589436029924,36.02437111091133,1,1,train
2679,Punjab,0,5,25897.49692821492,27771.9112056111,55.62651500886089,1,1,train
2680,Khyber Pakhtunkhwa,0,2,37147.148007260315,32154.976072223086,87.30930435132868,1,1,test
2681,Punjab,1,6,32239.320179333004,27811.81734467436,68.85829029396295,0,1,train
2682,Khyber Pakhtunkhwa,0,6,27276.34647393586,27595.68363450177,75.11231760244468,1,1,test
2683,Sindh,0,5,28909.600076336337,27528.007080412124,71.80759800267622,1,1,train
2684,Sindh,1,1,7082.186470700861,15329.39122288564,10,0,1,train
2685,Punjab,0,3,15243.285754577077,8417.73725675623,16.232885728908464,0,1,test
2686,Sindh,1,4,17652.66912412759,17086.88105517196,99.84550461751954,1,1,train
2687,Punjab,1,4,21223.66650578209,23690.340601103668,70.79545118300184,1,1,test
2688,Punjab,0,11,22118.001900941123,17197.059885278642,103.39776414016647,0,1,test
2689,Khyber Pakhtunkhwa,1,1,34374.339945252985,28275.829219808507,55.9998861487239,1,1,train
2690,Balochistan,1,4,22575.56047016422,18603.56682232269,54.2927492268006,0,1,train
2691,Punjab,0,4,11640.869303093641,12431.681321634835,56.1032198647666,0,1,test
2692,Punjab,1,3,161518.31754209232,112748.00029830438,119.27136327531414,1,0,train
2693,Punjab,0,8,16686.102610042784,15648.406967649975,135.2115326653223,1,1,train
2694,Punjab,0,11,17992.064354846912,12443.880394364249,148.60324796117754,0,1,train
2695,Punjab,0,6,41529.082663524845,36277.339711834575,103.78613519306809,1,0,test
2696,Punjab,0,5,12535.869118748022,13593.734378564564,81.02733813127904,0,1,train
2697,Khyber Pakhtunkhwa,0,5,35394.214008995805,28926.03887984178,89.53611866959021,0,1,train
2698,Punjab,0,4,3000,6108.963670215111,47.81172217329042,0,1,train
2699,Punjab,1,4,47039.14769833171,37496.86881393755,112.66998819036459,0,0,train
2700,Balochistan,1,6,17585.131962342646,15514.199665502156,100.04212457298217,1,1,test
2701,Punjab,0,2,29455.56216056403,25637.73923115717,76.07274305569747,0,1,train
2702,Sindh,1,1,34523.29824647407,31544.365994381435,65.11364824552128,0,1,train
2703,Punjab,0,6,77271.88177257671,63314.06798070801,113.57651224583753,0,0,train
2704,Punjab,0,2,28037.428494822325,25937.479510114743,106.97755525336717,0,1,train
2705,Sindh,0,10,32327.29078264316,28052.476535229376,130.57777866733076,1,1,test
2706,Sindh,0,8,72258.38307328234,58315.933482442866,156.1776938652538,1,0,test
2707,Punjab,0,4,25954.48956788494,25784.99177287683,50.16612629825357,0,1,train
2708,Punjab,1,4,28157.148439469584,18601.40487993002,63.91236683503724,1,1,test
2709,Sindh,0,3,34570.90534064744,25432.94640502702,63.317072686306766,0,1,train
2710,Sindh,1,8,23950.70838965158,16523.914047490467,104.9900672115692,1,1,train
2711,Sindh,0,5,11307.344579719265,14566.678082047343,26.972561230802008,0,1,train
2712,Punjab,1,7,12921.081584486079,8145.867047226122,83.14209023056462,0,1,train
2713,Punjab,1,4,34562.85747589103,29601.126413652928,87.82970620318514,0,1,test
2714,Punjab,1,5,18443.54443601559,18549.135457718487,46.100204895201784,1,1,train
2715,Punjab,1,6,65708.53315913561,50006.32421495352,181.7850989350788,1,0,test
2716,Khyber Pakhtunkhwa,1,5,13154.625694471091,10447.630650635088,53.52319981953425,1,1,train
2717,Punjab,0,4,13227.544965736979,8848.79964461689,63.993452348543315,0,1,train
2718,Punjab,0,5,10501.80881477864,7375.975442396377,43.78861717316566,0,1,test
2719,Sindh,1,9,57946.27848063917,40306.644570756645,136.38845996252255,1,0,test
2720,Punjab,0,4,25386.527677739126,17915.43361921524,74.81181225169887,0,1,test
2721,Punjab,0,3,94332.32903393293,66501.14404134825,99.87608852558364,0,0,test
2722,Punjab,0,4,22606.03668848004,19085.311699698,64.78013600275125,0,1,test
2723,Khyber Pakhtunkhwa,0,7,18290.760168850167,10056.98042393419,41.437057690487464,0,1,test
2724,Khyber Pakhtunkhwa,1,7,7750.335467256774,10090.480924019086,90.61656391397645,0,1,train
2725,Khyber Pakhtunkhwa,0,6,140996.45252917174,95921.30970470497,188.18594987269475,1,0,train
2726,Punjab,1,1,31649.127428408505,24966.515047556277,32.82714757250731,1,1,train
2727,Punjab,1,4,9876.666351617276,11396.112744824024,12.891220635348958,0,1,train
2728,Sindh,1,8,27079.07602803527,24207.743078239397,44.225196858077126,0,1,train
2729,Punjab,0,6,15722.060563940357,18390.37774369977,24.126583601439876,0,1,train
2730,Khyber Pakhtunkhwa,0,5,13954.251808270354,11756.763760265025,57.31471252907789,0,1,train
2731,Punjab,0,5,34646.34962308674,34258.153455377294,60.09352798692268,0,1,train
2732,Balochistan,1,6,49122.768353316176,48326.54351008113,88.65181680348203,1,0,test
2733,Punjab,1,8,18051.701750646796,14997.00550895274,122.47575067135031,0,1,test
2734,Khyber Pakhtunkhwa,0,6,38697.11362810028,38656.00113297026,117.96912904426608,0,1,train
2735,Punjab,0,6,14195.894743695062,10887.757156949427,86.68335188479752,1,1,train
2736,Khyber Pakhtunkhwa,1,7,11904.938219655503,8186.309200729949,43.45627314478959,1,1,train
2737,Punjab,0,7,15145.167412340305,12116.151619938457,38.34047482467935,0,1,train
2738,Sindh,1,6,34275.948148012954,32711.218845642794,120.3443689371823,0,1,test
2739,Punjab,0,4,35786.47851279652,31520.351534180245,91.8104245400119,1,1,train
2740,Punjab,1,7,67207.75145728636,63723.81210243407,60.222219110786334,1,0,train
2741,Sindh,0,3,8827.964231255564,7116.929931270906,10,0,1,test
2742,Punjab,1,4,20851.546518856816,23276.8789098002,22.375206471810465,1,1,test
2743,Punjab,1,7,104941.00252498442,90931.29698403111,226.02792959717146,1,0,train
2744,Sindh,1,5,20676.4561538034,22816.6180257891,57.56456213275409,0,1,train
2745,Punjab,1,4,41316.80721160304,35317.57317392453,10,0,0,test
2746,Sindh,1,4,48113.55880771923,29760.170925286697,61.151218719969386,1,0,train
2747,Sindh,1,4,44678.517618191436,38200.30157221329,114.07532110357614,0,0,test
2748,Punjab,1,4,24900.369926813484,14594.122602869113,109.35953003116086,1,1,train
2749,Punjab,0,3,81529.45989663339,70416.90343600884,84.27895202256308,0,0,train
2750,Khyber Pakhtunkhwa,0,7,29606.479260197317,26282.83740719104,119.7566239385819,0,1,test
2751,Punjab,1,6,35760.3156590196,34194.94580904424,101.8575739561379,1,1,train
2752,Punjab,0,3,14732.37187915825,12622.754885530427,74.55890885621662,0,1,train
2753,Punjab,1,5,4403.220298758705,3000,30.19806656718513,0,1,test
2754,Sindh,0,2,16505.326094845143,12754.539865026221,62.48497646622721,1,1,train
2755,Sindh,1,5,13083.09847241361,7650.7768420335815,10,0,1,train
2756,Punjab,1,3,18816.829348234056,14946.53023376086,26.177229841224214,1,1,train
2757,Sindh,0,5,12695.031993718161,9586.438499889504,51.89772907637652,0,1,train
2758,Punjab,0,3,14577.184946196941,13919.664506448718,47.934740812870594,1,1,test
2759,Punjab,0,3,31557.457621035664,28315.731445752008,25.26053750039479,0,1,train
2760,Punjab,0,4,9624.878274121265,3550.523034461833,41.70381967290267,0,1,test
2761,Khyber Pakhtunkhwa,0,5,36661.820650286834,35396.71798885809,83.42201994653551,0,1,train
2762,Punjab,0,2,19228.25351926775,17678.484084979067,58.00180210294122,0,1,test
2763,Punjab,0,7,54439.84091025421,40870.89107201369,138.16210794409184,0,0,test
2764,Punjab,1,4,29025.056102526316,22026.194973519796,66.7976568851757,1,1,test
2765,Punjab,0,3,35233.52048023103,30945.593003919173,56.979117297820245,0,1,test
2766,Punjab,1,5,7435.4517800351005,6359.331337952613,79.86725799083625,1,1,train
2767,Khyber Pakhtunkhwa,0,6,39725.91539059244,31643.793481237615,65.09790327944535,1,1,train
2768,Khyber Pakhtunkhwa,1,4,38798.30880915051,34296.80756462243,61.07061599571874,1,1,train
2769,Khyber Pakhtunkhwa,0,1,16871.21901285108,12057.700261921602,10,0,1,train
2770,Balochistan,0,4,22812.4010652898,19368.67372969447,10,0,1,test
2771,Punjab,0,10,39783.27475061073,34659.60306493217,102.95611398683377,0,1,test
2772,Khyber Pakhtunkhwa,0,8,23202.151371178094,17438.69379022393,63.67759768256562,1,1,test
2773,Punjab,1,3,30348.84904841997,29407.680226635024,41.391352417852275,1,1,test
2774,Punjab,1,5,15436.090310096384,16854.353120984397,43.156708928532964,0,1,train
2775,Punjab,1,1,21063.797596782173,17835.459468954534,10,0,1,test
2776,Sindh,0,4,63631.21172349816,50414.37635507993,118.19232880936013,0,0,train
2777,Punjab,1,5,61461.03590927053,51509.923156606055,66.15908498718939,1,0,train
2778,Sindh,0,3,53386.00374382565,44250.728764653904,75.25009895278643,0,0,train
2779,Punjab,0,6,14361.576015937388,16608.58187973416,29.902495115127678,1,1,train
2780,Sindh,0,3,52819.3990671271,37974.081147125806,90.87617817967998,1,0,test
2781,Sindh,1,5,41813.49937423316,32852.35695316894,72.82329032055729,1,0,train
2782,Punjab,0,3,96797.44171911989,79326.31888956991,81.11294431133459,1,0,train
2783,Punjab,1,8,15782.786814366662,14263.781130104679,95.92136454606464,1,1,test
2784,Punjab,1,3,27867.83307125984,29325.372912871775,71.09835089359753,0,1,test
2785,Sindh,0,8,68788.77090206901,65851.46000035029,152.10706282407514,0,0,test
2786,Sindh,0,13,22563.656772114187,17669.279634783958,144.7586621531989,0,1,test
2787,Punjab,0,5,50316.71943205759,40894.773380730345,97.71166308451812,1,0,train
2788,Punjab,1,4,35707.830705645894,35146.33437889926,92.10501967937046,0,1,train
2789,Sindh,0,7,16503.376886273974,18013.063553739943,75.52484527623352,0,1,train
2790,Punjab,1,3,23466.525948703496,20267.98323409713,75.865798818093225,0,1,train
2791,Punjab,1,10,38300.04914043538,28434.494101291584,171.81701749005717,1,1,test
2792,Sindh,1,2,88308.33793796907,71237.66090103696,68.27430719000033,1,0,train
2793,Punjab,1,3,46253.46046795073,35352.37829053386,105.00900804646169,1,0,train
2794,Punjab,0,6,24820.75162210304,17937.610766619997,40.55832765568248,0,1,train
2795,Khyber Pakhtunkhwa,1,7,16589.28850941739,15775.911645829716,49.6326966377128,0,1,test
2796,Punjab,0,6,62675.870224624094,53215.16727012148,80.66725622282361,0,0,train
2797,Sindh,0,4,31361.861852957543,28988.537845555,99.52542231165815,0,1,train
2798,Punjab,0,3,12480.405651910214,11460.085981845908,65.71006496372492,1,1,train
2799,Punjab,0,6,18434.567730436494,19163.29335472009,56.81811650813721,1,1,train
2800,Punjab,0,3,34340.11839766193,34184.924441762014,65.84594833852883,1,1,train
2801,Khyber Pakhtunkhwa,1,5,41444.15418778358,31843.225594279105,142.25542826378341,1,0,train
2802,Khyber Pakhtunkhwa,1,7,22430.47781475458,19548.26934197814,138.2018556199124,0,1,train
2803,Punjab,0,5,42320.082158073594,29600.418941244898,122.04988663144024,0,0,test
2804,Khyber Pakhtunkhwa,0,3,9887.897010282482,9081.867516164282,16.955994615532045,0,1,train
2805,Punjab,0,5,12334.287790065055,6023.34455964323,56.93012989408099,0,1,train
2806,Punjab,1,3,26691.91839808617,29396.081233254263,79.23877641274979,1,1,train
2807,Punjab,1,5,13179.38899711597,9280.442754026244,37.272021905274485,0,1,train
2808,Punjab,1,6,28040.141574706857,25910.985693653136,95.39499783662744,0,1,train
2809,Punjab,1,6,73218.83071816013,58705.0784969856,101.99217964558576,1,0,train
2810,Punjab,1,8,63322.82810289593,52358.88275351894,86.59002736735405,1,0,train
2811,Khyber Pakhtunkhwa,0,6,64291.5892123876,41830.66662973038,120.80625724709702,0,0,train
2812,Punjab,1,4,43413.67331243933,31580.45726872295,94.66204390340906,1,0,train
2813,Punjab,0,5,17431.537486220735,13247.145276460902,62.1940979724368,0,1,train
2814,Khyber Pakhtunkhwa,1,7,67177.25060184124,44090.46687997613,138.4573970178422,0,0,test
2815,Punjab,1,7,39820.93215737186,33510.34777009534,49.52682975277456,0,1,test
2816,Punjab,1,9,39073.63349792737,36542.336480698235,164.04317095147587,0,1,train
2817,Islamabad,1,7,12031.72617529546,11644.46377770257,54.68343560212645,1,1,train
2818,Khyber Pakhtunkhwa,0,10,29969.00061021745,22463.71004364935,104.01212337700954,1,1,train
2819,Punjab,0,4,8522.072034822579,13866.764045007765,12.648624420825406,1,1,train
2820,Khyber Pakhtunkhwa,1,6,31299.25663048844,28788.786140003172,52.41251673765668,0,1,train
2821,Punjab,0,11,56345.36396103842,38861.73415171163,179.52336762878716,0,0,train
2822,Sindh,0,1,53083.42411790515,39105.877662262195,20.867023445378283,0,0,train
2823,Punjab,0,2,17766.949412205486,13948.090729512904,20.249113254641614,0,1,train
2824,Punjab,1,3,30932.206269580733,27347.299903960666,132.12101974745576,1,1,test
2825,Sindh,0,4,16760.610771149535,11112.292184063652,24.85255460374752,0,1,train
2826,Khyber Pakhtunkhwa,0,3,13459.122066999409,13688.338128405732,99.65802771751325,0,1,train
2827,Punjab,0,4,32113.91068390796,27791.768374391748,54.39560769255041,0,1,test
2828,Punjab,0,3,42880.23425750158,31008.920397537247,74.8668227789985,0,0,train
2829,Punjab,0,1,64697.89379192329,44715.23496466175,57.88806118800915,0,0,test
2830,Punjab,0,6,25745.12613954692,27988.627956399658,36.7008086824992,1,1,train
2831,Khyber Pakhtunkhwa,1,9,6110.943779668646,10760.156943149785,76.29247250298643,0,1,test
2832,Punjab,0,4,11433.650101855701,8624.655302296687,91.0827094869083,1,1,train
2833,Punjab,0,4,26573.434731127392,22627.657955886643,74.62583325459933,0,1,test
2834,Punjab,0,4,69042.67565943082,46811.044394061384,136.90281230821608,0,0,train
2835,Sindh,0,3,16928.61220440712,14866.011051703663,57.26895630905075,0,1,train
2836,Sindh,0,5,19122.487371138264,20493.83076579091,122.36460355139415,0,1,test
2837,Sindh,0,1,13289.149289574205,8504.489697521603,10,0,1,train
2838,Khyber Pakhtunkhwa,0,6,32719.430055936544,23044.263214784954,130.6609232928463,1,1,train
2839,Sindh,1,8,18238.163551079953,13488.288965991476,106.30551516483852,1,1,train
2840,Punjab,0,3,35410.30361972963,28102.874585517082,38.21162494622493,1,1,test
2841,Sindh,0,3,33354.39564227373,29661.045332118698,83.86057544137101,0,1,train
2842,Punjab,0,6,50553.70923704244,40548.962476577246,123.85273602223687,0,0,train
2843,Punjab,0,7,24561.58052726961,21720.54302770762,40.07892390511461,0,1,train
2844,Khyber Pakhtunkhwa,1,5,79740.29042744773,66353.49974544348,110.5784380623772,1,0,train
2845,Punjab,0,5,15796.285521443328,16862.28303290771,29.955230852345686,0,1,train
2846,Balochistan,1,5,26229.003318097006,24712.682601468085,103.67265461658586,0,1,train
2847,Punjab,1,9,22850.821622156316,16307.737967595336,84.45403020042762,1,1,test
2848,Punjab,0,4,47892.01132664968,42963.921043666924,101.5073905179386,0,0,train
2849,Punjab,0,1,23797.47206417765,18446.24784481261,89.79720258961181,0,1,test
2850,Khyber Pakhtunkhwa,1,3,65315.74023996713,48422.52487239077,120.37702568902913,1,0,train
2851,Punjab,0,4,20220.97589734975,14773.329397401552,49.957399821687595,0,1,train
2852,Sindh,0,5,45928.70805732424,31630.9406880867,72.21221969885667,1,0,test
2853,Punjab,1,3,86323.73781082488,60138.03957110207,142.0739013039708,1,0,train
2854,Sindh,0,7,22841.186452491434,19558.03173208131,56.2250821014002,0,1,train
2855,Punjab,0,8,70731.10868831439,59895.92874680362,87.77370644866846,1,0,train
2856,Punjab,0,6,13160.573941403733,5289.811808518882,76.47694462936289,0,1,test
2857,Punjab,1,7,47910.58562346702,37966.18843010674,194.43915241319385,0,0,train
2858,Khyber Pakhtunkhwa,0,6,21361.677819156528,22414.817277570204,107.12267739143982,1,1,train
2859,Punjab,0,3,13738.001847188389,13466.861946139232,34.39191777640363,0,1,test
2860,Khyber Pakhtunkhwa,0,5,17748.879121814927,12853.8115030084,10,0,1,train
2861,Punjab,1,9,40926.78383288036,30940.28237981882,133.3628027652714,1,0,train
2862,Punjab,1,2,20220.763249117663,19468.80882626475,10,1,1,train
2863,Punjab,1,6,42818.54939247681,22840.56633305965,104.33106027817564,1,0,train
2864,Khyber Pakhtunkhwa,1,4,16845.20247134163,10079.407395147045,70.28678521072456,1,1,train
2865,Sindh,0,3,39938.045163909774,32309.99309903423,45.83149436960968,0,1,train
2866,Sindh,1,6,21165.929693034923,18782.600249961168,26.44415089828974,0,1,train
2867,Sindh,1,4,34004.66189486485,30694.346225107853,55.73504011617329,0,1,test
2868,Punjab,0,13,23160.029518382646,21703.93712934612,171.24719410831096,0,1,train
2869,Khyber Pakhtunkhwa,1,6,34234.26165802251,30005.91046016181,122.87918020421141,0,1,train
2870,Khyber Pakhtunkhwa,1,2,15421.49951750151,11076.197305369602,53.32803256975836,1,1,train
2871,Sindh,0,7,42197.145267620304,31335.37730241842,73.32327487264439,0,0,train
2872,Sindh,1,2,29531.214738453476,29360.578001597376,29.959365594703115,0,1,test
2873,Punjab,1,2,19941.451510633666,20644.824678618657,13.102172835599806,0,1,train
2874,Punjab,0,3,36505.10588379603,32300.04136563841,76.93185343192859,0,1,train
2875,Khyber Pakhtunkhwa,1,3,43752.396634791265,35068.823878393305,112.93665884041172,0,0,train
2876,Punjab,0,2,32490.042127892604,28903.385574042717,97.84877374390314,0,1,train
2877,Khyber Pakhtunkhwa,1,2,11368.414758151199,9065.060703905094,10,1,1,train
2878,Sindh,0,5,36171.948746719245,28484.65523740707,78.35677993136802,0,1,test
2879,Punjab,1,2,59879.17222946416,42721.18048699072,79.02383695268806,1,0,train
2880,Punjab,0,7,15083.745966901917,14826.72441583756,68.3246730436525,0,1,train
2881,Khyber Pakhtunkhwa,0,7,18601.847647330884,12573.881575981923,88.20214648406983,0,1,test
2882,Punjab,1,4,42104.10879591922,34816.69062336081,136.35710322077261,1,0,train
2883,Khyber Pakhtunkhwa,1,5,19092.422812507368,13542.719789638504,60.05007357261552,0,1,train
2884,Punjab,0,3,12969.148664997703,16164.010697872323,70.6098485893331,0,1,test
2885,Khyber Pakhtunkhwa,1,6,62695.8573024873,52799.52361178226,158.78214457811418,0,0,test
2886,Punjab,0,1,17652.15616380014,12735.440962995508,10,1,1,test
2887,Punjab,1,2,37722.59690031191,35701.991387125876,54.95488647280509,1,1,train
2888,Punjab,0,5,46508.80144478504,33179.91509122017,135.0394832082071,0,0,train
2889,Islamabad,0,2,53334.69794326513,44182.86153007759,120.33490958126471,0,0,train
2890,Punjab,0,2,9227.46295796016,6526.817862835542,39.148747723037175,0,1,test
2891,Punjab,0,9,37630.54216122005,36729.28689133139,82.0885629635891,0,1,train
2892,Punjab,1,2,23230.198674460284,17684.67701048637,46.18132331863629,1,1,train
2893,Punjab,0,5,22711.044719998576,17010.534153717905,74.83031143597651,0,1,test
2894,Punjab,1,3,45163.97672840501,36549.71374953629,76.76829677702985,1,0,train
2895,Punjab,1,7,234131.99176391555,196788.7832172809,295.9716578677285,1,0,train
2896,Sindh,0,2,17970.366992645035,12817.250010774804,66.26927360401162,0,1,test
2897,Punjab,1,4,26126.743414459714,15779.007460866713,111.79507802104737,1,1,train
2898,Punjab,0,5,45196.30138530485,33548.160881256714,100.489513716426,0,0,train
2899,Sindh,0,5,39307.2997020227,34670.23994047546,95.0006634651375,1,1,train
2900,Sindh,1,6,13333.121141880561,11821.316087227566,65.76965652823486,0,1,train
2901,Punjab,1,5,46006.0524542628,38580.857304469915,46.905533774939066,0,0,train
2902,Punjab,0,11,11932.682387425384,7108.665217894566,27.741299147724746,0,1,train
2903,Punjab,0,6,25629.926854466084,20470.07329677264,51.49943435050842,0,1,train
2904,Sindh,1,7,16432.982770691153,13784.997711485486,51.0658096502708,0,1,train
2905,Khyber Pakhtunkhwa,0,8,9162.769380040678,11516.345989510235,80.08012155398102,0,1,test
2906,Khyber Pakhtunkhwa,1,4,7663.217023415201,7141.55395404569,56.66300775930764,1,1,test
2907,Punjab,1,4,35964.313166777625,24241.96942521867,127.94469125104663,1,1,train
2908,Punjab,1,5,13600.64154470179,7080.735958867633,50.30377573068817,1,1,test
2909,Sindh,1,7,38454.80083671493,30557.654623816656,46.872464722238604,1,1,train
2910,Punjab,1,4,21709.585162851145,14826.285495481052,53.80732077638856,1,1,train
2911,Punjab,0,7,24361.633762345336,19107.391400462682,168.10927697113118,1,1,train
2912,Khyber Pakhtunkhwa,0,7,20623.567121193417,18281.114701642895,125.2117606319303,1,1,train
2913,Punjab,0,4,62485.82708699129,37297.38301121738,98.17567707124336,1,0,train
2914,Sindh,0,6,32642.19612719868,26785.949128741668,69.40329410192558,0,1,test
2915,Punjab,1,3,8701.489396274343,3000,46.10377646475358,1,1,train
2916,Balochistan,1,8,52438.343480475145,36748.77980436961,138.80640080218242,1,0,train
2917,Punjab,0,8,9406.391685989272,10261.63436463986,43.41447237211168,0,1,train
2918,Khyber Pakhtunkhwa,0,9,36162.05985734616,25912.61346299214,105.82739642221199,0,1,test
2919,Sindh,0,2,30960.313528277045,27317.645130469205,24.616004147296092,0,1,train
2920,Punjab,0,4,17993.68245696332,14689.178715940716,46.86973226648749,1,1,train
2921,Punjab,1,4,37470.64022348431,34709.7299469187,31.960193268557227,0,1,test
2922,Sindh,1,7,122541.42517439356,107155.13689141763,203.1806776445464,1,0,train
2923,Punjab,1,2,30503.136824348778,33235.39249564099,94.08698763428265,1,1,test
2924,Punjab,0,6,98765.82503920022,67366.40867035392,112.79812086490777,0,0,test
2925,Punjab,1,5,34788.307316886734,32458.993385336966,95.66732486652009,1,1,train
2926,Punjab,1,7,41578.260585312724,33865.5356213536,105.14734355845495,1,0,test
2927,Punjab,0,3,10580.12621138688,13277.071010659776,91.60878387789853,0,1,train
2928,Khyber Pakhtunkhwa,0,7,37944.93148121468,28937.597448230827,45.10807145808025,1,1,test
2929,Punjab,1,5,15907.543478799997,13637.3407959088,50.72560823013626,1,1,train
2930,Punjab,0,7,31851.85779770189,32211.027240599855,61.99361716706644,0,1,train
2931,Punjab,1,3,9770.694299330533,7448.97261405831,48.4895044397542,0,1,train
2932,Sindh,1,5,17199.843401286438,13447.971653862864,56.532577447463225,1,1,train
2933,Khyber Pakhtunkhwa,0,9,7715.769198465626,7858.969845987072,93.53673056607197,0,1,train
2934,Khyber Pakhtunkhwa,1,7,13688.806149892334,17544.690087159815,88.0012579061407,0,1,train
2935,Punjab,1,4,15183.84054576976,16348.105865960013,43.56995045024612,1,1,test
2936,Punjab,0,9,45002.330590211226,35293.97261833609,128.02042639785313,1,0,test
2937,Punjab,1,3,8016.617257248488,7547.163488187396,46.49219055230345,1,1,train
2938,Punjab,1,4,80720.59489153628,64861.34224508846,86.95933281173345,1,0,train
2939,Punjab,1,5,54006.23436364303,47370.66676420859,94.59327624416623,0,0,test
2940,Khyber Pakhtunkhwa,1,3,38989.31753714343,40890.55118217954,46.245302823643755,0,1,test
2941,Sindh,1,5,95800.11183224479,82822.05988945384,124.80356863662668,1,0,train
2942,Punjab,1,4,94534.00022393695,71305.25845090163,152.17079770043807,0,0,train
2943,Punjab,0,4,30392.43421904187,25704.069407422132,66.59136833325691,0,1,train
2944,Punjab,0,4,11513.817444830376,7301.557682480001,109.95113295339544,0,1,train
2945,Punjab,1,1,42042.15431162047,36682.780053891824,48.45555986775934,0,0,train
2946,Punjab,0,4,15203.812858008743,9558.25981782389,110.63086490658135,1,1,train
2947,Punjab,1,5,15546.620009847402,13100.599889961835,26.610038522718277,0,1,train
2948,Punjab,0,5,26685.341196130685,23091.628388214598,89.92857095671452,1,1,train
2949,Khyber Pakhtunkhwa,0,4,49897.48466564525,38404.75308484347,34.8715249066094,0,0,train
2950,Punjab,1,9,9439.242968005474,11705.478733122753,103.41983821058511,1,1,test
2951,Balochistan,0,2,49683.72916489305,34310.410588055856,64.66409370411104,0,0,test
2952,Sindh,1,4,19936.898858016357,19223.13494125852,98.31121601857899,0,1,train
2953,Punjab,1,10,19500.303651509003,17513.68358978533,114.46285964444185,0,1,train
2954,Punjab,0,6,13731.389507305801,16879.327024238275,73.43693260525782,0,1,train
2955,Punjab,1,6,34202.51109803503,30070.088808424513,61.85671082779865,1,1,train
2956,Punjab,0,6,18274.774198500236,19939.512645041777,107.56656062250002,0,1,test
2957,Punjab,1,10,11081.354770484466,10452.272582784384,164.5745880353951,1,1,train
2958,Sindh,0,7,48770.67313428617,35324.61316909174,95.94120090330959,1,0,train
2959,Balochistan,0,6,42182.392447145125,32277.89762030241,38.578038416175765,1,0,train
2960,Punjab,0,5,48733.34524203939,43803.154376374565,97.15418059064913,0,0,train
2961,Sindh,1,6,30031.27403766942,25217.392446952315,96.80570647290756,0,1,test
2962,Khyber Pakhtunkhwa,0,2,28797.861291799443,28664.794666103222,19.797811705319905,0,1,train
2963,Punjab,0,2,35695.27900151564,32571.84693210508,46.23797507452662,0,1,test
2964,Punjab,0,6,29662.135649552354,22985.578099094928,48.794869489404526,1,1,train
2965,Punjab,0,3,26832.48136362491,24445.09828957299,22.995359739505393,0,1,train
2966,Sindh,1,9,51487.66996384224,38784.55087896659,100.71314414357218,1,0,train
2967,Punjab,0,4,17431.201966795026,12835.89938594352,40.32240776205686,0,1,test
2968,Punjab,1,2,56362.021971354625,45914.79415885916,51.933252472593125,1,0,train
2969,Punjab,1,4,9351.949947762758,8444.212245722918,86.65022271866397,0,1,train
2970,Punjab,0,4,17835.561778548104,13866.99206109083,93.64636016831408,0,1,train
2971,Sindh,0,4,4066.0639497242787,7806.715956758796,47.672682174776156,0,1,test
2972,Khyber Pakhtunkhwa,1,3,26104.527433468513,24634.7497705999,89.25755006085922,0,1,train
2973,Punjab,0,9,7867.357522550414,9240.121921945476,54.66975434455939,0,1,test
2974,Sindh,1,2,84272.78377689824,61006.09507120044,101.14789366071503,1,0,train
2975,Punjab,1,7,16291.761509127831,10953.79175486424,15.577828253689106,1,1,train
2976,Punjab,0,2,15845.641690951723,16087.761156398185,10,1,1,train
2977,Khyber Pakhtunkhwa,1,5,32190.86896649373,30828.53903095313,60.83063622576763,1,1,train
2978,Khyber Pakhtunkhwa,1,4,20056.973880749854,16148.209940621015,77.35401047466674,1,1,train
2979,Punjab,1,4,38036.890144619174,28472.392900371757,99.70189219900243,1,1,train
2980,Balochistan,1,3,8726.335039701738,5624.34894964953,48.60059174282631,0,1,train
2981,Khyber Pakhtunkhwa,0,9,42633.16320089899,35013.61152013006,163.3750940547456,0,0,test
2982,Punjab,1,4,33690.142173969514,28963.873707889787,122.62398984583524,1,1,train
2983,Sindh,0,8,18624.41043472493,16670.899257153316,87.2402220286617,1,1,train
2984,Khyber Pakhtunkhwa,1,5,9559.718944864006,9406.948278612632,110.65101357438367,1,1,train
2985,Khyber Pakhtunkhwa,0,2,71801.34422493186,53673.264677919964,40.00646900674114,1,0,train
2986,Sindh,1,3,36991.20156662518,31132.228486529973,120.58685332547384,1,1,train
2987,Khyber Pakhtunkhwa,1,4,13866.91660215335,9364.797530800419,79.67003705154474,1,1,test
2988,Punjab,0,7,92540.61747787142,79663.91571501756,110.05615489047364,1,0,train
2989,Khyber Pakhtunkhwa,1,3,18364.386806908788,16148.527048169475,50.78330205635665,1,1,train
2990,Khyber Pakhtunkhwa,0,2,37631.95737604936,33407.082145742126,111.4877519357907,1,1,train
2991,Khyber Pakhtunkhwa,0,4,22737.429736572125,22479.22448810027,18.455647410669478,0,1,train
2992,Punjab,0,8,40500.794153812756,36061.90533079489,129.06623558735708,1,0,test
2993,Sindh,1,5,63290.44475639477,56391.67318310128,84.74763536679357,0,0,train
2994,Punjab,1,7,82682.45596295051,68286.79073151368,86.60704240716157,1,0,test
2995,Sindh,1,4,37052.73504515949,34173.95197517694,96.10096863373894,0,1,train
2996,Khyber Pakhtunkhwa,0,8,30241.520365531425,29890.663358691418,65.17313407315919,0,1,train
2997,Punjab,0,8,70082.59347357524,49127.961843669895,187.32466798859463,0,0,train
2998,Sindh,1,4,26019.830204859103,24221.662944208325,12.430567694624905,0,1,train
2999,Punjab,0,5,9530.917566488253,6848.493968801282,10,0,1,train
3000,Sindh,0,5,35065.78286154428,31855.154562000644,94.87555652196178,0,1,train
3001,Punjab,1,3,59061.315933808044,47101.18553484304,73.24956901261389,1,0,train
3002,Balochistan,0,3,9302.599337107571,5807.935487604358,55.684878587770655,0,1,train
3003,Punjab,0,2,67599.68062082614,57019.49583647364,104.77787547511662,1,0,train
3004,Punjab,1,6,15476.14041490446,11516.289661402388,72.5998469817648,0,1,train
3005,Punjab,1,8,32063.25683551323,33433.001080660506,124.17674376463074,0,1,train
3006,Sindh,0,3,34176.52896762231,34019.29512183147,69.79235362959136,0,1,train
3007,Khyber Pakhtunkhwa,0,4,51801.44261149664,40060.31127598609,76.107020746728,1,0,test
3008,Sindh,0,6,119636.01649131924,86384.28406530822,120.95729058537086,0,0,test
3009,Punjab,0,2,36010.77605755444,31724.058585451432,23.15387092208395,1,1,train
3010,Punjab,0,3,11575.286720064234,15329.999007865625,35.94819314262762,1,1,test
3011,Sindh,0,5,60183.1132296078,40397.57212332242,63.16386414698047,0,0,train
3012,Sindh,0,3,35257.97194288222,34041.718111647046,42.32155884143254,0,1,train
3013,Khyber Pakhtunkhwa,0,7,13130.247370169453,17283.646028380157,92.27200634490234,0,1,train
3014,Khyber Pakhtunkhwa,0,2,35258.10599841592,32906.37676147348,27.20974835069922,1,1,train
3015,Punjab,0,4,5928.3200864080545,5921.23749506125,58.903208841169196,0,1,train
3016,Punjab,1,7,80562.8095329636,71953.78086920372,126.46217886323286,1,0,train
3017,Khyber Pakhtunkhwa,0,7,10317.605593790548,12922.888693133857,96.89344214231839,0,1,train
3018,Punjab,0,11,31733.485577087173,26360.189075418846,201.16696172176844,0,1,train
3019,Punjab,1,4,32069.557691113907,25081.673550999534,119.28199376100785,1,1,train
3020,Punjab,0,4,19103.902144833883,19497.292827660072,38.225120078745164,0,1,train
3021,Sindh,1,5,25907.30251491675,27508.979475253815,97.78067869680868,1,1,train
3022,Punjab,1,6,15650.442466905213,12219.653758874765,78.4808449419443,0,1,train
3023,Khyber Pakhtunkhwa,0,7,30290.386386438335,24989.685913417146,53.94194630267504,0,1,train
3024,Punjab,0,4,88190.9147992235,64778.309995496646,111.3893031566362,1,0,train
3025,Sindh,1,3,63934.83061572299,58518.88783691672,73.15417380639082,0,0,train
3026,Punjab,1,5,33483.13805456313,25866.386071263027,66.37606840859104,0,1,train
3027,Khyber Pakhtunkhwa,0,4,20292.978685289552,22583.363742108217,22.975899940148132,1,1,train
3028,Sindh,0,5,40452.03754301933,32445.021336960603,67.47717580761201,0,0,test
3029,Punjab,0,2,8467.788600669128,9077.610387819876,10,0,1,train
3030,Punjab,1,6,19306.686525102694,25602.28768478056,48.840798025334045,0,1,train
3031,Sindh,1,4,92557.35666719229,72459.7765827309,129.43561689327342,1,0,train
3032,Sindh,0,2,17533.91816518495,17981.681136964264,70.28489468194618,0,1,train
3033,Khyber Pakhtunkhwa,1,2,38917.459314622116,34628.671341558955,71.01139351752603,1,1,train
3034,Sindh,0,6,33746.93561737133,29381.367894073548,71.90042830021898,0,1,test
3035,Punjab,0,6,15074.016602007927,13748.378632278595,108.24823420509253,0,1,test
3036,Khyber Pakhtunkhwa,1,4,16680.330487869414,12532.732108704833,48.19369566751875,0,1,test
3037,Khyber Pakhtunkhwa,1,6,45577.02344897201,29899.10942428511,114.10121495701864,1,0,train
3038,Punjab,0,5,74309.02148328302,67470.00920167546,82.36919522558897,1,0,test
3039,Punjab,1,5,7020.287270545333,4727.633139750917,46.06871250541376,0,1,train
3040,Punjab,1,4,34734.46253734375,31869.237321443292,67.86778848533287,0,1,train
3041,Punjab,0,5,27843.43778468433,21828.106158452683,60.24724743240035,0,1,train
3042,Sindh,0,4,40114.10476687098,23046.734180167266,28.19082166281617,0,0,train
3043,Islamabad,1,9,38452.90140309343,35328.612181135286,129.25445513608284,0,1,train
3044,Punjab,1,3,66443.9124951801,54028.78597618393,99.74539941445245,1,0,train
3045,Sindh,0,3,32988.9924660157,31693.62220381192,21.358754845411276,0,1,train
3046,Balochistan,0,4,24701.141999602332,19505.699149767403,66.09580337871505,0,1,train
3047,Punjab,0,7,26834.82373811705,19830.944570954216,31.720915483862612,1,1,train
3048,Sindh,0,6,26545.531010957886,25059.44309069085,64.72458557965814,0,1,train
3049,Khyber Pakhtunkhwa,1,2,31335.12914908311,28378.875110976176,41.77359469911139,0,1,train
3050,Punjab,0,4,16621.80799471582,12813.840347679688,62.22051233519848,0,1,train
3051,Punjab,1,8,57424.1609657071,49759.53065822203,121.80416820783276,1,0,train
3052,Punjab,0,6,38787.07572262851,34722.54833315661,89.5609066930961,1,1,train
3053,Sindh,0,5,99882.55455808975,80748.84630354894,132.2760077331898,0,0,train
3054,Punjab,0,8,19041.989060214597,13149.405004980099,108.6713412401393,0,1,train
3055,Punjab,0,4,28789.10287248544,22140.910625185454,65.37693475300193,1,1,test
3056,Punjab,0,8,13316.522352654009,4513.972379168633,99.81612777521235,0,1,train
3057,Punjab,0,9,37427.8537813809,31754.979099955013,108.82713253411302,0,1,train
3058,Khyber Pakhtunkhwa,0,7,74648.14708854097,63416.67946746377,185.54160511703196,1,0,train
3059,Sindh,0,4,33298.5754587933,28964.273578663062,86.48386832509075,1,1,test
3060,Punjab,1,4,26094.115253820084,20258.28992551434,108.07110991194227,0,1,train
3061,Punjab,0,6,7890.60323176801,10063.743516952782,75.75628003161202,0,1,test
3062,Balochistan,0,9,35596.65440578505,23570.160375572683,97.25548833314332,1,1,train
3063,Punjab,0,6,7212.441697025854,3773.840590732814,78.4898772138216,0,1,train
3064,Punjab,0,5,18451.599174087423,16901.06848390496,110.86886706429047,0,1,train
3065,Punjab,0,4,47046.95183731348,27487.81776349556,92.67343432421592,0,0,test
3066,Punjab,1,4,15598.286451887636,12800.418636060313,69.68682850845343,1,1,train
3067,Khyber Pakhtunkhwa,1,5,32263.953033172686,30708.400257053094,111.12329687167752,1,1,test
3068,Punjab,1,9,31651.890837642484,24245.588301759948,111.1965318337038,1,1,test
3069,Sindh,0,4,45996.63684054855,37421.83436547914,73.09642740891464,0,0,train
3070,Punjab,1,3,57837.6978415538,43647.23585675017,26.01240233863178,0,0,test
3071,Khyber Pakhtunkhwa,0,1,52649.30016079719,42859.71285366197,65.83174700816454,1,0,test
3072,Sindh,1,6,34731.16017677566,31992.36643006864,130.41718422644269,1,1,train
3073,Sindh,1,3,54023.01632639895,46913.79879042551,55.535309849313414,1,0,train
3074,Punjab,0,2,26873.75951817276,23290.273720662375,12.788722218152913,1,1,train
3075,Punjab,0,1,15547.943789298537,18576.756740115732,69.15628898600238,0,1,test
3076,Sindh,0,10,18717.3827396856,10098.73449410832,166.79905793484252,1,1,train
3077,Sindh,0,4,25777.814938075873,23471.643420013592,51.621713648654065,0,1,test
3078,Punjab,0,5,33182.568966356324,33910.460364862505,85.61760605992339,0,1,train
3079,Punjab,1,6,15889.590751899466,13902.852969899563,111.3533338389795,1,1,train
3080,Sindh,0,3,6155.741019330429,8451.246861568052,64.21100632090679,0,1,train
3081,Punjab,0,5,46953.01818207842,35840.78404781888,51.9719289654214,0,0,test
3082,Sindh,0,4,25388.34495316405,24134.591547987136,28.034540282980153,0,1,train
3083,Sindh,1,2,19082.1088409649,15271.141995875832,10,0,1,train
3084,Sindh,0,5,16493.172128306385,3261.903012563698,96.01987366448455,0,1,train
3085,Punjab,1,8,63736.12654849898,57435.88383582511,148.95527043088146,1,0,train
3086,Punjab,0,10,8753.502842615819,5425.31393494726,150.86506720691023,0,1,test
3087,Punjab,0,4,26003.387418552527,20934.862332695062,93.26313723319473,0,1,train
3088,Punjab,0,3,38828.877579954475,39547.02213778731,12.652783206258476,1,1,train
3089,Punjab,0,2,28254.396777176058,25863.88727773566,10,0,1,test
3090,Balochistan,0,3,7654.751591478932,3870.318624944104,40.91158086013233,0,1,train
3091,Punjab,1,4,72748.58448820635,64705.39465666115,37.831780203142834,1,0,train
3092,Balochistan,0,6,35466.55386954123,30216.17087699909,91.7268664968858,1,1,test
3093,Punjab,0,7,17378.258733735853,13751.434267715766,28.72036793971683,1,1,test
3094,Punjab,0,3,39091.494179705915,38165.382615107745,74.56960842521545,0,1,train
3095,Khyber Pakhtunkhwa,1,7,32671.234544472725,32563.059661440184,38.72398637155112,0,1,train
3096,Khyber Pakhtunkhwa,0,3,13205.00174445808,11290.698774136998,51.592024372563124,0,1,test
3097,Punjab,0,6,56524.372808592816,36504.467658678324,137.01630641465374,0,0,train
3098,Punjab,1,3,11643.725736493923,9134.550130926562,55.925951386604225,1,1,test
3099,Punjab,1,1,21768.22880323069,19960.118533172485,46.091716048401906,0,1,train
3100,Sindh,1,5,28340.864005237705,27600.017902417894,40.51296523192756,0,1,train
3101,Khyber Pakhtunkhwa,0,10,23539.551196952983,21331.87853401593,132.87245601522125,1,1,train
3102,Punjab,0,8,33302.780561571366,25767.62367375675,99.1973953814517,0,1,test
3103,Punjab,0,8,28232.785555852384,28070.486096563094,93.59854368823044,0,1,test
3104,Punjab,1,5,30922.569195663655,29569.80621608847,62.35404500576274,0,1,train
3105,Punjab,1,4,16651.696235544285,11682.74640608167,87.2525588358366,0,1,test
3106,Punjab,0,4,23543.77015016458,18687.06467541376,67.0218755077791,0,1,train
3107,Punjab,1,7,17800.014698939227,16789.56591328391,113.76431783797304,0,1,test
3108,Sindh,0,4,11651.547027299446,5932.2301938491055,21.735697001489566,0,1,train
3109,Punjab,0,2,38718.63742585366,34972.558302019745,78.57615779930586,1,1,test
3110,Punjab,1,6,28661.923551978467,27887.557939953615,74.71056229490387,1,1,test
3111,Punjab,0,5,58162.1471133035,40489.82245286147,96.14684358739741,1,0,test
3112,Punjab,1,7,20411.942652964623,15183.39427730635,74.18852962379442,0,1,train
3113,Sindh,0,9,67868.1851099135,51648.19156055683,103.77255378028333,0,0,test
3114,Khyber Pakhtunkhwa,0,5,40946.97684871031,33238.69544508729,80.27449650242565,1,0,train
3115,Punjab,0,6,24610.25807179646,24726.799785455365,80.8018737657981,0,1,train
3116,Balochistan,1,3,13882.997321526804,13945.842235514014,47.05537009765537,1,1,test
3117,Punjab,0,9,51471.6812522539,37284.46177566948,158.2328338943258,0,0,train
3118,Punjab,0,5,7945.002428980215,5771.573907968598,72.44951230625884,0,1,train
3119,Sindh,1,1,20273.268558819233,19303.112829041223,81.30667855658294,1,1,test
3120,Punjab,0,4,18152.469217740974,16877.783569666484,76.55494279729575,0,1,train
3121,Khyber Pakhtunkhwa,0,5,26355.814892667528,22061.019499138667,25.399281690439146,0,1,train
3122,Punjab,1,3,23421.85577738562,18722.377571758127,19.541038425364707,0,1,train
3123,Punjab,0,7,32073.748711389697,25804.127530310314,87.54796912320236,0,1,test
3124,Sindh,0,7,49309.27698233316,28993.09742759127,163.8482743963767,0,0,train
3125,Punjab,0,4,31227.053028281705,25819.804183734654,46.40807232157982,1,1,test
3126,Punjab,1,1,18331.947538422803,14033.205140186856,88.80067539037752,0,1,test
3127,Khyber Pakhtunkhwa,0,5,10672.078399558097,13309.22607567192,122.9853019180041,0,1,train
3128,Punjab,0,5,11900.32966704439,10341.824124818033,65.46260487151316,0,1,train
3129,Sindh,0,5,9907.593995346497,9737.152851507133,23.869878494045587,0,1,train
3130,Khyber Pakhtunkhwa,0,5,27977.574461797965,24654.073285558625,96.67884488126386,0,1,train
3131,Khyber Pakhtunkhwa,1,6,9043.520749087465,6348.546071447522,61.47812934371186,0,1,train
3132,Balochistan,0,3,9936.394166281436,8551.732587668164,44.293923014218564,1,1,train
3133,Punjab,0,5,31829.509653991598,22348.69481569247,54.93112660296801,1,1,train
3134,Punjab,1,4,103544.03220236083,71585.36787649711,107.81172735985821,0,0,test
3135,Khyber Pakhtunkhwa,0,5,11531.086075979429,13124.415208131515,15.430447797990496,0,1,train
3136,Punjab,1,7,7076.507859940242,6127.972559842061,107.20108473382088,1,1,train
3137,Punjab,0,4,7378.397939965891,7821.276131508125,35.91774742585443,0,1,train
3138,Sindh,0,4,13992.338238300825,20908.416902027122,10,0,1,train
3139,Khyber Pakhtunkhwa,0,4,39533.65075608016,38954.825318642754,68.81719309457246,1,1,train
3140,Sindh,0,6,53737.04240849802,44341.35684625393,79.07775780436528,0,0,test
3141,Punjab,0,5,28702.30166957058,24090.44333490521,134.29236414062498,0,1,train
3142,Punjab,0,5,18733.73562799893,20213.147376241635,84.11068253369588,0,1,test
3143,Punjab,0,3,40105.153992791704,37299.85460310804,27.94235174419439,1,0,train
3144,Punjab,0,8,29715.355512602175,22994.830034873325,22.278705265627266,0,1,test
3145,Khyber Pakhtunkhwa,1,4,20001.40860114177,9173.496715312713,65.56540287322213,0,1,train
3146,Khyber Pakhtunkhwa,0,10,29943.92312027751,29763.841440869684,134.60764553156253,0,1,train
3147,Balochistan,1,6,16072.147024118098,15412.711276321303,62.142200247599256,0,1,train
3148,Sindh,1,4,41233.93328080564,27089.188557090714,88.2177883161024,0,0,test
3149,Punjab,0,4,54637.96079521632,46656.92257799312,44.10757347787737,0,0,train
3150,Punjab,1,5,25162.82380209239,19893.72954031617,70.91405768714569,0,1,train
3151,Khyber Pakhtunkhwa,0,5,16025.060102988356,18982.33412324499,28.95913859139604,0,1,train
3152,Sindh,0,2,16534.720869265802,14062.995583758235,10,0,1,test
3153,Punjab,1,12,72092.53095635572,58644.565492125286,152.24043053857832,1,0,train
3154,Punjab,1,8,20928.81861801182,19468.648007001764,152.12641918848885,0,1,train
3155,Khyber Pakhtunkhwa,0,6,50473.72617858726,44105.46476472627,57.62734182875583,0,0,train
3156,Punjab,0,7,35230.938686229114,26729.840605385467,85.02449757700087,1,1,train
3157,Punjab,0,2,7250.9866795166545,6707.811342360832,10,0,1,train
3158,Sindh,0,6,28270.169038765467,17252.001898296287,83.68113732358758,0,1,train
3159,Sindh,1,5,39670.76229527006,36762.37244710673,72.22268827334292,1,1,test
3160,Punjab,1,3,74107.31688096216,64517.3643389133,101.69905816758083,0,0,test
3161,Punjab,0,7,153713.51897631222,97070.69619681285,167.54258452039014,0,0,test
3162,Punjab,1,7,13902.853778220097,10522.84928877355,56.53245283969142,0,1,train
3163,Punjab,1,1,10235.718505406277,7221.177662803603,10,1,1,test
3164,Punjab,0,6,27484.719312814308,19775.620399550928,96.26799838450968,0,1,test
3165,Sindh,1,5,11466.032918362245,12177.612091848008,63.40221163805418,0,1,test
3166,Khyber Pakhtunkhwa,0,3,14339.056909584382,15712.449344213232,10,0,1,test
3167,Balochistan,1,5,10511.696734640114,3370.7509499416583,16.143361744195538,0,1,train
3168,Punjab,0,3,11302.051630972199,11953.095971463681,10,0,1,test
3169,Punjab,1,11,17988.709334909687,16715.75376296842,145.10726907545518,1,1,train
3170,Punjab,1,4,7771.974327067534,7437.709734845016,10,1,1,train
3171,Punjab,1,9,12307.04441447719,7426.534495040265,121.57179783890503,0,1,train
3172,Punjab,0,2,54217.417838529065,46264.273037740546,53.31185700990467,1,0,test
3173,Punjab,0,2,11465.792104905386,9419.682777995644,38.912511377719284,0,1,train
3174,Sindh,0,6,38518.57257629739,34909.90905643537,36.70461899438931,0,1,test
3175,Punjab,1,5,133803.30334608656,108602.46801929938,200.5689250202036,1,0,test
3176,Punjab,0,3,56852.15595227206,35652.0898333477,134.59475311980273,1,0,test
3177,Sindh,1,4,25000.940263480417,17084.196849076452,46.536070831084864,1,1,train
3178,Punjab,1,6,80755.25629195952,67970.25871241195,168.7455766210226,1,0,train
3179,Sindh,0,3,9091.206800536549,10953.975481485555,34.90511838162884,1,1,test
3180,Punjab,1,6,40872.15512698466,37048.514731128605,61.9404385680749,1,0,train
3181,Sindh,0,6,18721.10246352166,16920.1571115315,68.58167479197455,1,1,train
3182,Khyber Pakhtunkhwa,0,1,16671.626669898484,15660.96458301255,61.154574055034054,0,1,train
3183,Sindh,0,5,17840.436306972453,17037.133442734703,55.05873894764612,0,1,train
3184,Sindh,1,3,17333.77568798077,11774.21873459945,80.83278246893727,0,1,train
3185,Punjab,0,2,17339.7782270987,19588.278404097542,10,1,1,train
3186,Sindh,0,5,17716.848185522864,13997.609423512125,73.43071369976165,0,1,test
3187,Punjab,0,1,42630.76978323804,33974.208221566914,99.32444544948102,0,0,train
3188,Punjab,1,7,22073.454210431926,24105.561760863107,104.8318439172152,1,1,train
3189,Sindh,0,5,25622.09395504651,23456.690658725376,83.60959114457764,0,1,train
3190,Punjab,1,4,29174.464137866278,21716.911159053136,91.81985937028513,1,1,train
3191,Punjab,0,11,45871.5882493203,37417.97498254135,150.208667929438,0,0,test
3192,Punjab,0,4,17740.058529551407,21637.958490941015,10,0,1,train
3193,Punjab,1,2,17198.83229865032,14705.315942346788,25.443949712553895,1,1,test
3194,Sindh,0,7,42791.83547862544,29487.72643732534,137.62931216334462,1,0,train
3195,Punjab,0,6,57008.946444251436,46572.35957370182,126.28948119764375,0,0,train
3196,Punjab,1,6,13733.396346882715,10176.505992994458,38.09406853381156,0,1,train
3197,Islamabad,0,3,43124.8454059146,32666.205490388827,50.066108387588464,0,0,train
3198,Punjab,0,8,26257.124700396947,22251.522956153443,116.18645579280259,1,1,train
3199,Punjab,1,3,11640.697079205538,7768.911742525178,10,0,1,test
3200,Khyber Pakhtunkhwa,0,5,46700.28478106298,36393.06828888663,46.90740446598552,0,0,test
3201,Punjab,0,5,13392.280394053583,10406.922206113722,52.04104202579268,0,1,test
3202,Punjab,0,7,12334.312765278311,10549.595326752216,79.09952703328788,0,1,train
3203,Balochistan,0,9,48332.38621527561,35061.77413814014,137.5766726653311,1,0,train
3204,Punjab,0,1,18257.579567417884,13645.158396451525,29.372536197327136,1,1,test
3205,Khyber Pakhtunkhwa,0,5,34598.123540231645,28142.95978239598,20.133406207056893,0,1,train
3206,Punjab,0,4,21622.960896174496,10858.232382418686,79.32699096887912,1,1,train
3207,Punjab,1,5,12666.404231482216,14232.772549267529,61.11712067906934,1,1,train
3208,Punjab,0,7,19356.27180675631,20690.834811971938,95.1083576103519,0,1,train
3209,Sindh,0,1,42680.54809201435,34184.475624108134,10,0,0,test
3210,Khyber Pakhtunkhwa,0,8,10926.697498082476,7008.021265633641,150.45594133622092,0,1,test
3211,Balochistan,0,4,111887.68113272203,82444.14462174913,116.58676653484689,1,0,train
3212,Punjab,1,7,37514.54665867326,28382.942434723744,121.93171601578142,1,1,train
3213,Sindh,1,8,8094.457638932611,8434.995100649001,73.45183362944738,1,1,test
3214,Punjab,1,5,15564.773269735078,12301.687277978674,23.716907982100658,0,1,test
3215,Punjab,1,3,30678.912243042603,25633.728376701507,11.096245776373927,1,1,test
3216,Punjab,1,7,16166.557326762644,20791.952915975256,87.32253828987716,0,1,test
3217,Khyber Pakhtunkhwa,0,4,39095.90438546187,35134.83164091713,97.26912289426632,0,1,train
3218,Khyber Pakhtunkhwa,1,1,13643.655939416429,14674.613244394499,10,1,1,train
3219,Balochistan,0,3,12906.49900214672,11158.1605538103,37.17603160381324,0,1,train
3220,Khyber Pakhtunkhwa,1,6,38151.6174324058,31442.875374120144,56.701389983252454,0,1,train
3221,Punjab,1,2,21274.366182833604,22092.667051912995,64.1896220777434,1,1,test
3222,Punjab,0,8,26825.0610992503,22801.649463637714,115.3267614161266,1,1,test
3223,Sindh,1,4,55554.25995471302,43190.883231661384,71.86234307022801,1,0,test
3224,Khyber Pakhtunkhwa,1,3,79111.81158543086,64049.61812361109,149.38192618196874,0,0,test
3225,Sindh,0,3,83541.10523254365,72518.61657017794,49.810008889342534,1,0,train
3226,Punjab,1,5,53268.81900915339,45502.154156910365,93.9866721069107,0,0,train
3227,Sindh,0,6,19687.177427486593,14867.39662457515,120.301895950763,1,1,test
3228,Punjab,1,4,22474.346595519983,17751.565137592614,78.68423489183826,0,1,test
3229,Sindh,0,3,66474.61401905361,55289.15611550339,64.31568126627268,0,0,train
3230,Khyber Pakhtunkhwa,0,6,8795.71004284439,6602.226886726075,54.92830748037798,0,1,test
3231,Punjab,0,3,51759.27787785148,43550.533978012165,81.79290850756743,0,0,train
3232,Punjab,0,7,53227.789062303375,39566.69966552998,155.98666588864415,1,0,train
3233,Sindh,1,4,27234.181086754033,25726.872054088344,119.21154389053157,1,1,test
3234,Punjab,0,4,26993.38486803121,20100.030152447544,73.6082667122774,0,1,test
3235,Punjab,1,7,26454.374438229606,23337.001386229414,88.17081143248457,0,1,test
3236,Sindh,0,4,26620.578711644546,20709.250751394615,41.13381176014161,0,1,test
3237,Punjab,0,5,15015.716938378042,16543.046703955224,109.28115545039313,1,1,train
3238,Punjab,0,4,51232.994429576946,44882.88995659556,67.67188194722961,0,0,test
3239,Sindh,0,7,45194.11437338044,26057.087097392334,103.3190441233332,1,0,train
3240,Punjab,0,5,11126.450202084096,19542.454891018526,39.55391359438565,0,1,train
3241,Punjab,1,4,59026.63348988329,49699.98511010925,38.7907272846182,1,0,test
3242,Khyber Pakhtunkhwa,0,2,23967.755816062,23393.116477919182,71.31660627578441,0,1,train
3243,Punjab,0,3,15283.49451354769,15521.101902777988,40.028704077750646,0,1,train
3244,Punjab,0,2,25459.856410263947,24147.829750052268,18.889615190122058,0,1,test
3245,Punjab,0,1,35498.25459561444,28639.68171539437,32.99857271796041,0,1,test
3246,Punjab,1,6,119933.65510216386,90275.96459606163,127.00349734710639,1,0,train
3247,Punjab,0,6,33885.848161009344,25148.50356418602,130.79129633072966,1,1,test
3248,Punjab,1,6,28222.789661601142,28216.586096790674,164.90281119711403,0,1,train
3249,Sindh,1,8,24199.327028034026,21474.031228916374,55.29951202229682,0,1,test
3250,Sindh,1,4,19597.147714932376,20542.602952035817,57.33775923797601,1,1,train
3251,Punjab,0,4,49852.53254478181,44939.73822236357,111.1037733204534,0,0,train
3252,Sindh,0,5,27763.189184417464,17531.084083709557,80.79426268301424,0,1,train
3253,Punjab,0,6,81887.667936046,51738.65574661527,118.80181297012426,1,0,train
3254,Sindh,1,6,24323.70731514023,21434.807645894685,92.81096997224066,1,1,train
3255,Sindh,0,3,24070.792939193856,16665.50163955312,116.3982024072434,0,1,test
3256,Punjab,1,10,49277.80681578081,40510.69062766055,130.60005963011847,1,0,train
3257,Punjab,0,5,36229.96768185621,33234.311083476954,85.1395707095227,0,1,train
3258,Punjab,1,10,29997.16077707306,20891.982641009592,112.41396253669623,0,1,test
3259,Sindh,1,8,36380.50920374904,32700.1069894244,80.52218029037093,1,1,test
3260,Punjab,1,8,9710.56853637004,6885.849420630264,95.66159684652801,0,1,train
3261,Punjab,1,5,45866.99811177351,29635.182457915966,91.30477873125045,1,0,train
3262,Khyber Pakhtunkhwa,0,3,61092.36512179158,40293.268068832855,83.72592067387988,0,0,train
3263,Punjab,0,3,13431.799613675314,12383.74607976705,35.66193996512377,1,1,train
3264,Khyber Pakhtunkhwa,1,8,16686.912372936782,14952.270876779292,45.51754940567198,0,1,train
3265,Punjab,0,3,70443.44234922371,61347.98172453244,105.76370556806617,1,0,test
3266,Sindh,0,7,45066.98183192566,36005.509265883964,116.00390027730275,1,0,test
3267,Sindh,1,1,72669.25337009496,52324.598359616895,131.2136593949268,1,0,test
3268,Punjab,1,12,33094.11152763056,30821.465261329577,118.37158604459643,0,1,train
3269,Khyber Pakhtunkhwa,1,3,49112.163042173546,29603.061837373,127.00603513103512,1,0,train
3270,Khyber Pakhtunkhwa,1,4,68709.90060329589,55676.22705852189,134.76776221671062,1,0,train
3271,Islamabad,0,3,85036.10267795212,62216.48008253424,63.01345847873555,0,0,train
3272,Khyber Pakhtunkhwa,0,4,15925.977285418636,17756.94212813299,42.4001797327493,1,1,train
3273,Punjab,0,7,27943.61043038417,24272.407548517614,99.15399677050362,1,1,train
3274,Sindh,1,8,38653.11226088408,34246.18937410152,98.5582451847787,0,1,test
3275,Punjab,0,3,33560.3621642959,35058.660136193386,10,0,1,test
3276,Punjab,0,3,35265.516184711305,27598.323439971624,100.77594358336553,1,1,train
3277,Sindh,1,6,23560.819755076685,20068.31764643535,97.68153550853546,1,1,test
3278,Punjab,1,2,70079.44271865292,47609.45239287469,72.08247826283345,1,0,test
3279,Balochistan,1,7,16107.780610545171,13299.060975007127,93.26969227068778,0,1,train
3280,Khyber Pakhtunkhwa,1,7,76880.21741331332,67275.21024256526,71.27406228192794,0,0,test
3281,Khyber Pakhtunkhwa,1,7,14183.533017602458,11657.475981963711,83.46119197931553,1,1,train
3282,Sindh,0,6,26482.665657616384,24836.93041983439,130.08513913628263,1,1,train
3283,Punjab,0,5,44887.789709307566,35235.22000881252,103.56359098606393,0,0,train
3284,Sindh,0,3,25478.695456920486,21272.569705700203,14.869902856195196,0,1,train
3285,Punjab,1,10,16629.55220698967,17727.905214206243,84.07893261817482,1,1,train
3286,Khyber Pakhtunkhwa,1,7,11134.480106982011,4943.103881462599,67.12001300961442,0,1,train
3287,Balochistan,0,6,41312.67892797217,23659.643349300513,60.9351020764361,0,0,train
3288,Punjab,1,3,36354.76082085537,31811.061150073656,67.46953209222796,0,1,train
3289,Khyber Pakhtunkhwa,0,9,27308.243631993268,26841.03667984979,159.79798210288632,0,1,train
3290,Punjab,0,6,25539.660526913998,21437.141849553464,68.55360758329391,1,1,train
3291,Sindh,0,8,42768.633451854126,40999.4940798875,92.6547296954561,0,0,test
3292,Punjab,0,3,35087.15983835614,29237.98036465215,90.01943813957337,0,1,train
3293,Balochistan,0,8,20648.32243390512,12225.027454974366,94.77772843851751,1,1,train
3294,Punjab,1,1,62783.74020510076,50471.12339047124,69.4493924855821,0,0,train
3295,Punjab,0,3,42574.17215448061,35348.03388558596,80.43521946447186,1,0,train
3296,Sindh,1,5,18073.377627344948,18984.931548850156,67.0312703990684,0,1,test
3297,Punjab,1,3,26732.406066862837,25244.672895927506,108.81220031151233,0,1,train
3298,Punjab,0,3,11570.22057759515,10318.417885016826,17.798675521815724,0,1,train
3299,Punjab,0,5,11430.805646280765,15798.15924925726,79.04129137482576,1,1,train
3300,Punjab,1,3,49478.44524541932,36131.776398124486,82.15841734213834,0,0,train
3301,Punjab,0,4,53866.83991459467,50267.88345351353,54.39972427676158,1,0,train
3302,Punjab,1,5,128653.92542276905,109299.55148081352,171.08771723363455,0,0,train
3303,Punjab,1,5,35238.6913639782,27501.6635230381,120.3165985892887,0,1,train
3304,Khyber Pakhtunkhwa,1,5,18458.617643405763,13286.534670418001,24.745073305371797,0,1,train
3305,Punjab,1,2,33107.737443343765,28864.041184685506,109.61859298688466,0,1,train
3306,Punjab,0,4,6836.845630424419,4454.146670542834,10,0,1,train
3307,Punjab,1,6,21734.70983117814,24013.125500787108,88.24303647938859,1,1,test
3308,Punjab,1,2,11454.12759751429,12366.268238398201,33.871158496179696,0,1,train
3309,Sindh,0,4,26928.5147764005,20498.593072457323,46.23695069860072,0,1,train
3310,Punjab,0,6,97611.9369430257,76925.1660660816,124.9598947514639,1,0,train
3311,Punjab,1,3,52782.97682483729,35569.89587532503,93.75140730897671,1,0,train
3312,Punjab,0,5,19385.754704299856,16939.698976967768,58.626099871794345,1,1,test
3313,Sindh,1,3,20364.23812120995,18016.025255148095,32.0728359538682,0,1,test
3314,Punjab,0,4,28359.628545562256,24051.03895505194,75.9698178132536,0,1,train
3315,Sindh,0,4,21541.73465482982,16940.279463580675,64.03614181579123,0,1,train
3316,Sindh,1,7,62153.19381721189,45988.004720285506,162.10138815216936,1,0,train
3317,Punjab,0,8,19611.302741765474,12423.647703090408,92.07246184168655,0,1,train
3318,Punjab,1,5,9501.846888270931,11943.744547096952,83.70171838285624,1,1,train
3319,Punjab,1,6,24894.783655473926,18059.88992918907,96.1177699566348,0,1,test
3320,Sindh,1,4,30648.646371594034,28117.7598687441,139.1611922880814,1,1,test
3321,Islamabad,1,3,64218.601401824504,39288.970341751716,83.55414890029144,1,0,train
3322,Punjab,1,7,16282.981707523557,10482.3035789422,59.702777673709406,0,1,train
3323,Khyber Pakhtunkhwa,0,5,23328.761763689457,23794.669622250578,51.9974862110698,1,1,test
3324,Punjab,1,7,29443.307200510983,27851.16257632922,81.3705728988837,0,1,train
3325,Khyber Pakhtunkhwa,0,9,57517.41343223245,38720.394274920254,219.76839777134154,1,0,train
3326,Khyber Pakhtunkhwa,1,6,47982.336756464065,36963.418122270275,136.71171688098815,1,0,train
3327,Punjab,0,2,110851.7670096363,86759.67624117037,73.04566445957154,1,0,test
3328,Khyber Pakhtunkhwa,0,4,45283.52363305035,31935.11933116391,59.612442808772634,0,0,train
3329,Punjab,1,7,16372.785743006729,8087.786103297913,64.65345946813397,0,1,train
3330,Khyber Pakhtunkhwa,1,5,4981.247661242383,5577.242982221588,107.46127929490396,1,1,train
3331,Sindh,0,6,28621.565890831916,26763.614163605384,99.64234408386308,0,1,train
3332,Sindh,0,4,26028.669706838118,26268.013962908757,84.41217925396344,1,1,train
3333,Punjab,1,3,22721.048083443766,20037.61586218883,62.90467240929667,1,1,train
3334,Punjab,1,6,71689.87103699593,52045.66846020476,168.20368593686453,1,0,train
3335,Islamabad,0,2,53182.20576873007,39830.093487484155,64.18717990787259,1,0,train
3336,Punjab,0,4,24970.808090455346,21007.67585879999,59.446794195487634,0,1,test
3337,Punjab,0,8,26492.75504849619,19918.51719908054,88.4332386267561,0,1,train
3338,Punjab,1,3,113660.62994956903,79077.87866615567,136.53085788011973,1,0,test
3339,Punjab,0,2,7808.714271092311,3795.239519270061,36.64506182433868,0,1,test
3340,Sindh,0,1,9121.626064950253,6740.852335314188,46.62579202174037,0,1,train
3341,Khyber Pakhtunkhwa,1,3,37286.437361944576,37224.55483658103,53.68106406063659,1,1,train
3342,Punjab,0,7,31897.49626500032,29532.839266195246,72.95129699375315,0,1,train
3343,Punjab,0,5,52654.90977566488,44149.12931153166,58.65989402116434,0,0,test
3344,Khyber Pakhtunkhwa,1,5,19331.688672348137,17383.297125450248,70.00391290863222,1,1,test
3345,Punjab,0,3,51168.043979028,50454.33355942179,76.07632334667883,0,0,train
3346,Sindh,0,4,48716.23168305306,44756.04904462658,107.98519073331727,0,0,test
3347,Sindh,0,6,14660.391056031664,12826.767092425089,86.24125696499115,0,1,test
3348,Khyber Pakhtunkhwa,1,5,19432.772308090895,13870.76056864312,135.89063862612312,1,1,test
3349,Punjab,0,6,91203.2718938042,75953.29788298896,162.68057445324655,0,0,train
3350,Balochistan,0,2,9769.63874456338,11641.718262301725,10,0,1,train
3351,Punjab,0,4,26812.757338479823,23355.87148296976,23.52121797587548,0,1,train
3352,Punjab,1,8,64469.80362345122,51015.07613383722,99.54967028830782,1,0,train
3353,Punjab,1,6,32504.808638597453,35523.96514494666,85.83339328191434,0,1,train
3354,Punjab,0,6,20817.52362634054,20561.85919495016,88.26014340154546,0,1,test
3355,Khyber Pakhtunkhwa,1,7,61553.710246099945,43586.06126797506,101.71986739618765,0,0,train
3356,Punjab,0,6,15926.926126305545,14672.127518798297,121.04617621362254,0,1,train
3357,Punjab,0,4,25439.978451163952,21653.655677082716,103.77810956120281,0,1,train
3358,Punjab,0,7,44591.68281400481,31430.74835926684,127.61783312864937,0,0,test
3359,Khyber Pakhtunkhwa,1,5,20223.462840155564,20675.63519424447,38.5916122133987,1,1,train
3360,Balochistan,0,10,32337.033698895502,37401.70259476208,154.87168879397,0,1,train
3361,Khyber Pakhtunkhwa,0,6,64961.29246206398,54082.053182285104,86.88283323269809,0,0,train
3362,Punjab,0,5,19933.85164929121,17818.361157531228,107.40950671294476,0,1,train
3363,Punjab,0,3,193711.09125360346,132816.69336283876,213.21864295938715,0,0,test
3364,Punjab,0,3,20770.85355832515,16572.04436141744,42.64442477622622,1,1,train
3365,Punjab,1,4,53539.74959809442,39047.803444063364,70.00890188256044,0,0,test
3366,Sindh,0,7,76820.11085274818,66613.87652211306,215.70761852875438,0,0,train
3367,Punjab,0,6,22012.01219117113,22641.711327575656,48.71964833359877,0,1,train
3368,Sindh,0,5,20997.485014002417,20253.272122467406,25.607725432090746,0,1,test
3369,Sindh,1,5,13117.949697465403,17623.662552058817,75.83143216502229,0,1,test
3370,Punjab,0,7,40085.54255306673,32388.126979455108,67.07657929846948,0,0,test
3371,Khyber Pakhtunkhwa,0,2,59088.324942086314,44786.50813728309,61.46145952265238,0,0,train
3372,Punjab,1,6,8734.1133470705,11781.999975892655,10,0,1,train
3373,Punjab,0,5,36956.077314212154,33784.34704857026,35.81800068702974,0,1,train
3374,Punjab,1,9,69394.25588130602,53420.54452235068,111.09132606829525,1,0,train
3375,Sindh,0,7,61945.66179935213,48731.6632029535,130.78675657292763,1,0,train
3376,Punjab,0,4,75112.16832848471,70390.4800801608,79.12171909585217,0,0,train
3377,Khyber Pakhtunkhwa,1,5,31709.366506173967,22962.744488483964,29.61684433872751,1,1,train
3378,Punjab,1,2,12894.689410960922,4229.199366978149,10,1,1,train
3379,Khyber Pakhtunkhwa,1,8,36918.54006871744,32159.97081021984,117.20633889995167,1,1,train
3380,Khyber Pakhtunkhwa,0,3,38622.42511552484,37024.37033463381,81.86062948023569,0,1,train
3381,Khyber Pakhtunkhwa,1,4,49254.147964556956,42373.03719045987,68.33488506878888,1,0,train
3382,Khyber Pakhtunkhwa,0,2,19406.497136939437,15244.133367133172,10,0,1,test
3383,Sindh,0,3,97090.97312947754,91646.26759521446,80.3831330687576,0,0,test
3384,Punjab,0,3,46823.18563876633,37014.93420882614,70.1042443073903,0,0,train
3385,Sindh,0,4,26246.26311984227,20262.184509369552,68.50663921455902,0,1,test
3386,Punjab,0,4,48768.0065829475,41048.70096355754,41.719136473506914,0,0,train
3387,Khyber Pakhtunkhwa,0,8,66711.93079499782,61988.590198516285,106.93904817755543,1,0,test
3388,Sindh,1,3,8985.094016399506,5355.6343528189755,19.79764979264505,0,1,train
3389,Khyber Pakhtunkhwa,0,3,47422.86511214544,41034.36856279468,90.54630481616857,1,0,test
3390,Sindh,0,4,106452.62493541495,97360.39607528242,150.16080481197986,0,0,train
3391,Punjab,1,6,24867.143458668746,21466.96115379497,59.1940043042317,1,1,train
3392,Khyber Pakhtunkhwa,0,3,17337.95133198129,15842.484381569182,37.26828279501647,0,1,train
3393,Sindh,0,7,41984.12244406934,33000.10221925219,121.6117082298301,0,0,train
3394,Punjab,0,4,28947.063170768404,26259.605254186074,118.72756662674915,1,1,train
3395,Balochistan,0,12,26661.452480063814,20537.302764687836,124.14773908235476,0,1,train
3396,Punjab,1,5,57987.30219763473,48026.9668214272,76.71940073964097,1,0,train
3397,Khyber Pakhtunkhwa,0,1,44412.10185166309,38297.41291321133,55.2321500191572,0,0,train
3398,Sindh,1,4,17395.50808679476,15389.74034310388,39.47864484158574,1,1,train
3399,Punjab,0,3,22597.543128749956,21764.441549285184,65.36191640216552,0,1,train
3400,Punjab,1,7,28453.869349915767,30567.0609744421,48.13124885647913,0,1,train
3401,Khyber Pakhtunkhwa,1,5,31581.03329822005,28839.128818152676,98.51427966146646,0,1,train
3402,Balochistan,1,6,42704.53136237288,26338.82537878803,138.68291469477813,0,0,train
3403,Punjab,0,3,20703.929225118856,16339.583351398578,21.60533777400221,1,1,train
3404,Punjab,0,10,13479.979042442226,16205.753282453443,66.3913905301813,0,1,train
3405,Punjab,1,8,22704.993063847018,19873.20468371938,107.48435851871395,0,1,test
3406,Sindh,1,7,18759.109833897208,20979.24411566137,61.98228249069565,0,1,train
3407,Khyber Pakhtunkhwa,1,9,8990.776107229673,9643.052719409445,84.89988779668498,1,1,train
3408,Khyber Pakhtunkhwa,1,7,35640.227976280905,29748.164223166736,94.84880086391237,0,1,train
3409,Punjab,0,5,15724.599517824665,11259.139242879584,10,1,1,train
3410,Punjab,0,5,8605.90806759465,11368.590576340817,103.2399798395287,0,1,train
3411,Khyber Pakhtunkhwa,0,4,33995.82492466343,26607.987153743295,13.126504171463019,0,1,train
3412,Khyber Pakhtunkhwa,1,6,26052.886064495407,19942.23082309213,114.3385164757828,0,1,train
3413,Balochistan,0,7,38241.85771112667,35036.56677414358,91.24714427711517,0,1,train
3414,Punjab,1,3,119092.69802650876,86613.79222356492,149.76802795072692,0,0,train
3415,Khyber Pakhtunkhwa,0,1,19896.64548118165,14785.697997713207,12.843917102291364,1,1,test
3416,Punjab,0,5,52900.14677773125,42656.44252963239,91.39345178783519,0,0,train
3417,Punjab,1,4,17763.65896227423,12605.205633886728,48.259340128843014,0,1,test
3418,Balochistan,0,4,20020.936013173097,22562.960045812797,81.8078827369031,0,1,train
3419,Punjab,0,5,18318.976511052708,12861.355161246527,32.650781232176485,0,1,test
3420,Khyber Pakhtunkhwa,0,4,12169.140471593393,8359.190336462529,32.83456073724244,0,1,train
3421,Punjab,1,10,12826.759764720555,10494.033857049197,106.98041645993256,0,1,train
3422,Punjab,0,5,219044.89314122545,174726.26642148304,273.8960943236162,1,0,train
3423,Punjab,0,2,6371.644997447413,8340.010750879856,43.03456459886805,0,1,train
3424,Punjab,1,6,25575.26060682782,19493.50973014333,62.82692847027856,0,1,test
3425,Sindh,0,5,11101.082040462185,12974.610747778921,63.50350736341477,0,1,train
3426,Punjab,0,4,13660.56018961276,17231.446142773348,69.70038189601284,0,1,test
3427,Punjab,0,3,25779.78175611102,23746.21587242549,32.73596648047185,1,1,train
3428,Balochistan,0,7,8914.106946636399,4341.875293313239,66.68271256486486,0,1,test
3429,Sindh,1,3,18935.45883473871,17949.09858788894,55.85862715086514,1,1,train
3430,Khyber Pakhtunkhwa,0,9,16141.849410671939,10070.967016364706,93.9365806352698,0,1,test
3431,Khyber Pakhtunkhwa,0,5,20410.550136272737,19722.597940484386,63.07439027169143,0,1,train
3432,Punjab,1,4,10240.750592589005,12662.83736640003,39.67627511962563,0,1,train
3433,Sindh,0,6,4624.188741435828,3000,50.55292473653194,0,1,train
3434,Punjab,0,5,16476.064822732158,16003.560641813865,97.41160804996566,0,1,train
3435,Punjab,0,4,44095.930480748466,31748.534193271058,59.14558566047461,0,0,train
3436,Balochistan,0,6,18899.45991206319,16201.087159192726,79.69309326734475,0,1,train
3437,Punjab,0,7,17459.880385524815,14922.59850490571,116.48581000094771,0,1,test
3438,Khyber Pakhtunkhwa,0,3,61303.339950761656,49093.03790552766,77.03560835742357,1,0,train
3439,Punjab,0,4,23926.799970579956,15674.352512591053,53.932491590292514,0,1,train
3440,Punjab,0,4,15730.667854022575,12898.59432552782,39.17156438292926,0,1,train
3441,Punjab,0,3,45449.209355218765,36870.52988432767,62.30221216405475,0,0,test
3442,Punjab,1,5,18970.590098999735,18480.577613294387,10,1,1,train
3443,Sindh,0,7,26830.186145906056,22426.8284624363,82.37875582861196,0,1,train
3444,Khyber Pakhtunkhwa,1,2,35355.51359557899,27467.78440120318,37.33667069297953,1,1,test
3445,Khyber Pakhtunkhwa,0,2,27504.51747849548,24844.873610694543,29.723281437020873,1,1,train
3446,Khyber Pakhtunkhwa,0,6,24686.514117427665,23373.017016820086,54.22186531430076,0,1,test
3447,Sindh,1,4,13997.98198956966,11748.36952260791,79.96003183121447,0,1,train
3448,Punjab,1,6,37095.406423344015,30808.35364874073,81.95153819868165,1,1,train
3449,Punjab,1,3,58684.73933406879,44606.35641145168,80.74882036743784,1,0,train
3450,Sindh,1,8,79160.81332788247,60096.25690780564,131.6459397454915,1,0,train
3451,Punjab,0,4,31568.490347182604,29707.115951867945,67.13707448367549,0,1,test
3452,Khyber Pakhtunkhwa,0,4,21572.66562686891,19084.98712303722,108.92062583961257,0,1,train
3453,Punjab,1,8,13590.63582631095,10307.57533408678,171.3896491945803,0,1,test
3454,Khyber Pakhtunkhwa,1,5,20954.112301163103,20805.392917672525,31.098736500944554,0,1,train
3455,Sindh,0,9,23754.282449439324,16144.32135592923,140.3616766093965,0,1,train
3456,Khyber Pakhtunkhwa,0,5,35922.2322629284,30563.08427201803,73.57753209356348,0,1,test
3457,Islamabad,0,5,63865.32254194674,43216.588095813655,101.42678577238107,1,0,test
3458,Punjab,1,8,13072.27131797922,11956.89354353338,134.48688685651055,0,1,train
3459,Punjab,1,7,12030.542131911532,18706.024970947787,60.466975839180975,1,1,train
3460,Sindh,1,2,19631.667262524268,13439.167960049308,15.51230658709133,0,1,train
3461,Punjab,1,7,133868.29455359417,105964.79466978519,146.43126243285394,1,0,train
3462,Balochistan,1,9,62345.78154951668,50798.938924729926,92.04489722559521,1,0,train
3463,Punjab,0,3,43556.07204769934,35608.947150454645,70.96587899253029,1,0,train
3464,Punjab,0,6,21832.163767471087,23254.63588382082,115.18498742905946,0,1,train
3465,Punjab,0,5,45868.92134220273,33479.00287044227,82.56628826080627,1,0,train
3466,Punjab,0,3,29278.879870449575,21430.984707651492,46.84106718658144,0,1,train
3467,Punjab,1,7,34150.63402598533,30967.74083748903,66.69038451272246,0,1,train
3468,Khyber Pakhtunkhwa,0,4,26836.043067130966,24001.81037115691,22.42213342254496,0,1,train
3469,Punjab,1,5,30634.52560018462,24195.1030713285,76.15814471216898,0,1,train
3470,Balochistan,1,1,24980.26258802661,20740.66278435055,12.237239958377845,1,1,test
3471,Punjab,0,4,18812.261407656024,22907.571533046495,23.741050615157597,0,1,test
3472,Khyber Pakhtunkhwa,1,3,50502.18917270535,30812.386162229614,72.1276409485158,1,0,train
3473,Punjab,0,2,24954.271218791724,20475.759474345115,51.26720521800366,1,1,train
3474,Khyber Pakhtunkhwa,0,4,113745.19448398458,94450.20605720683,130.65443934232357,0,0,train
3475,Sindh,0,4,38937.3417331535,32935.403230834156,94.67992622054594,0,1,train
3476,Sindh,1,4,15769.510451452554,12516.776465279094,62.87127097989371,1,1,train
3477,Khyber Pakhtunkhwa,0,7,56055.57689639016,34912.27029267058,120.8146408016971,0,0,test
3478,Punjab,1,5,56317.57967058801,40552.286993511174,119.5376397390445,0,0,train
3479,Punjab,0,7,31061.187571155966,28359.417822450843,137.88955934987786,0,1,test
3480,Khyber Pakhtunkhwa,0,8,15399.857596625488,10279.329282142895,69.01665899363746,0,1,train
3481,Punjab,0,5,18036.376237302855,14433.962821057783,22.406528690690536,1,1,test
3482,Punjab,0,6,20212.489860304264,17830.607615256155,88.71100720512678,0,1,train
3483,Sindh,0,4,31338.85214194159,31650.630442382175,76.64162217951525,0,1,train
3484,Balochistan,0,6,42059.81383439086,31322.420513324632,65.09983509786719,0,0,train
3485,Punjab,0,3,25508.257601851426,23440.02522022419,38.979670045288024,0,1,test
3486,Punjab,1,11,15166.569350884089,16927.123382684847,165.53655123082936,1,1,test
3487,Punjab,0,5,42154.510842541386,27471.726897237022,84.34096489858088,1,0,test
3488,Khyber Pakhtunkhwa,1,6,21656.374335145327,14666.67061282034,180.57339773895393,0,1,test
3489,Sindh,1,4,16401.954958664122,15088.589656889608,59.02419397973435,1,1,train
3490,Punjab,0,7,17179.32618746775,14346.129093684987,77.15515626959346,1,1,test
3491,Punjab,0,3,38757.898290119614,41138.217714289334,65.27154736725159,1,1,test
3492,Balochistan,1,4,60023.252994615665,39231.45636023289,105.50110162844173,1,0,train
3493,Punjab,0,3,30264.248154592344,23932.494342982565,10,0,1,train
3494,Punjab,1,7,14522.77471731496,12850.56101784851,154.98542501766133,1,1,test
3495,Punjab,0,9,27343.42363738194,26698.37080060469,130.93208572275552,0,1,train
3496,Punjab,0,6,42053.83767262825,28948.516843120033,54.32330488845477,0,0,train
3497,Sindh,0,3,31172.15841851826,24431.135361172383,69.15290105566872,0,1,train
3498,Sindh,1,6,22742.192211973375,18092.899048012485,76.84660877491204,0,1,train
3499,Punjab,0,5,102159.90597147032,83604.23600465959,116.8731623970246,0,0,train
3500,Punjab,1,3,8174.05486630482,3000,38.20334923228933,0,1,train
3501,Punjab,0,6,27270.32624369677,21963.123938414945,99.79345229634843,0,1,test
3502,Sindh,1,8,30577.018425170645,31415.510259642393,101.74167445818767,1,1,train
3503,Punjab,0,2,46586.50229450408,34454.759132931606,68.25709751308547,0,0,train
3504,Balochistan,0,3,22101.147599480028,15653.711341787151,10,0,1,train
3505,Punjab,0,4,51022.132445848496,44917.91129652559,124.97903269435145,0,0,test
3506,Punjab,0,1,9463.77101556402,3221.012543521154,11.972263798280489,0,1,test
3507,Khyber Pakhtunkhwa,1,5,56266.76138240866,49595.944065160875,111.51347957755078,1,0,test
3508,Punjab,0,5,15797.644389800002,16083.478279928298,59.594136238627286,0,1,train
3509,Punjab,0,2,17739.790434151437,20440.66788161699,64.88579731813611,0,1,train
3510,Sindh,0,3,28963.773817080208,25727.279732016217,126.57166178406212,0,1,train
3511,Sindh,0,3,48255.04826092787,42999.12874447229,75.08738393548231,1,0,test
3512,Balochistan,1,8,40538.04730752578,30971.059990233814,97.61121289573666,0,0,test
3513,Punjab,0,8,40569.314934610986,30822.713784956115,108.8496121786703,1,0,test
3514,Khyber Pakhtunkhwa,0,3,67910.56163912156,48964.523123691506,142.86395972146335,0,0,test
3515,Punjab,0,12,17068.128314584803,15327.918038080854,111.36491053350227,1,1,test
3516,Punjab,1,4,16405.873352019586,15236.263250593132,65.30111953112657,1,1,train
3517,Khyber Pakhtunkhwa,0,6,17887.99247452253,14821.367334722476,85.72841727103214,0,1,train
3518,Sindh,1,7,30703.431477104725,26811.519458223516,147.00407833516886,1,1,train
3519,Punjab,1,2,23360.525521527816,17950.686126615914,28.36883534693756,0,1,train
3520,Sindh,1,6,22436.33993447183,19978.217351437153,31.697869045432554,0,1,train
3521,Balochistan,1,6,71069.63926356395,49725.44165387045,139.42039457382273,0,0,train
3522,Punjab,1,5,9394.1746419043,8490.761616592901,62.92273144447714,0,1,train
3523,Punjab,0,5,105835.65890381281,79226.54246563005,208.96457842309513,1,0,train
3524,Punjab,1,2,29687.68271222602,27994.985372431944,27.797584932672525,1,1,train
3525,Sindh,1,3,96506.57271134829,70723.4678057465,144.82707852359744,1,0,train
3526,Punjab,0,6,51985.22377192884,38950.41060329361,109.42819763211045,1,0,test
3527,Khyber Pakhtunkhwa,1,5,116653.40646200608,96875.89430132807,122.54492450127432,1,0,test
3528,Sindh,0,3,69263.03817553386,56708.833023547784,53.19078348420474,0,0,test
3529,Balochistan,0,8,26412.153799970478,19000.04228586791,54.936491954327565,0,1,train
3530,Punjab,0,6,8820.879072600168,10867.622223230308,10,0,1,test
3531,Punjab,1,3,43357.839756085064,35951.93518900837,94.7244429484915,0,0,train
3532,Khyber Pakhtunkhwa,1,4,45477.01831620389,28251.815293294436,86.49938133183063,1,0,train
3533,Punjab,1,4,34693.652687803056,28129.39128684662,112.53198730681447,0,1,train
3534,Punjab,1,3,15501.178298342906,9668.06422019508,83.58110786632164,0,1,train
3535,Khyber Pakhtunkhwa,1,4,19267.07502783713,11600.573297675357,10,1,1,train
3536,Khyber Pakhtunkhwa,0,6,16805.98548081316,13515.300929670384,96.00080099411203,1,1,test
3537,Punjab,1,5,20229.902215732356,20940.413602168537,91.88846204823746,1,1,test
3538,Khyber Pakhtunkhwa,1,5,39261.46168214806,33509.246946960055,153.54872053954813,1,1,train
3539,Sindh,0,1,35514.64086124996,32667.793399857448,15.849106751298727,0,1,train
3540,Khyber Pakhtunkhwa,1,3,30842.991428173635,28568.904991441144,106.78235494787394,1,1,train
3541,Punjab,0,6,9963.107201210969,8897.526001724698,43.55733230390933,0,1,train
3542,Islamabad,1,7,17205.564265189565,15758.55336553454,67.5640685590601,1,1,train
3543,Punjab,1,5,23485.62703326782,26897.87112832832,48.44677161405937,0,1,train
3544,Punjab,1,3,25226.88515835935,22618.25857966062,24.93477944014265,0,1,train
3545,Punjab,0,5,35876.53366490658,23495.772131763322,62.358124738465854,0,1,test
3546,Punjab,1,3,14629.395902178347,12096.202392166137,72.18348191038851,1,1,train
3547,Sindh,0,4,55405.23407417136,42843.39508800131,98.01301592350718,1,0,train
3548,Punjab,0,7,75103.50811050674,64478.19556717449,147.4449574691252,0,0,train
3549,Punjab,1,4,57535.60791986414,51006.31984748902,100.6959367577654,0,0,train
3550,Punjab,0,8,48712.22141207109,42238.995833648965,123.73967533689687,0,0,train
3551,Balochistan,0,4,9174.845060433961,7607.959049707507,82.45852833961702,1,1,train
3552,Punjab,0,5,22325.277141568222,16916.327207506034,32.32340085097687,0,1,train
3553,Punjab,1,7,19011.257620198823,16069.781389844808,152.12878947467692,0,1,test
3554,Sindh,0,3,45038.66543433371,26706.195742963777,56.773865967216665,0,0,train
3555,Punjab,1,4,19021.2249854005,19114.7107845285,10,1,1,train
3556,Punjab,0,6,28029.581949112853,25761.8136693857,122.096044310168,0,1,train
3557,Khyber Pakhtunkhwa,0,4,20958.62798191755,21906.411139798485,96.70183883157085,0,1,train
3558,Punjab,0,3,25868.58088226933,30091.79497549891,16.59755512766855,0,1,train
3559,Punjab,0,3,25832.000550415058,13565.178704679009,64.95218986790957,0,1,train
3560,Sindh,0,2,40960.444758031146,35024.89489870938,72.98170835990325,0,0,train
3561,Sindh,1,5,24899.3532030823,27866.36834454419,55.83266140915074,0,1,train
3562,Khyber Pakhtunkhwa,0,6,16540.84232455254,11492.903067276655,102.74042270194826,0,1,train
3563,Khyber Pakhtunkhwa,0,2,121060.51603348556,96292.53661781759,138.11039353893932,0,0,train
3564,Punjab,0,6,4961.526828280191,4872.222998471743,103.26558725600593,0,1,train
3565,Balochistan,1,13,25874.366779205073,29413.652150167654,217.31149933957312,1,1,test
3566,Punjab,0,3,31591.68963669436,26135.962540237368,10,0,1,train
3567,Punjab,1,2,17468.20299719565,18295.488016826108,10,1,1,train
3568,Khyber Pakhtunkhwa,0,7,38497.873265529386,36353.92479201331,89.9447532417686,1,1,train
3569,Punjab,1,6,60256.625351529474,52714.83601646419,69.05502571466226,0,0,train
3570,Sindh,1,8,15459.020689543167,14581.783965272774,93.3984192142443,0,1,train
3571,Punjab,1,9,41794.52522764696,35676.158161181644,154.08209810852193,0,0,train
3572,Khyber Pakhtunkhwa,0,4,30158.177804154584,28932.983543331804,63.86110760818957,0,1,train
3573,Punjab,0,7,37329.75814817239,31727.86308885609,89.48732886458667,1,1,train
3574,Punjab,0,5,37435.29071097666,32172.464820854148,16.279018244005087,1,1,test
3575,Punjab,0,5,27155.690275634883,27034.36609936432,100.0455128253851,1,1,test
3576,Punjab,0,5,6989.277921743213,10592.697841769179,83.29884181302523,0,1,test
3577,Punjab,0,4,24185.95358900728,21785.025224000223,83.72158184231395,1,1,test
3578,Khyber Pakhtunkhwa,1,7,27499.011003464595,19363.69753917018,91.58997817692467,1,1,test
3579,Sindh,0,4,44588.08419911826,28640.694410212116,70.06246641415345,0,0,train
3580,Khyber Pakhtunkhwa,0,2,27468.052884507735,21956.78330164636,10,0,1,test
3581,Khyber Pakhtunkhwa,1,4,8374.25880644931,5949.864755296868,64.46211487898243,0,1,train
3582,Punjab,1,10,51461.241524862424,43491.97609889564,155.8684745191439,1,0,train
3583,Punjab,1,2,7740.633887196478,3964.3427805920924,10,0,1,train
3584,Sindh,0,8,28364.436452134843,24470.07486371995,86.66253957951821,0,1,test
3585,Punjab,0,4,49480.613985208,38513.58321348641,95.75470069439231,0,0,train
3586,Sindh,0,7,66294.34461509156,54891.235816444925,123.37485061901127,1,0,train
3587,Punjab,0,3,11634.254624235826,7598.863517366659,10,0,1,test
3588,Sindh,0,7,63197.42244888832,38891.39675303915,93.20399545896494,1,0,train
3589,Sindh,0,1,54971.2052215215,44883.5147670225,72.13419009468362,1,0,train
3590,Sindh,1,5,38428.67682243293,34928.74599239699,52.10172616136232,1,1,train
3591,Punjab,0,4,21509.11592483551,17942.504017671126,61.93638753889564,1,1,train
3592,Punjab,0,5,15822.948345981262,11953.999712554385,87.42088597827275,0,1,train
3593,Punjab,1,3,47901.1978967315,38311.353874315144,38.10413786453487,0,0,train
3594,Punjab,0,5,22715.464900067163,23308.398255689477,101.70192826883675,0,1,train
3595,Punjab,0,3,7627.2582088562995,3000,65.46431616460106,0,1,train
3596,Punjab,1,5,52236.25340510747,35214.75784313822,90.05985141257166,1,0,test
3597,Punjab,0,4,17731.420190370627,12493.883951665466,50.10823760661102,0,1,test
3598,Islamabad,0,11,39555.42890580282,34367.068355666495,142.19781991754505,0,1,train
3599,Punjab,1,2,61174.92052920861,49599.53972697435,96.79663230359917,1,0,train
3600,Khyber Pakhtunkhwa,0,6,61568.04066418518,41794.81874514207,79.19002171272018,0,0,train
3601,Punjab,1,2,76552.60379216487,51496.72168404699,54.95841404008246,1,0,test
3602,Sindh,1,5,18417.72910060331,15615.043076686456,60.3780172657518,0,1,test
3603,Punjab,0,3,36954.67585764771,33439.94701570855,58.7160405135766,0,1,test
3604,Khyber Pakhtunkhwa,0,2,27189.80141646963,27343.575697833996,32.38112925471668,0,1,train
3605,Punjab,1,3,12738.324451637674,16914.317777767683,48.11299660555245,1,1,test
3606,Punjab,1,5,28448.024752226043,25281.934717191576,72.933608804543,0,1,test
3607,Punjab,1,7,89985.68177667866,59274.736734146645,143.6534311476711,0,0,train
3608,Sindh,1,4,23249.76909820642,19473.528873989315,69.16570679914362,0,1,test
3609,Punjab,0,3,35515.33720779942,30079.106197201792,18.595306612177808,0,1,train
3610,Punjab,1,6,30396.435851457907,28931.586000357445,69.40009085614331,0,1,train
3611,Punjab,0,3,31120.339803900653,24574.707643323087,40.5504791947523,0,1,train
3612,Sindh,1,3,14879.92888851275,13562.576711874228,10,1,1,train
3613,Khyber Pakhtunkhwa,0,5,8808.778383001245,3000,43.198197338259845,1,1,train
3614,Sindh,0,4,25639.268791607887,18984.04751408097,45.21830565057926,0,1,train
3615,Khyber Pakhtunkhwa,1,5,27002.3824864906,29259.711818736952,74.2435578571813,0,1,train
3616,Punjab,0,6,35210.50970223915,25118.112227666104,69.17132164647036,0,1,train
3617,Balochistan,1,7,22527.14269192278,16240.945009190764,85.34186762536369,1,1,test
3618,Khyber Pakhtunkhwa,0,6,19002.023702976134,21747.46936406186,75.75680468583968,0,1,test
3619,Sindh,0,5,40850.85827181445,26554.413456060185,114.32565667934588,0,0,test
3620,Khyber Pakhtunkhwa,0,1,42562.81388099941,39155.398135285664,20.919301613145038,1,0,train
3621,Punjab,0,5,23190.86319894802,20407.413224101325,69.224742115229,0,1,test
3622,Punjab,0,6,15308.075446361061,11924.35029187795,90.67949783870476,0,1,test
3623,Sindh,0,6,39829.188670222524,34778.50051734651,72.80989675521315,0,1,test
3624,Punjab,0,6,29711.210068384178,33880.5520470998,195.34276523231935,0,1,train
3625,Khyber Pakhtunkhwa,0,4,22142.531129751016,19046.921543791133,40.69283707097925,1,1,train
3626,Sindh,1,5,21425.050782681225,17988.926397018135,103.17856736630475,0,1,train
3627,Balochistan,1,9,25186.94343506833,20671.755698089146,98.89797225240405,0,1,test
3628,Punjab,0,5,37663.99112372055,29014.283179019323,82.03503593095974,0,1,test
3629,Khyber Pakhtunkhwa,1,3,45067.610229881604,33402.48461755458,56.16304880623707,0,0,train
3630,Sindh,0,4,12915.202551583869,16099.033063235966,43.05518092679987,0,1,train
3631,Khyber Pakhtunkhwa,0,3,37846.1359908521,30910.985612806944,11.290812123437163,1,1,test
3632,Punjab,0,2,41112.71931716471,36808.00546328687,88.98374622131655,1,0,train
3633,Sindh,1,3,11348.77551183778,10687.48614327782,68.97683080316028,1,1,test
3634,Punjab,1,8,7883.752727613344,8218.12064998023,112.05489248957187,0,1,train
3635,Punjab,1,5,18495.056769117233,15772.156105150178,34.39625334383979,1,1,test
3636,Punjab,0,6,18856.441078292028,17033.64575362651,74.28277923772087,0,1,train
3637,Punjab,1,6,22482.744338856814,22061.27143878847,100.30030429524582,0,1,test
3638,Punjab,0,7,19976.3260273037,12732.69419402655,136.60588940283378,0,1,train
3639,Balochistan,1,5,34315.76212913735,25378.873977959578,106.23155013847685,0,1,train
3640,Punjab,0,7,35131.41485910149,36605.19851736421,94.16614349796612,1,1,train
3641,Sindh,1,2,43298.872826846775,37389.18608132431,74.52645483389985,0,0,train
3642,Punjab,1,6,29949.683480239528,24718.51915528212,86.16871388406739,1,1,train
3643,Punjab,0,6,14202.391198475862,12058.78238835331,57.03254318114805,0,1,test
3644,Khyber Pakhtunkhwa,1,2,120642.12606337378,104619.06945432491,120.52686532083183,1,0,train
3645,Punjab,1,9,7765.735443402729,3000,69.6178753081156,0,1,train
3646,Punjab,1,5,45533.94113311195,31268.67625050983,73.05517699056547,1,0,train
3647,Punjab,0,6,39459.08493222122,34229.93203996581,109.14426173268045,0,1,train
3648,Khyber Pakhtunkhwa,0,7,6933.358632972675,15438.560877305637,116.52225120128982,0,1,train
3649,Sindh,0,2,9729.652164677052,8761.305298205089,10,1,1,train
3650,Sindh,0,4,30049.72309450244,27670.61869737159,40.09600894412172,0,1,train
3651,Punjab,0,7,12736.48697639506,11759.103429199855,128.1126565683624,0,1,train
3652,Punjab,0,8,19266.929513076713,21600.267648766076,29.622504517547412,0,1,test
3653,Punjab,0,2,5092.937611325605,7991.007438936678,43.495266944157336,1,1,train
3654,Islamabad,0,4,78100.28342599652,55540.79612180953,103.61277599678175,1,0,train
3655,Khyber Pakhtunkhwa,0,5,18088.511532639735,21131.06773391098,81.54421802137362,0,1,train
3656,Punjab,1,5,12783.452436192598,10788.323712034158,90.06762302456166,0,1,train
3657,Punjab,1,4,10978.642716130013,10532.329068088598,27.04632397851748,0,1,train
3658,Khyber Pakhtunkhwa,0,7,53714.86032009964,41063.55902841196,179.08318422039076,1,0,test
3659,Sindh,1,7,5708.261151471472,4454.90539777935,80.8011309056992,0,1,train
3660,Punjab,1,9,60787.01568877681,53254.86909305839,180.60002627374848,1,0,train
3661,Punjab,0,6,51408.4655298225,45726.40322347051,74.52973086227912,1,0,test
3662,Sindh,0,1,19986.353426644568,22160.70390956659,18.17750922169987,1,1,train
3663,Sindh,1,3,64862.40501323658,55224.196154291356,43.637757316964105,1,0,train
3664,Punjab,1,5,27382.435407768146,23908.857725819664,80.61488286624912,1,1,test
3665,Khyber Pakhtunkhwa,0,1,20990.28829479888,19116.918200317617,20.700996789622906,1,1,test
3666,Punjab,0,5,46093.659816029365,37260.68555442201,111.47756769981272,0,0,test
3667,Sindh,0,7,14476.508713660816,8796.765290038009,87.1006860275552,1,1,test
3668,Punjab,1,7,12624.780685997599,12851.285251931244,98.8882905928215,0,1,train
3669,Khyber Pakhtunkhwa,0,4,29928.977954577702,26653.83360459725,56.44029523106069,0,1,test
3670,Sindh,1,9,41419.83838974097,37310.92521745906,124.71952965889118,0,0,train
3671,Punjab,1,4,100901.1038083579,87329.8112569249,170.06231915538643,1,0,train
3672,Punjab,1,3,19376.592486915244,18582.510030311136,10,0,1,train
3673,Sindh,0,4,66383.83726411003,45199.945840385844,149.98776862926707,1,0,train
3674,Sindh,0,3,19256.255612849018,17404.62819053965,85.39556303715712,1,1,train
3675,Punjab,0,9,38426.297951049855,33362.965726430855,128.7945491763592,0,1,train
3676,Sindh,0,5,20970.490682621832,17425.389098419757,10,0,1,test
3677,Punjab,0,2,22447.292314485003,15827.57176069769,90.7504608774926,1,1,train
3678,Khyber Pakhtunkhwa,0,3,15089.22783945794,9818.4956034185725,25.97464545415875,0,1,train
3679,Punjab,1,3,92078.17639349011,87417.71448327477,69.49407826690356,0,0,test
3680,Khyber Pakhtunkhwa,1,6,89350.64617841925,69423.91916664228,135.26738875980573,0,0,train
3681,Balochistan,0,4,42502.50475669497,32528.56622522653,61.97004710923091,1,0,test
3682,Punjab,0,3,14100.433142933314,6824.7066328592555,97.48948565223617,0,1,test
3683,Sindh,1,2,14586.661699559985,14933.551368876262,10,0,1,train
3684,Balochistan,1,7,62259.215709527416,46338.930705656894,110.91368656128533,1,0,train
3685,Punjab,0,5,30214.515312487267,30428.002447709747,33.13856704467979,0,1,test
3686,Punjab,1,7,30003.138287753878,28093.357072281095,75.66946023045514,0,1,train
3687,Khyber Pakhtunkhwa,1,4,33292.42229284238,32852.34188553372,89.68302775782149,0,1,train
3688,Sindh,0,4,17347.864818012375,16745.8904655159,26.624025429434166,0,1,train
3689,Punjab,1,4,26821.896376392735,24338.181651893297,102.09634581023568,1,1,train
3690,Sindh,1,4,45019.786645517845,37152.799482168724,39.34572838131494,0,0,train
3691,Sindh,0,6,30646.32344104293,28820.533396872426,120.10705048949859,0,1,train
3692,Punjab,1,5,30692.125400762292,23494.29885136768,50.58418012867264,1,1,train
3693,Khyber Pakhtunkhwa,1,6,17682.618705609166,18564.056372511557,42.13547702803807,1,1,train
3694,Punjab,1,8,33265.87657163895,30130.63295763986,68.74601726102114,0,1,test
3695,Punjab,1,4,25009.120184367817,23782.098560077728,99.94301820037559,1,1,train
3696,Punjab,1,3,36145.11919294898,26601.421342379366,10.244313980507464,0,1,test
3697,Punjab,1,5,12154.69275992493,7910.487483189317,63.818053036434684,1,1,test
3698,Khyber Pakhtunkhwa,1,4,59038.849297460474,42442.169017051296,71.55492160686546,0,0,train
3699,Punjab,1,3,65879.93199069441,53805.94810049564,79.36435967218506,0,0,train
3700,Islamabad,0,2,106714.45297823114,73828.46392796349,43.2901503117953,1,0,test
3701,Punjab,1,6,19758.87309110537,13116.544238858436,84.13638264935555,1,1,test
3702,Khyber Pakhtunkhwa,0,5,37820.56398292004,38862.2911395125,53.27570365500984,0,1,test
3703,Sindh,1,4,22558.901781953326,17662.518135343984,17.675416108621583,1,1,train
3704,Khyber Pakhtunkhwa,0,4,16079.268261993364,15226.426509803223,10,1,1,train
3705,Sindh,1,4,17331.435016565207,17182.057732125264,71.63606265437052,1,1,train
3706,Punjab,0,5,97966.37833073284,69541.44735069074,132.75732528819398,0,0,test
3707,Khyber Pakhtunkhwa,0,4,31094.052198538415,28067.448964277875,70.0973811688312,0,1,train
3708,Punjab,0,4,38372.67325105666,38460.17890695283,108.38642899366567,1,1,train
3709,Balochistan,0,5,13299.46762801727,11229.282850648677,43.48422970462019,0,1,train
3710,Punjab,0,4,100200.10782337347,87572.43735755485,107.71082308100182,1,0,test
3711,Khyber Pakhtunkhwa,0,7,21734.50397904598,16467.876045679823,50.64928835648233,1,1,test
3712,Punjab,1,7,34463.70458302611,24057.140479675923,44.59435298303293,1,1,train
3713,Punjab,0,6,31948.315617431057,28553.229011792162,78.64920178576706,0,1,train
3714,Sindh,1,2,37335.76091249185,35342.90693563641,22.488056231277373,1,1,train
3715,Balochistan,1,4,20961.69020831407,17286.435351430657,43.893452209816466,0,1,train
3716,Punjab,1,2,20484.13274887876,16936.79186594777,10,0,1,test
3717,Sindh,1,6,25033.60360543587,16675.1169238383,105.97340229793284,0,1,train
3718,Khyber Pakhtunkhwa,0,5,90336.44235282157,71843.0349313248,141.49507872952674,0,0,test
3719,Punjab,1,4,105187.27628826123,75569.15087249238,130.49057793793492,1,0,train
3720,Balochistan,0,3,40114.41154621232,31669.48940526813,34.7925687560104,0,0,train
3721,Balochistan,0,5,15004.040440386081,9357.890826094794,107.04369271553531,1,1,test
3722,Khyber Pakhtunkhwa,0,5,12124.957499279713,15781.175045434018,25.416050513357114,0,1,train
3723,Sindh,0,8,29870.60441059793,28996.278411924417,46.70416770293464,0,1,train
3724,Punjab,1,7,36995.07271779254,30039.92104789334,127.33193767902202,0,1,test
3725,Balochistan,1,1,39612.948929036225,34692.59200774204,67.97220006141737,1,1,train
3726,Sindh,0,3,34474.24483511976,28742.148823940573,28.10576020133729,0,1,test
3727,Punjab,0,6,111183.3886818145,92206.68293615569,169.28502957020555,1,0,train
3728,Khyber Pakhtunkhwa,1,4,28636.164836601394,27793.328245569104,54.212231817866794,0,1,train
3729,Punjab,0,6,22503.027593630315,20863.11693007056,98.34704780781192,1,1,train
3730,Sindh,0,7,14863.737832245779,15153.950240706108,103.6505947681886,0,1,train
3731,Punjab,1,6,22388.09956654519,16734.25248710609,113.32540405263589,0,1,train
3732,Punjab,0,4,40387.78942658513,31118.738942750322,67.64347047748642,0,0,test
3733,Khyber Pakhtunkhwa,1,2,76496.12161428781,62246.15342159845,80.70256081319475,1,0,train
3734,Punjab,1,2,17453.081407317793,12506.961419658754,27.769242310944183,0,1,train
3735,Punjab,1,9,23598.69472871879,19400.132088295446,108.72666243306875,0,1,train
3736,Punjab,0,1,36571.0115322867,33455.54859733757,16.5200787855752,1,1,test
3737,Khyber Pakhtunkhwa,0,10,26922.883999917016,20647.408307908954,151.00601948323123,0,1,train
3738,Khyber Pakhtunkhwa,0,6,66324.05003577174,56033.570714465655,127.37901442780185,0,0,train
3739,Punjab,0,3,11543.195752512573,13687.230330029997,10,0,1,train
3740,Punjab,0,2,14331.961993728944,10070.478166715622,75.85765181212165,0,1,train
3741,Sindh,0,5,4299.882090561564,4935.446890115708,36.0199940771084,0,1,train
3742,Khyber Pakhtunkhwa,0,3,19725.596896625902,19329.83377669752,41.33942999503196,1,1,test
3743,Khyber Pakhtunkhwa,0,4,17761.52663343664,19675.79144290363,10,0,1,train
3744,Khyber Pakhtunkhwa,0,4,28721.938045434854,24847.784430335047,64.83732620795134,0,1,train
3745,Punjab,1,4,52662.3296317639,38590.21471565081,50.536486020841906,0,0,train
3746,Khyber Pakhtunkhwa,1,5,11471.410428217623,7628.032040958118,66.55759523474781,1,1,test
3747,Punjab,0,4,14052.351312803718,7505.943370389567,70.05618538068336,0,1,train
3748,Punjab,1,6,47643.50587498427,47036.2728225616,87.49211154989281,0,0,train
3749,Punjab,0,7,44153.10920313312,35846.093192950415,77.51170077109612,0,0,train
3750,Punjab,0,5,51722.71864650199,42894.23984717142,148.2985442125135,1,0,test
3751,Khyber Pakhtunkhwa,1,8,44977.69590471898,36890.18398827771,134.87272399880374,0,0,train
3752,Punjab,0,6,43356.37150064654,35153.46378805635,67.37108137810687,0,0,train
3753,Punjab,1,3,47220.42704007204,42002.104214781706,55.027698956475795,1,0,train
3754,Punjab,0,6,13359.836632325421,15580.52888381123,51.2788487618494,0,1,train
3755,Punjab,0,8,34407.6859118468,30161.4360590072,78.0343948571399,0,1,test
3756,Punjab,0,2,141883.5690527602,98565.42789705866,124.93123114866184,1,0,test
3757,Khyber Pakhtunkhwa,1,5,53663.8940499729,39444.57046622556,93.99378612980567,0,0,train
3758,Khyber Pakhtunkhwa,1,4,35955.37625113085,32906.82028569544,101.36254530504834,0,1,test
3759,Khyber Pakhtunkhwa,1,4,31190.41537430968,32820.88234926724,142.2916257351837,1,1,test
3760,Punjab,0,11,39188.50225474504,31706.4202991876,142.5895753281829,0,1,test
3761,Khyber Pakhtunkhwa,1,5,85625.03766010841,65286.3076645776,101.95306288455909,0,0,test
3762,Punjab,0,2,46868.62715973849,33376.685476879524,48.20851618271331,0,0,test
3763,Punjab,0,6,19576.166535995624,13637.402430821629,142.4056246762547,1,1,train
3764,Khyber Pakhtunkhwa,1,7,54264.788645846085,49295.20607999253,162.96420565158547,1,0,train
3765,Sindh,1,5,37193.50570058133,34331.95232114845,57.677773590918086,1,1,train
3766,Balochistan,0,4,12023.730845858348,13309.229590773311,67.39860361759285,0,1,train
3767,Sindh,1,12,64613.952385189456,44351.68626660357,189.25814928182518,1,0,test
3768,Punjab,0,5,23418.918065221915,22099.058889814696,75.95461639282821,0,1,train
3769,Punjab,1,5,27047.456329361266,19492.453683848016,106.05830824296069,1,1,train
3770,Sindh,1,2,58104.71847578062,49105.47381246977,109.38280044795022,1,0,train
3771,Balochistan,1,2,85450.32534851201,75421.09857710039,90.23594982884892,1,0,train
3772,Punjab,1,5,43573.395521744496,36335.13765232381,63.155543309777,1,0,train
3773,Punjab,0,4,26021.96717464308,27883.468437375486,77.37406036703705,0,1,train
3774,Punjab,1,4,37393.659528546516,32642.5212436433,80.14090223214578,0,1,train
3775,Khyber Pakhtunkhwa,0,4,21573.07547833881,18303.609524344967,27.311818824650295,1,1,train
3776,Punjab,1,6,29022.843409465608,26586.57533065744,98.63062727908724,1,1,train
3777,Sindh,1,3,13792.524623961757,8976.169513669704,70.40998018900024,1,1,test
3778,Punjab,1,9,30027.91355324747,28008.278026428983,129.85902481374106,0,1,train
3779,Punjab,1,3,19449.253400817295,15191.924191332802,31.32040754600927,0,1,test
3780,Punjab,0,9,18562.536871635406,16683.96898446539,115.58562199571355,0,1,train
3781,Punjab,0,5,22310.37982957828,21870.264042763185,34.08669290179186,0,1,test
3782,Sindh,1,5,44794.22857139416,40916.69458671292,52.52115218704154,1,0,test
3783,Punjab,1,7,84457.09678328752,70684.01179918242,135.47941052084482,0,0,train
3784,Punjab,1,5,24750.54460201946,21315.59705457843,81.25301941345866,1,1,train
3785,Balochistan,0,1,6337.599816858134,3000,17.025083909511466,1,1,test
3786,Khyber Pakhtunkhwa,0,6,23941.71270799311,18706.371552011446,96.45424603538798,0,1,train
3787,Punjab,1,6,24448.727888658123,19664.640192268576,66.1083901930439,0,1,test
3788,Punjab,0,1,31677.65616438454,26431.266062644314,69.98404793633068,0,1,test
3789,Punjab,0,7,15960.760388451374,6619.327433741373,82.98214167784145,1,1,train
3790,Punjab,1,4,40109.77064774703,31187.87951787423,46.922362396803585,0,0,train
3791,Punjab,1,6,49072.39747117073,29393.105899715152,168.02932455981954,1,0,train
3792,Sindh,1,3,4788.767201546209,5246.2135202595,116.25898042702391,1,1,train
3793,Punjab,1,3,25752.950899823543,23902.069804894767,42.482886806404835,1,1,train
3794,Khyber Pakhtunkhwa,1,2,9971.742958660667,8830.864613926387,12.550863765643363,0,1,train
3795,Punjab,1,2,28116.812525299094,23671.87126281763,47.93092753632333,1,1,train
3796,Punjab,1,4,64825.489982897896,56240.90283993976,106.22929744731674,0,0,train
3797,Punjab,1,9,22450.651390837662,23922.149394464395,103.58798540956951,0,1,test
3798,Punjab,1,5,22229.46661708397,19838.91504766323,92.70038300881853,1,1,train
3799,Khyber Pakhtunkhwa,0,7,32179.723905975454,29708.48168931839,42.56397060529447,0,1,train
3800,Punjab,0,7,22496.289401276426,19089.05606230307,95.00715271382984,0,1,test
3801,Punjab,0,1,15233.981910872992,11956.334486936312,44.13572364459851,1,1,test
3802,Punjab,0,3,36416.751132087935,31058.292243647655,40.27929488675362,0,1,train
3803,Khyber Pakhtunkhwa,0,2,9071.434836402981,6825.681230563737,76.14710530767519,1,1,train
3804,Sindh,0,6,27972.87322682917,26656.268886620444,29.622671870096262,0,1,train
3805,Khyber Pakhtunkhwa,1,3,30034.170202182904,30626.64067205325,22.520225570293675,1,1,test
3806,Punjab,0,5,28729.55725365879,20377.093250084785,101.17838893857514,1,1,train
3807,Khyber Pakhtunkhwa,0,2,5449.024929302723,4656.3183002362,46.6166319330452,0,1,train
3808,Balochistan,0,4,13285.79168619499,7916.364326161067,42.11065946908464,0,1,train
3809,Punjab,0,10,18517.484711517714,13033.604487806326,104.84748589692589,0,1,train
3810,Punjab,0,6,47050.94057579246,32825.47108685648,130.572498901157,1,0,train
3811,Sindh,1,8,29658.742877223667,24404.641499478017,103.76493360929913,0,1,train
3812,Punjab,0,2,9025.815363615959,7911.185777051075,28.328754929120496,0,1,train
3813,Punjab,0,6,73910.48792855963,57283.48980279606,96.2079009082914,1,0,train
3814,Punjab,1,7,19387.014479451234,18415.402206961215,77.6015847613651,1,1,train
3815,Punjab,0,5,43425.55066392334,37839.766898723414,97.23492010877811,1,0,train
3816,Punjab,0,4,61062.08038355238,45801.948985251256,118.7630843009142,1,0,train
3817,Punjab,0,4,17323.262797842133,7400.8416248977965,22.90285188776624,0,1,train
3818,Khyber Pakhtunkhwa,1,5,16218.587173546859,12744.71284393714,55.4939436312623,1,1,train
3819,Sindh,0,3,12712.051885043315,14571.940137776743,57.58148290847575,0,1,train
3820,Punjab,1,7,86962.23539048732,65096.93388533363,145.1402415779882,1,0,train
3821,Punjab,0,5,27226.385871898747,25815.0946947198,110.35292247345797,1,1,test
3822,Khyber Pakhtunkhwa,1,8,17928.823806735578,13051.436654425961,76.37727892261351,1,1,train
3823,Punjab,0,11,8464.479635032014,4900.745308254079,119.59574540868375,0,1,train
3824,Punjab,0,4,16812.36016720799,14180.367319767318,36.074642799504275,1,1,train
3825,Khyber Pakhtunkhwa,0,2,27124.399272331306,21806.786274722694,80.53425755839518,0,1,test
3826,Sindh,0,5,21803.713967934786,22639.6670908631,31.881887999682007,0,1,test
3827,Sindh,0,8,31011.14322078173,24859.31550322085,128.1283971137598,0,1,train
3828,Punjab,1,7,75949.05579544177,57148.67995859329,160.53301367214064,0,0,train
3829,Punjab,1,8,31058.485927181682,24876.456043309478,44.09092970643111,1,1,test
3830,Khyber Pakhtunkhwa,0,6,62823.96893983945,52409.75969781484,115.21992559741147,1,0,test
3831,Punjab,1,5,14961.436584469748,9901.167015681815,41.033224836238745,1,1,train
3832,Khyber Pakhtunkhwa,0,4,43861.2774458013,41205.1895899331,40.012776760580536,0,0,train
3833,Punjab,0,6,15539.688121747084,14714.091868669771,81.83320295930105,0,1,train
3834,Punjab,0,6,41950.13813250311,34899.136261962616,90.41479618961083,0,0,train
3835,Punjab,0,4,47281.40324025072,34666.48369329368,69.03366994149484,0,0,train
3836,Khyber Pakhtunkhwa,1,6,20641.78402132348,15671.512392895005,95.56876600144255,0,1,train
3837,Sindh,1,2,64368.93813254145,45207.75541454177,71.48661653049251,1,0,train
3838,Punjab,1,9,23067.504894328067,16153.206695758943,124.8743051886627,1,1,train
3839,Khyber Pakhtunkhwa,1,7,33936.69360373546,28840.345363541936,36.94566652384762,1,1,train
3840,Khyber Pakhtunkhwa,0,5,34972.67548448286,34666.80837576908,119.53425187237747,0,1,train
3841,Sindh,0,6,29381.88114255389,27215.422060304627,74.75784179963884,1,1,train
3842,Punjab,0,6,14443.350597282448,11827.767184342845,78.7493879160422,1,1,train
3843,Sindh,0,6,39658.28634170387,33928.50516357662,105.66890734788117,1,1,train
3844,Sindh,1,3,85879.59399224179,55842.29105799495,88.58690357047264,1,0,train
3845,Punjab,1,9,25424.09120690902,22870.873995654973,84.72541876881553,0,1,train
3846,Punjab,0,3,62904.679754383775,39745.97039201653,107.38276032247931,1,0,train
3847,Punjab,0,4,29514.064935258994,22877.02991825449,94.38834345408902,0,1,train
3848,Sindh,0,5,63921.58842293548,52713.140621503844,124.40506586785801,1,0,train
3849,Punjab,0,6,65438.56270155742,39862.282565883026,117.70092388704323,0,0,train
3850,Khyber Pakhtunkhwa,0,5,50430.41344950699,42017.514522850084,53.96649408794671,0,0,train
3851,Sindh,0,6,49464.35624916977,33913.23279309838,48.68480112844755,1,0,train
3852,Sindh,1,6,17542.813429019865,13435.85252749492,71.84316917286704,1,1,test
3853,Punjab,0,6,54277.24362570455,41512.099880846006,73.38964240157954,0,0,test
3854,Punjab,0,4,9046.3586733455,11469.13628181418,68.25718708368457,1,1,train
3855,Sindh,0,5,54452.98751485403,38807.466414366165,60.46806700823128,0,0,train
3856,Khyber Pakhtunkhwa,1,6,61127.27289895144,41327.351567711994,78.43450463469364,1,0,train
3857,Punjab,0,5,59151.89768771552,39564.110261903086,118.58814708974897,0,0,test
3858,Punjab,1,9,56522.35511397485,38660.24473774366,137.87641076020734,1,0,train
3859,Sindh,1,3,82591.51450963861,75724.70258749164,59.11227392179136,1,0,train
3860,Sindh,0,8,28973.188358380477,31978.041748410822,132.15370430009128,0,1,train
3861,Punjab,0,3,15683.71665294304,14225.93874392266,19.012502796939746,1,1,test
3862,Khyber Pakhtunkhwa,1,3,27110.28209208742,18228.787147803792,75.13427221950798,1,1,train
3863,Punjab,1,8,83387.00443609191,67381.97718567075,133.5455933967533,1,0,train
3864,Sindh,1,5,78699.56097385295,71060.96783065768,82.69301842096287,1,0,test
3865,Punjab,0,3,16437.226180783287,13292.173142319929,17.98176630035459,1,1,train
3866,Punjab,1,1,47562.78303366786,33081.02020539402,70.63328197414128,1,0,train
3867,Punjab,1,5,21183.810213602206,19835.14102743202,13.994241508215914,1,1,train
3868,Sindh,1,5,14874.223191396253,19315.395062311138,64.01149511802593,1,1,train
3869,Punjab,0,3,146114.31701229454,103479.67716884009,129.83199847765835,0,0,train
3870,Punjab,0,6,27745.423017175006,25184.356931164235,95.35521779716221,1,1,test
3871,Sindh,1,6,18861.418818411785,14678.700789780245,67.32840156512987,0,1,test
3872,Punjab,1,8,90063.56313968498,72300.48639977035,157.88962119249732,1,0,train
3873,Punjab,1,10,54923.14058367104,47290.29454072598,85.73973896472404,0,0,train
3874,Balochistan,0,2,79433.53204282497,60276.56266055842,89.1413448251847,0,0,train
3875,Punjab,0,2,7093.521174837602,3000,10,0,1,test
3876,Khyber Pakhtunkhwa,0,7,6241.743752882743,3264.857556086329,125.43954966533869,0,1,test
3877,Punjab,1,7,43340.89260824803,33846.81869600765,54.918567384475324,0,0,train
3878,Sindh,1,10,14683.18043976923,15584.981885996653,133.37728964359954,1,1,train
3879,Punjab,0,3,14125.222426495398,12886.86819786538,35.7142810359344,0,1,test
3880,Punjab,0,7,12191.629278368648,11737.322710198758,104.47619424972957,0,1,train
3881,Punjab,1,8,24250.75428158672,19409.373548479416,104.3643806355697,1,1,train
3882,Balochistan,0,4,48058.260086650946,34249.60726745604,52.29296513897316,0,0,train
3883,Punjab,0,4,65993.81941686603,58043.790043483576,102.83057066689386,1,0,train
3884,Khyber Pakhtunkhwa,0,2,15854.668663443217,14242.836505887139,57.17745101225111,0,1,test
3885,Punjab,0,2,14504.848625544068,9076.081731514423,10,0,1,train
3886,Punjab,0,4,44260.49297335371,28515.037151210407,96.828658297494,0,0,test
3887,Punjab,0,3,81321.9621869245,70395.99919551464,75.22435001587563,0,0,test
3888,Khyber Pakhtunkhwa,0,6,23837.87806696085,22836.131987308072,34.63616847957696,0,1,test
3889,Punjab,0,4,16471.658694166767,16543.81195595384,30.502945937912884,0,1,test
3890,Sindh,1,3,57540.059685794025,57661.263825713846,31.191540132807688,1,0,train
3891,Punjab,0,5,39865.091526217235,33674.59930247864,109.32419119849925,1,1,train
3892,Sindh,0,7,40941.68228797161,26942.949297109204,103.09362393456081,0,0,test
3893,Punjab,0,5,38930.95257228336,32040.362141346308,76.14534815326327,0,1,train
3894,Sindh,0,1,21667.718228933445,18771.592098390494,14.118697474520573,0,1,train
3895,Punjab,0,2,18154.444580986474,19239.971181567176,66.80032140004575,0,1,test
3896,Sindh,0,7,18441.457407457052,14483.815207397602,88.65748614331932,1,1,test
3897,Khyber Pakhtunkhwa,0,3,16150.517349082234,14125.109143260583,10,0,1,test
3898,Sindh,0,5,8000.917922350026,3000,81.64630303979706,0,1,train
3899,Punjab,1,4,15766.094244980479,14187.704175380566,57.53876376211688,0,1,train
3900,Khyber Pakhtunkhwa,1,1,31627.87303949001,25909.185450363875,28.579263972327766,0,1,train
3901,Sindh,0,7,55379.710891050585,42647.28038714732,111.73087224955069,1,0,train
3902,Punjab,1,6,31991.994061115092,30580.377141861212,92.54422789827508,0,1,train
3903,Punjab,0,1,36962.464716031,26423.742518996885,14.478267344885964,0,1,train
3904,Sindh,0,4,68931.47684183618,54896.702579477664,131.62829299291525,0,0,train
3905,Punjab,0,3,16591.683453306756,12925.68162474024,73.54833503619238,0,1,train
3906,Sindh,1,7,83118.53052011911,64631.55473655548,94.58738231526395,1,0,train
3907,Punjab,0,2,56438.24237678213,45217.574875760496,120.07091815839146,0,0,train
3908,Punjab,1,5,72093.94741139526,50757.01978610353,140.59934733565487,0,0,train
3909,Khyber Pakhtunkhwa,0,9,87898.91585632722,68508.34045722117,174.34500762347614,0,0,train
3910,Punjab,1,9,41731.98073759948,28732.307985630094,107.47024086593848,0,0,train
3911,Punjab,1,3,8939.591318889768,5248.219908988249,77.10696374670542,1,1,test
3912,Sindh,1,5,47965.411701083984,31949.525848395137,101.45986429596576,1,0,train
3913,Sindh,1,11,14406.52220069319,8471.38838984909,167.4206431196545,1,1,train
3914,Punjab,0,4,27024.060081354088,30903.249370429756,27.656460300298825,1,1,train
3915,Punjab,0,7,49178.57255479471,37585.32380506844,67.09609000193436,0,0,train
3916,Sindh,1,4,49403.27072871172,34511.5343821886,95.11129082849132,1,0,test
3917,Khyber Pakhtunkhwa,1,10,55586.99161791569,49368.32384927001,82.39176899567948,1,0,train
3918,Punjab,0,6,16623.94589511239,16107.90548949552,50.644751680493115,0,1,train
3919,Punjab,0,2,15329.599244333396,13196.401711281684,29.409572587787615,0,1,test
3920,Punjab,1,4,17389.152513308618,12495.885582465555,22.94573286644977,0,1,train
3921,Sindh,0,4,63564.47295577191,43604.35563704725,75.10707919784508,0,0,train
3922,Sindh,1,9,16832.956077918767,11985.901637943512,133.16987203464117,1,1,train
3923,Sindh,0,11,14576.527815375124,11995.514187789939,129.75436380358428,1,1,train
3924,Sindh,0,3,15290.100414274897,18180.699061458457,76.29654985832727,0,1,test
3925,Punjab,0,6,15638.220791493666,13828.7465430596,97.17144137837657,0,1,train
3926,Punjab,1,8,37201.78461591724,30453.640178235382,128.68921525074302,0,1,train
3927,Punjab,1,4,34556.50884272813,31867.634953165092,144.84673759661933,0,1,test
3928,Punjab,0,5,102997.47182665921,68419.49621728633,137.97259347725713,1,0,train
3929,Punjab,1,3,62895.81276117413,42661.39700218295,155.40647023824283,1,0,train
3930,Balochistan,1,6,18319.066530436405,11781.039233892603,54.52630237644742,1,1,train
3931,Khyber Pakhtunkhwa,1,6,36060.486627756036,29232.97909884092,55.89370723690607,0,1,test
3932,Sindh,1,7,16162.791959177574,6834.638086828136,118.08296433005606,0,1,train
3933,Sindh,0,2,73353.3936359493,50801.42112493405,72.97660280630735,0,0,train
3934,Punjab,0,6,36519.61136126854,25433.16301980651,82.6777863290802,0,1,test
3935,Sindh,0,7,111916.80617074347,85091.4622127411,176.13420947283902,0,0,test
3936,Punjab,0,12,75533.14599533723,61089.581399571725,177.39255239585472,0,0,train
3937,Islamabad,0,2,97420.3943651263,68206.42083249839,73.94111383462689,0,0,train
3938,Sindh,1,2,59238.35805912826,41974.339923321124,20.888633938270473,1,0,test
3939,Sindh,1,3,15352.322519833451,14570.126976262596,77.39316861861857,0,1,train
3940,Sindh,0,4,24659.19312103985,20505.418195987357,60.13549084587029,0,1,test
3941,Sindh,1,4,89116.48211024882,78188.69442085829,105.4246728062297,1,0,train
3942,Sindh,1,1,15720.44659024734,11442.836249961572,10,0,1,train
3943,Sindh,0,5,82846.7886489962,50180.107266035106,133.53798528178962,0,0,test
3944,Punjab,0,5,19471.67105572476,17244.05205438913,35.67847693996636,0,1,test
3945,Khyber Pakhtunkhwa,1,7,23873.087106266357,22390.107574280293,99.22055563900773,1,1,train
3946,Punjab,1,6,34700.88360349695,29219.437514712165,89.76003918754267,0,1,train
3947,Khyber Pakhtunkhwa,1,7,28491.714113799488,25186.69469716369,108.59252441386265,0,1,train
3948,Punjab,0,5,53368.189171182355,42538.90318306864,108.98659037936834,0,0,train
3949,Sindh,0,4,43355.44280290042,30847.510171735696,106.61935826401326,0,0,train
3950,Sindh,1,1,13048.911823768814,6520.346800796827,26.27461783156158,1,1,train
3951,Punjab,0,2,25640.97779879888,17369.86798893145,32.41838620752781,0,1,train
3952,Balochistan,1,7,22708.485057028854,20490.94252464344,93.0037832357205,1,1,train
3953,Sindh,0,9,13889.505765955108,11168.134938756624,98.48685342999887,0,1,test
3954,Punjab,0,3,34765.691069087596,29995.50671972399,55.19864171071587,0,1,train
3955,Sindh,0,2,30526.89969933755,24234.922768732526,59.472419211556684,1,1,train
3956,Sindh,0,7,71950.29884740866,51760.77482081615,118.8003967621068,0,0,train
3957,Punjab,0,7,109429.11862331306,87150.45599863149,160.98862631249912,0,0,test
3958,Punjab,0,4,8154.555993511635,4322.316406392138,106.54914056315255,0,1,train
3959,Punjab,1,4,13165.24808214733,11610.995630689396,65.89201828658308,0,1,train
3960,Punjab,0,4,47530.3301864976,35207.89891807866,54.101729865418356,0,0,train
3961,Punjab,1,4,33854.00193077132,25090.105131838547,39.3772095974782,1,1,train
3962,Punjab,0,3,24713.105915713382,26638.241873956365,10,0,1,train
3963,Khyber Pakhtunkhwa,1,11,26509.738143491348,26578.86987575169,124.09225347997028,0,1,train
3964,Sindh,1,5,19393.520373124877,12227.736831267342,53.491460879498966,1,1,train
3965,Sindh,1,5,47957.986298468444,28697.222066201408,76.12252858885721,1,0,train
3966,Punjab,0,5,86900.92565516703,69374.92269437328,136.4284564197822,0,0,test
3967,Punjab,0,6,73980.09276385859,60476.40409597334,149.25542026355595,1,0,train
3968,Sindh,1,3,43182.04428460191,30253.765737680846,66.12222870499339,1,0,test
3969,Sindh,0,9,32565.03156174088,29406.49719985704,122.94834362297118,1,1,test
3970,Punjab,0,4,7676.099790232389,8068.18202346924,44.42453387279385,0,1,test
3971,Punjab,1,4,37628.67461200333,28385.23544621973,92.82556460134555,0,1,train
3972,Sindh,1,6,34417.27164346858,31412.210200743677,112.18037752757854,1,1,train
3973,Punjab,0,4,20707.140300940824,17323.83086111609,57.25982309309717,0,1,train
3974,Khyber Pakhtunkhwa,0,6,34755.005675016335,29077.85069498401,83.71807454769487,0,1,test
3975,Punjab,0,7,31021.41646603677,28695.62474365189,27.247138564003762,0,1,test
3976,Khyber Pakhtunkhwa,1,2,57213.2105490641,42318.48600493302,49.888916781990005,1,0,train
3977,Punjab,0,6,6665.506824656586,6865.227641726606,10,0,1,train
3978,Sindh,1,3,28138.344917731552,28618.023343429908,78.6591827595222,1,1,train
3979,Khyber Pakhtunkhwa,0,3,20376.379827343088,16355.422145893172,34.42198047103322,0,1,train
3980,Khyber Pakhtunkhwa,0,1,26815.571090936945,18225.277484016533,21.18730733702896,0,1,train
3981,Punjab,0,3,17654.180764271958,13402.420938054114,10,0,1,train
3982,Khyber Pakhtunkhwa,0,5,8078.227644944025,8466.888080429355,44.577499434084594,0,1,train
3983,Punjab,0,3,15950.180752450226,14914.110684573372,37.79327773207588,0,1,test
3984,Punjab,1,5,35596.731973205766,27562.830591525402,64.3992295456709,1,1,train
3985,Sindh,0,6,12717.551266131315,9757.279490425326,60.07006138686763,0,1,train
3986,Punjab,0,8,21327.62730237003,22985.21159260154,106.83187626688282,0,1,test
3987,Sindh,1,4,24445.817763718842,21073.977475186166,65.55711484659511,0,1,train
3988,Punjab,0,4,21862.987317005987,18109.812886239855,81.59843972404906,0,1,train
3989,Punjab,1,8,104688.16689064815,81277.19203475819,156.17035965842925,0,0,test
3990,Punjab,1,4,42705.468807859535,30699.21968300636,84.15205893816487,0,0,test
3991,Punjab,0,6,30976.01533146132,30089.16886564548,47.00257481560627,0,1,train
3992,Khyber Pakhtunkhwa,1,8,19539.05206292785,15294.297905122588,56.64739356476435,0,1,test
3993,Sindh,0,3,45322.14509585262,32883.12046457727,17.064859815879842,1,0,test
3994,Punjab,0,10,29633.934551744023,26228.633410727733,107.86361362356672,1,1,train
3995,Punjab,1,6,45743.60238456689,34186.26164592786,123.67356953513475,1,0,train
3996,Punjab,1,4,28858.464243798393,26251.505892129957,152.02235473553304,1,1,train
3997,Sindh,1,4,29673.06054126089,26183.43025948924,98.74123157443339,1,1,test
3998,Sindh,0,4,19104.244924953007,18921.23018927944,119.30059154832094,1,1,train
3999,Sindh,0,4,30285.12939520348,21593.022870449568,71.06223832025485,0,1,train
4000,Punjab,0,2,87467.82694971182,67083.8778446614,68.61501074634863,0,0,train
4001,Sindh,1,5,105221.35949162184,92539.26790670592,175.6814639080592,1,0,train
4002,Balochistan,0,1,20119.506144705123,17839.781006141213,40.50549851392155,0,1,train
4003,Punjab,1,7,13051.776483110032,12420.44032328335,93.80983359756567,1,1,train
4004,Khyber Pakhtunkhwa,0,1,38252.04445998759,31762.07758247752,60.8097906128383,0,1,train
4005,Punjab,1,5,25092.29173115447,21413.67238900632,71.53338110655008,0,1,train
4006,Punjab,0,1,22120.89300462263,15558.808582763591,12.506082641534421,1,1,train
4007,Punjab,0,4,16745.00555642275,13842.118835025689,72.20830635825271,1,1,train
4008,Punjab,0,8,9935.472020446516,7097.537581528024,100.9491074444931,0,1,test
4009,Punjab,1,5,13643.259728485638,15106.26294626627,96.01901198014127,0,1,train
4010,Balochistan,0,4,23952.153685086345,21302.707617010743,46.30216108984088,1,1,train
4011,Sindh,0,4,12531.421928116755,12058.139781861499,66.67218046911142,1,1,train
4012,Punjab,0,7,12922.503101768441,9204.705330368291,104.73524712379056,0,1,train
4013,Punjab,0,1,26145.464143407575,19917.367449205445,30.352642402803607,0,1,test
4014,Punjab,1,2,16986.66816183766,12904.193727918475,10,0,1,test
4015,Punjab,0,5,29592.094286000316,29724.247424974103,35.79024611400456,1,1,test
4016,Sindh,1,9,80603.41977943022,57605.18995363562,149.3121108966348,0,0,train
4017,Punjab,0,3,8708.4915054847,10476.045821543854,10,0,1,train
4018,Khyber Pakhtunkhwa,0,5,68885.16882082527,60826.92944026252,72.85304255788122,1,0,test
4019,Sindh,0,1,12026.474068463323,9914.432991445183,10,1,1,train
4020,Punjab,0,1,42093.67532587235,37753.45027566391,10,0,0,train
4021,Punjab,0,9,26587.752650664832,28655.26809177948,95.30263887325927,0,1,test
4022,Sindh,1,3,110636.80712094394,85184.3686940298,58.57936749476741,1,0,test
4023,Sindh,1,7,25193.85452529488,27149.03066426746,44.30069573678271,1,1,test
4024,Punjab,1,6,31385.995901513303,24322.982905132078,63.27706385578493,0,1,train
4025,Sindh,1,4,43364.96916175448,31576.322710110355,41.232333724348365,0,0,test
4026,Punjab,1,1,28126.24009705681,28123.762157035908,10,0,1,test
4027,Punjab,0,2,26426.368222965095,19807.879417046126,10,0,1,test
4028,Sindh,0,4,24106.569842857283,19970.802504961932,114.55482686969607,1,1,train
4029,Punjab,0,1,25209.767563316873,24022.01205722874,81.83927235140224,1,1,train
4030,Punjab,0,8,29329.170647064788,19194.17620798158,46.09987042481828,0,1,train
4031,Khyber Pakhtunkhwa,1,9,69111.23172962226,49900.94493196368,134.46242990485072,0,0,train
4032,Khyber Pakhtunkhwa,1,4,19143.63775008335,12138.690408413411,27.3245240218951,1,1,train
4033,Khyber Pakhtunkhwa,0,7,21445.390253531412,20485.992221892604,54.87241727579808,0,1,train
4034,Khyber Pakhtunkhwa,0,4,13633.601754143738,13196.578029108836,10,1,1,train
4035,Khyber Pakhtunkhwa,0,5,51091.617019488534,47645.793637231516,98.73843226333166,0,0,test
4036,Punjab,1,3,34776.39609276572,28768.19741120297,56.850761255237956,0,1,train
4037,Sindh,1,6,28608.977406664955,22844.4917777173,89.26915546834819,0,1,train
4038,Punjab,1,7,56515.77573350355,37538.49822717824,65.22642919625551,1,0,train
4039,Punjab,0,4,31424.891841731704,28960.61109463626,52.61529131612762,0,1,train
4040,Punjab,1,3,15459.85105838443,11239.014914317335,50.0677710638844,1,1,test
4041,Sindh,1,5,39308.91469345344,31334.33005446448,30.229037941445064,1,1,train
4042,Punjab,1,9,13387.68712122979,11455.43110892109,74.12809066897248,0,1,train
4043,Punjab,0,5,48780.82421750947,43983.90224901964,98.12894313791446,1,0,train
4044,Punjab,1,6,182734.14858552552,142435.16480769208,189.81089935175862,1,0,train
4045,Punjab,0,4,19625.62026846311,9492.757289739828,43.639201218467264,0,1,train
4046,Punjab,1,5,32767.08558135663,27729.496360365203,78.15719225774163,0,1,test
4047,Khyber Pakhtunkhwa,0,7,13236.986975952652,18217.061301109145,20.317165533789165,0,1,test
4048,Punjab,1,6,81549.39372134423,56467.12411505924,156.43260289066842,0,0,train
4049,Sindh,0,3,23171.395546849166,22761.474540704094,37.033904487455544,0,1,train
4050,Sindh,1,5,33529.452589122666,29217.231620332826,88.45990161287425,0,1,test
4051,Khyber Pakhtunkhwa,0,4,11188.234596401158,9392.64319742154,61.26185904255148,0,1,train
4052,Punjab,0,8,56192.43581135647,42331.81582639276,132.01205689521694,1,0,train
4053,Balochistan,1,4,18249.166908918556,17451.403109247807,40.42766716503762,1,1,test
4054,Sindh,0,6,22404.738930264437,22803.136466893156,42.91949898919734,0,1,train
4055,Khyber Pakhtunkhwa,1,1,20820.685198836087,18714.9684393778,24.154515647257846,1,1,train
4056,Punjab,1,12,19839.195854209527,14184.766960737245,148.31134929861616,0,1,train
4057,Khyber Pakhtunkhwa,0,6,30782.688421834417,25488.95612368189,60.89580735834195,1,1,train
4058,Punjab,0,9,19644.716447134033,15148.232135369548,113.233587911661,0,1,test
4059,Punjab,1,9,26859.968456406663,26161.763623492363,117.53581812347508,0,1,train
4060,Sindh,0,3,23931.309192568042,23699.710046125325,54.95251343790974,1,1,train
4061,Punjab,1,7,27410.089151586413,19152.84789729434,81.60311533099616,1,1,test
4062,Khyber Pakhtunkhwa,0,5,32730.481228622553,23921.190394573783,71.5437183337749,0,1,train
4063,Punjab,0,8,54700.515797915,41415.82314416303,142.82162505744526,0,0,train
4064,Punjab,0,1,41894.402568984195,36709.193532124526,56.035409687302845,0,0,train
4065,Punjab,0,3,64210.769096402015,58135.516602639,62.8892716550922,0,0,train
4066,Punjab,1,2,19294.612514976183,14761.022239345068,10,0,1,train
4067,Punjab,1,5,42792.64095163001,27752.907309906994,94.62786995208802,0,0,train
4068,Punjab,1,3,26421.223913445978,22807.135209461696,107.59764872020348,1,1,train
4069,Sindh,0,7,21305.62942963463,16448.568063744184,72.71317279722855,0,1,train
4070,Sindh,1,5,26158.567845686513,27359.581632422425,39.308531275662475,1,1,train
4071,Sindh,0,4,27251.330067933268,26028.891772949308,40.983888313978134,1,1,train
4072,Khyber Pakhtunkhwa,0,5,35248.86989815726,30377.055701988476,49.4116563144011,0,1,train
4073,Punjab,1,6,41348.14641878236,28686.31343412459,68.17669488455093,0,0,test
4074,Punjab,0,10,19907.936792892768,12148.691083176378,104.7294021604012,1,1,train
4075,Khyber Pakhtunkhwa,0,1,54577.9098520779,35932.65437674333,102.85702920115529,0,0,train
4076,Balochistan,1,4,21290.858749210052,23430.48450463988,23.509797746600086,1,1,train
4077,Khyber Pakhtunkhwa,0,4,43636.097898572756,28112.647142164296,55.36448346890503,0,0,test
4078,Sindh,1,3,62810.57492263216,51720.07404147903,59.30024756066029,1,0,train
4079,Khyber Pakhtunkhwa,0,6,47496.27032959035,35182.31443543772,93.8449779445313,0,0,train
4080,Sindh,0,6,42665.74618413901,34352.41500445007,149.37491535456604,0,0,train
4081,Punjab,0,11,25329.661491672316,23337.66908634361,168.62562282639217,0,1,train
4082,Punjab,1,8,63392.555051817464,57965.0140137565,145.02976648025486,0,0,test
4083,Punjab,1,4,16384.9081725242,16301.087186127173,91.41114417602043,1,1,train
4084,Sindh,0,4,21974.39624774257,13844.569617244832,81.73146337533869,1,1,test
4085,Punjab,1,6,16330.424678839674,13995.260226797256,83.74859572817536,1,1,train
4086,Sindh,0,3,12367.270103388895,6741.082773725786,80.07030705852864,0,1,train
4087,Punjab,1,7,46957.728186535824,29383.10709895819,85.92554816072885,1,0,train
4088,Punjab,0,1,9738.777580975517,8247.536379547775,22.452200865320606,0,1,train
4089,Punjab,0,1,9092.57099724559,4864.124326407513,14.373223061563017,0,1,train
4090,Punjab,0,3,52002.80286433003,33794.35333617664,104.38644082000792,0,0,train
4091,Punjab,0,3,26267.623170527433,26832.20584527986,10,1,1,train
4092,Punjab,1,5,37905.95704939328,33781.87737823825,100.3173912741568,1,1,train
4093,Punjab,0,8,32093.7489234186,30209.74533281687,156.82886440416922,0,1,train
4094,Punjab,1,8,51574.57960034325,36760.31621324318,184.74440500557648,1,0,train
4095,Punjab,1,3,12136.187493735993,8344.559195741174,13.862024908950229,0,1,train
4096,Punjab,0,9,16295.112632545593,14439.6538888591,123.22412040018489,1,1,train
4097,Punjab,0,6,58314.23536400799,35430.048489108405,73.39973084757088,1,0,train
4098,Balochistan,0,4,23316.545917323412,19174.029293216514,80.99838214164407,0,1,train
4099,Sindh,0,6,44853.97736028713,39407.23903852507,88.84562242503395,1,0,train
4100,Punjab,1,1,42005.45339101974,31224.66852693816,10,0,0,test
4101,Sindh,1,3,51300.639670531884,29583.314300272083,123.74094872042484,0,0,train
4102,Punjab,1,5,33382.51224667513,31844.421609307945,71.362977801223,0,1,train
4103,Khyber Pakhtunkhwa,1,8,17546.71980033395,17092.631194991,138.04906450116658,1,1,test
4104,Sindh,0,7,27569.30437383589,28780.11799818791,27.879826110289414,1,1,train
4105,Punjab,0,5,19358.716416795392,17721.72302242769,67.52484295846622,0,1,train
4106,Punjab,1,5,27086.172590097856,24500.826080214385,28.813794344778998,1,1,train
4107,Punjab,0,2,13702.116977702728,11396.582456721211,31.236809095125952,0,1,train
4108,Khyber Pakhtunkhwa,0,3,29021.76280258054,27606.865355640228,80.19744392737437,0,1,train
4109,Islamabad,0,3,110216.31738934762,74673.64459755037,131.75766291465558,0,0,train
4110,Punjab,1,7,20740.284990978562,16797.074252432114,34.749502703164104,1,1,train
4111,Punjab,1,8,35828.79670396361,32182.963018156657,143.79328559184387,1,1,train
4112,Sindh,0,5,35783.685329388114,29824.463825869327,137.90582364362484,0,1,train
4113,Sindh,1,6,42221.4547598954,39286.158156725076,103.71761430994465,1,0,train
4114,Punjab,1,6,20917.926886313602,23333.29554476804,99.21716749060661,1,1,train
4115,Punjab,0,7,23070.616979239974,15182.252958027453,64.20911262795698,0,1,train
4116,Punjab,0,2,24800.19832141263,22178.820236251242,104.79995780993599,0,1,test
4117,Khyber Pakhtunkhwa,0,5,28301.653992542608,25319.454118456964,100.24153796269793,0,1,train
4118,Punjab,0,9,5437.85053201288,3000,110.9119762141958,0,1,test
4119,Sindh,0,9,76372.49879858352,58074.294776904986,172.27928543916778,0,0,train
4120,Punjab,1,3,24925.483102262333,22465.876430356562,43.381162139199134,0,1,test
4121,Punjab,0,6,47084.14153028876,39932.41643854769,79.72486513550666,1,0,train
4122,Punjab,0,6,13954.518016051277,13303.116280749693,45.916049846813,1,1,test
4123,Khyber Pakhtunkhwa,0,5,24681.681546326017,17752.977192120685,73.69211424020494,0,1,train
4124,Sindh,1,8,13706.109307417893,11754.107108515467,118.79223731290008,1,1,train
4125,Khyber Pakhtunkhwa,0,8,23524.33576346614,23045.81731843759,147.13401960580052,0,1,train
4126,Sindh,1,4,17442.19409884762,19482.815442118146,57.965892964824526,1,1,train
4127,Khyber Pakhtunkhwa,1,3,97501.40568890263,73379.3636800014,133.29641702893548,0,0,train
4128,Khyber Pakhtunkhwa,0,4,10479.04747262857,3000,35.90801858513193,0,1,train
4129,Punjab,1,5,24792.23999652697,22473.72110541449,142.08811537137956,1,1,train
4130,Punjab,1,7,16648.902765848572,15011.791134066874,61.998712541863746,0,1,train
4131,Sindh,0,7,10131.331264309454,6409.790246212511,56.313084571412176,0,1,train
4132,Punjab,1,4,62192.45859642429,43263.17912454731,60.96570518835529,0,0,test
4133,Khyber Pakhtunkhwa,1,9,27198.71519423319,23128.15223549039,106.74490251918719,0,1,train
4134,Balochistan,0,5,23143.226629921788,22958.87555385389,81.09805988365153,0,1,train
4135,Punjab,0,8,32474.592788774655,31225.849590147725,97.06694338571856,0,1,train
4136,Khyber Pakhtunkhwa,0,4,38952.08572183575,30430.360770850057,22.06660379977864,1,1,test
4137,Punjab,1,3,18514.908820287426,18286.79909396308,17.64057415282142,0,1,train
4138,Sindh,1,3,21391.444980526045,13744.470125381891,84.00307013189278,0,1,train
4139,Punjab,1,3,34448.08861148517,33475.44614822395,26.220206002414482,1,1,train
4140,Punjab,0,5,14841.57731987639,8497.060349618198,83.54209316647723,0,1,train
4141,Punjab,1,4,11594.549298609025,13252.143965617543,49.33009139623047,1,1,test
4142,Punjab,1,4,14205.340813637344,15752.946722641787,10,0,1,train
4143,Punjab,1,5,28579.619245007296,21652.949253214676,69.7076756530209,1,1,train
4144,Balochistan,1,6,53326.05435497891,33447.57461642969,62.86287096636423,0,0,train
4145,Punjab,1,4,23042.339015112382,14512.312870715521,59.92036161029877,0,1,train
4146,Punjab,0,3,32500.152729468402,36126.44923148199,61.147591451788585,0,1,train
4147,Khyber Pakhtunkhwa,1,7,25784.782279711446,29372.220040175605,93.5580314696874,0,1,test
4148,Sindh,0,5,58083.69537608145,48735.769323654284,77.01189443519606,0,0,train
4149,Sindh,1,6,21757.326194136167,13517.508760439076,51.54923815698636,1,1,train
4150,Sindh,1,4,9221.812968724973,12316.31702472219,38.46936351308803,0,1,train
4151,Sindh,1,5,18317.954903443337,21752.920235269292,83.80285862203664,1,1,test
4152,Sindh,0,6,68347.17103417712,47869.124858174095,144.29013096313327,0,0,test
4153,Punjab,0,3,111114.72153551734,73146.15187222647,99.46897869250208,1,0,train
4154,Sindh,0,4,32170.79529971828,28817.78496862455,28.518887839803142,0,1,train
4155,Khyber Pakhtunkhwa,0,5,13078.829436934402,15373.280022167844,33.29707982827077,1,1,test
4156,Punjab,0,5,48426.54033836003,39481.52478549139,80.34591307151526,0,0,train
4157,Khyber Pakhtunkhwa,1,4,37702.07806337663,30842.00491285183,94.16631077165806,0,1,train
4158,Sindh,0,10,96793.21771581593,65925.28039866882,200.9913161071557,1,0,test
4159,Sindh,0,2,13507.264181024218,9324.461308515802,19.34766138822788,0,1,test
4160,Punjab,1,4,86422.93104153845,63672.8149812056,64.62196448528886,1,0,test
4161,Punjab,1,6,55063.0203645249,37901.27281792372,150.12020968357447,1,0,train
4162,Sindh,0,6,43188.34658876705,35724.97825935729,118.14758733130375,0,0,train
4163,Khyber Pakhtunkhwa,0,4,23806.442414885452,25106.766742632542,119.47006807805467,0,1,test
4164,Punjab,1,11,28670.446085684875,22167.22340729566,165.36146537245466,0,1,train
4165,Punjab,1,10,53557.56963911528,36508.17629483473,120.006664125426,0,0,train
4166,Khyber Pakhtunkhwa,1,4,16275.179361524968,15145.449692155238,89.72645556113305,0,1,test
4167,Punjab,0,4,12723.79838815257,12617.297276526031,59.84891850216255,0,1,train
4168,Punjab,0,5,24996.079666878148,18239.52215094354,13.435694073204658,0,1,test
4169,Punjab,0,6,62572.083327320885,39698.773228041246,123.8903333181975,1,0,train
4170,Punjab,0,4,26075.22938117072,26228.083846340993,87.26825749063832,1,1,test
4171,Sindh,1,8,45298.82973728002,31560.143681449452,89.71749002629689,0,0,test
4172,Khyber Pakhtunkhwa,0,3,28841.27630997861,23739.40186525069,54.105374375438295,0,1,train
4173,Punjab,1,6,47832.05683360639,40436.76353818647,148.6012408984847,0,0,test
4174,Khyber Pakhtunkhwa,0,7,20619.766439319246,13751.178731506725,87.66533016558061,0,1,test
4175,Punjab,0,3,39127.795304447834,30905.96018384209,20.839158209321724,1,1,test
4176,Sindh,0,2,28823.114925774225,24569.05365635109,16.05044860461325,0,1,train
4177,Sindh,1,2,16097.966698679944,14995.216510105201,30.024413281812752,1,1,train
4178,Punjab,0,3,36153.90947219793,33324.471145475174,75.69335070767224,1,1,test
4179,Khyber Pakhtunkhwa,1,7,77537.09956586803,57988.28043873012,143.17535176370683,1,0,train
4180,Sindh,0,5,64663.39115529179,58921.42939972159,89.47167554037473,1,0,train
4181,Khyber Pakhtunkhwa,0,3,40153.2190273263,34034.686660859035,45.26321871905323,0,0,train
4182,Sindh,1,3,19579.479293403027,20694.896460735148,112.85741034657306,1,1,train
4183,Sindh,0,4,16485.435429241643,16854.64303719427,85.7617064368157,0,1,train
4184,Khyber Pakhtunkhwa,0,4,31037.94055107176,25366.791977299526,67.73041393812447,0,1,train
4185,Punjab,0,5,13108.408208325578,12534.034653292822,18.48646932299438,0,1,test
4186,Balochistan,0,2,9469.158048224655,6811.510665818715,10,0,1,test
4187,Khyber Pakhtunkhwa,1,4,57761.31311499878,41477.66107511686,118.20990246164757,0,0,train
4188,Sindh,0,4,84456.50107469656,61541.92965534692,126.01636747425344,0,0,test
4189,Punjab,0,8,31054.01075667407,24631.610861686426,108.67878985582794,0,1,train
4190,Khyber Pakhtunkhwa,0,6,21779.853147945174,23558.13287016607,87.56090121818343,1,1,train
4191,Punjab,0,3,18337.94264603751,16377.682334202918,25.107849584605244,0,1,train
4192,Sindh,0,3,20279.715600322645,18903.650209807376,20.77646687828195,0,1,test
4193,Punjab,1,5,13468.02086961709,7097.112736072053,64.52016227073022,1,1,test
4194,Sindh,0,6,21362.952420619094,14587.294823310393,65.25756647109162,0,1,train
4195,Punjab,0,7,75602.47428369318,57998.869340205,110.4327416466979,1,0,train
4196,Sindh,0,6,82564.78269443047,51768.524200202264,132.46440729025164,0,0,train
4197,Punjab,1,6,70025.36873154044,55775.152390888354,108.21320957647693,1,0,train
4198,Punjab,1,3,28288.47066418117,25368.184102828305,63.920966596170906,0,1,train
4199,Punjab,0,4,47547.925963066366,45548.53400723206,82.91536440223122,0,0,train
4200,Sindh,0,4,71070.66960796376,60531.63138266734,49.659511723022234,1,0,train
4201,Punjab,0,4,61707.86505111905,51673.08078970562,79.50129859157852,0,0,train
4202,Punjab,0,3,19158.665383534593,13714.31611210051,48.143237926773686,0,1,test
4203,Khyber Pakhtunkhwa,0,4,49283.01040018293,46250.073935253124,23.679932651165764,0,0,train
4204,Sindh,1,7,13209.17325007549,12376.036307404549,126.9926323498304,0,1,test
4205,Punjab,1,3,18609.97159896072,15437.910268660004,36.522660321377316,0,1,train
4206,Punjab,0,6,33933.926853699886,27357.99001082068,87.14916582554096,0,1,train
4207,Punjab,1,11,43266.849186979554,33285.03480134869,152.2830832946276,1,0,train
4208,Khyber Pakhtunkhwa,1,4,28599.563206568342,26873.879458955802,15.788425739277187,1,1,train
4209,Punjab,1,4,16381.747260563969,17590.059081490286,43.898635237160086,0,1,train
4210,Khyber Pakhtunkhwa,0,4,66788.48506908625,58266.17158614033,85.62312465857686,0,0,train
4211,Punjab,0,4,42884.11233150113,29988.06180119909,10,0,0,test
4212,Khyber Pakhtunkhwa,1,5,15057.820153429362,11143.403743623872,67.54126753750329,0,1,test
4213,Sindh,1,5,25456.283574640856,23234.316495344276,71.63689429899945,0,1,test
4214,Sindh,0,6,19981.663485491157,18839.620779022054,103.7747048360381,1,1,test
4215,Sindh,1,1,20415.11002642838,16666.59328099047,10,0,1,train
4216,Punjab,0,5,33807.789458113235,34286.30900831688,38.358860871760044,0,1,test
4217,Punjab,0,6,25246.733887610353,23057.569149313258,102.82379281429749,0,1,test
4218,Punjab,0,3,22217.877987884523,14630.342181660211,18.55252163347854,1,1,train
4219,Punjab,0,8,44871.23772931565,39457.16970131361,189.5610542361119,1,0,train
4220,Punjab,1,1,26989.446453417026,27215.418127311244,52.310130964649375,1,1,train
4221,Sindh,1,11,57050.70726027894,49329.39390630914,168.94453598966825,0,0,train
4222,Punjab,1,4,41269.135238298695,35183.40356920479,77.68286568779186,1,0,test
4223,Punjab,1,2,30848.312135975855,33376.45661548956,21.79210130049849,0,1,train
4224,Punjab,0,9,24753.589576888295,21568.80941110448,133.49368167907195,0,1,train
4225,Punjab,0,7,27465.37117741068,24126.568720192372,72.2938210833227,0,1,train
4226,Khyber Pakhtunkhwa,0,5,7066.303550342632,9112.41836821337,60.25284285960355,0,1,test
4227,Punjab,0,5,44777.25798030699,34103.626129643875,117.75659233487264,1,0,train
4228,Punjab,1,7,50981.108296401464,32652.92554041399,90.33142537989033,0,0,train
4229,Punjab,0,9,41218.68279060581,35681.362085008805,90.01863101854778,0,0,train
4230,Khyber Pakhtunkhwa,0,6,10212.14676405516,4509.033290746618,99.36429983574857,0,1,train
4231,Punjab,0,5,63139.160346467856,43525.764975236474,87.97231278879556,0,0,train
4232,Punjab,0,6,48487.86801390443,45460.323041682575,119.42400630625164,1,0,test
4233,Punjab,1,9,55900.257676134795,42533.47698101827,151.1305212396245,1,0,test
4234,Khyber Pakhtunkhwa,0,4,22365.194943049173,17762.010184789346,82.21667883241383,1,1,train
4235,Punjab,0,1,52327.86912100415,43496.29945502274,16.222767148612782,0,0,train
4236,Punjab,1,9,28249.865353290956,26557.386411105515,74.88985718636624,0,1,train
4237,Punjab,1,3,86968.43092427659,63895.20887956993,75.09507955232137,0,0,train
4238,Balochistan,0,4,9505.009398363036,7223.355672863331,101.35398147432699,0,1,train
4239,Punjab,0,7,55325.30056669729,43780.56537248671,158.85739007141945,0,0,train
4240,Punjab,1,7,29287.244366074992,22962.24328677566,78.95499960877478,1,1,train
4241,Sindh,0,7,48389.26743077333,38873.44113377787,101.56698924123484,0,0,test
4242,Punjab,0,2,18631.178271698293,14640.642137213705,59.654964987333145,0,1,test
4243,Punjab,0,4,107905.29038485077,80741.77488473128,133.0544084847441,0,0,train
4244,Punjab,0,8,53096.3152579421,45288.961548809966,66.86390035369064,0,0,test
4245,Khyber Pakhtunkhwa,1,4,75325.04834568262,59776.147206123824,71.28392277922099,0,0,train
4246,Punjab,1,3,33859.17270231624,30997.00988457894,78.13468353212863,1,1,train
4247,Sindh,0,5,18309.19755685026,10990.28973810414,62.27912151558541,0,1,train
4248,Khyber Pakhtunkhwa,0,5,22001.37648935784,16884.217548229302,38.711497616079384,0,1,train
4249,Punjab,0,9,19693.34732849692,11752.354115554195,94.5514757804882,0,1,train
4250,Sindh,0,5,29799.664104256346,29806.691271746426,20.942951549425317,0,1,train
4251,Punjab,1,2,34212.80525745473,31928.997836353206,14.718061941270065,0,1,train
4252,Punjab,0,6,27411.34333300801,21498.68964405266,94.6584518213162,0,1,train
4253,Sindh,0,5,64173.55732490072,46378.54914072163,122.72076389035826,0,0,test
4254,Punjab,1,2,32331.38259487007,25374.858983338774,10,0,1,test
4255,Sindh,1,4,35931.368333600985,35125.29464775698,84.48684924144982,0,1,train
4256,Punjab,0,6,17966.226163235016,18583.971177957064,48.13322170473863,1,1,train
4257,Sindh,1,9,50746.22335704113,37891.97554139352,117.57429635023452,0,0,train
4258,Punjab,1,4,31327.305905858906,27912.76300315061,64.38891142377804,0,1,train
4259,Sindh,1,5,96396.47044823789,91371.01068322847,128.37312340564574,1,0,train
4260,Sindh,1,3,20336.916160400782,17341.268819063487,30.651626010638108,1,1,train
4261,Punjab,0,5,30310.708912894985,31569.414379527847,68.02933761960206,0,1,train
4262,Khyber Pakhtunkhwa,1,7,20196.93631244851,19780.06865957589,94.86898867492279,0,1,train
4263,Punjab,1,4,40209.911614582044,37142.18873083361,99.58387204530827,1,0,test
4264,Punjab,0,6,72330.83074203898,49241.044412757154,154.53131150813886,0,0,train
4265,Punjab,1,2,70504.0391354965,40838.96666853499,133.962742258387,1,0,train
4266,Khyber Pakhtunkhwa,1,7,23797.137507121697,20149.206840090777,35.866752111227044,1,1,train
4267,Punjab,0,5,60165.016691552235,53254.449745369704,85.379814564422,1,0,test
4268,Balochistan,1,9,9645.840725091426,16535.433778500006,101.03697759987182,1,1,train
4269,Punjab,0,3,60268.2516929236,53954.717494867335,90.36776333360567,1,0,test
4270,Sindh,1,7,64238.00937934521,49563.81641419583,64.89977610342308,0,0,test
4271,Punjab,0,2,21937.75279820208,20293.523371508763,11.318667878315289,0,1,train
4272,Khyber Pakhtunkhwa,1,2,24347.968072615073,23535.378845312953,10,1,1,train
4273,Punjab,1,5,28689.10611489407,22924.69447492824,17.253883646992833,1,1,train
4274,Sindh,0,3,13462.022997874727,14319.257854563542,56.870388069917766,0,1,train
4275,Punjab,0,4,27605.808242233732,21768.201627410122,112.62008878250813,0,1,train
4276,Khyber Pakhtunkhwa,0,5,28539.681622945456,22733.164194236106,86.78676260382329,0,1,train
4277,Khyber Pakhtunkhwa,1,5,31212.8796839683,30823.536530169742,70.44256212964162,0,1,test
4278,Punjab,1,6,41560.656616572094,28636.835211824444,94.13379696556704,1,0,train
4279,Balochistan,0,5,15792.277505401562,13488.38543394037,19.91204237263841,0,1,train
4280,Sindh,1,4,27636.812807578503,18591.258563096115,53.52496900649616,1,1,train
4281,Punjab,0,6,14641.078916443386,15094.928893585367,128.13850096342614,1,1,train
4282,Sindh,0,6,70605.3210892758,48873.324395077085,88.44045932124322,0,0,train
4283,Punjab,1,4,70243.54012566461,54717.035782177656,53.35922149622192,1,0,train
4284,Punjab,0,2,23462.205614791637,14894.061481967368,10,0,1,test
4285,Punjab,0,7,17485.79773545404,15222.393412129319,73.35250173715195,1,1,train
4286,Balochistan,0,5,18711.404478507764,15506.195764670007,59.78397533529319,0,1,train
4287,Punjab,1,11,62120.328796104455,51621.37185984686,193.01645380946593,1,0,test
4288,Punjab,0,3,22735.63593394305,17510.814472505444,36.58940918441603,0,1,train
4289,Balochistan,1,3,5614.071493691551,3000,16.739590105042282,0,1,train
4290,Punjab,1,4,82267.81303117676,56893.72312226589,164.76920594538754,0,0,test
4291,Khyber Pakhtunkhwa,0,5,51700.54586813836,40023.6529941031,123.08480931736327,0,0,test
4292,Sindh,0,8,30715.165068675306,22355.629910847652,38.886572045921085,0,1,train
4293,Punjab,0,8,14736.192035861422,12745.73985485591,117.25901712421567,0,1,train
4294,Khyber Pakhtunkhwa,0,2,12665.416873071095,10646.23550281394,21.504639448710588,1,1,train
4295,Khyber Pakhtunkhwa,0,8,32192.36224714634,25650.668227188675,153.84876001525527,0,1,test
4296,Punjab,0,3,37435.95128637346,35108.134468918404,66.23246525484262,1,1,train
4297,Balochistan,0,7,46256.66271089047,43697.388386828556,137.53430002467485,1,0,test
4298,Punjab,1,8,57436.2702898207,44117.523513284024,101.02042138439535,0,0,test
4299,Sindh,1,2,30924.100686813712,22220.092840840825,35.23919300244203,1,1,train
4300,Khyber Pakhtunkhwa,1,4,39045.950365177945,33686.35775332758,93.77046582464072,1,1,test
4301,Balochistan,0,5,21949.718370066585,19564.6063360714,29.26849636206112,1,1,train
4302,Punjab,0,1,45015.64828185959,34894.456707647834,84.35964397942102,0,0,train
4303,Punjab,0,3,17879.911744696652,14175.208517815097,57.23570805772354,1,1,train
4304,Punjab,1,4,19297.878877630395,15986.794325986395,45.04813887242012,1,1,train
4305,Punjab,0,1,18638.55166426676,13688.90559832043,18.552347120211376,0,1,train
4306,Punjab,1,4,23239.09649448014,20389.177803908533,53.25623639227221,1,1,test
4307,Khyber Pakhtunkhwa,0,1,17350.031404202175,18313.779275150937,46.49794410632805,0,1,train
4308,Khyber Pakhtunkhwa,1,7,18954.338374790495,14902.619516634619,36.416619638381604,0,1,test
4309,Khyber Pakhtunkhwa,0,8,51109.111487331174,41904.54350310125,144.40486341553662,0,0,train
4310,Sindh,0,4,68278.72717708917,61243.2404046002,133.73793289170177,1,0,train
4311,Khyber Pakhtunkhwa,1,9,105959.32352325128,60995.86458152874,238.63493706739808,1,0,train
4312,Sindh,0,9,26603.195766625682,23573.148210044637,122.99718372093032,0,1,train
4313,Sindh,1,4,107116.69837081502,69369.29179208791,179.37240971353123,0,0,test
4314,Islamabad,1,2,20945.893464633496,20797.87650813947,56.91363212091322,0,1,test
4315,Punjab,0,1,80819.18346782023,67501.34148483003,58.46438210910675,0,0,train
4316,Punjab,1,7,32446.943641858026,28110.30327885182,88.22906698390008,1,1,test
4317,Khyber Pakhtunkhwa,1,8,37597.11018111713,27303.6969384961,85.17233991350847,1,1,test
4318,Punjab,0,2,25879.68282954505,22364.633762782796,35.202425590238356,0,1,test
4319,Balochistan,1,3,38685.53068093404,35218.19763123229,75.60371417906823,1,1,test
4320,Khyber Pakhtunkhwa,0,4,62888.191831663666,43005.29072358336,100.89997942829179,1,0,train
4321,Khyber Pakhtunkhwa,0,5,33343.14799523884,24996.50289557704,79.38227801600502,0,1,train
4322,Punjab,0,4,35416.26558292635,29059.655907180062,51.735776242131834,0,1,train
4323,Punjab,1,7,22578.947400914625,20417.49362226368,71.57896996405552,1,1,test
4324,Balochistan,1,2,34918.343924953646,29764.797088098006,41.11056669896302,1,1,test
4325,Sindh,0,5,19775.05550560313,21765.601157678033,58.222332277830496,0,1,train
4326,Punjab,1,5,34770.54120498178,33491.39806774957,78.09672811693395,0,1,test
4327,Punjab,0,9,11991.30197861237,9627.5512260767,65.54168033779125,0,1,test
4328,Punjab,0,4,76359.565208517,70289.61684603023,124.11248015228594,1,0,train
4329,Punjab,0,3,18501.525936980113,18478.663372838884,73.12200450579806,1,1,train
4330,Balochistan,1,8,12234.297241887365,10250.32874524125,83.12724788162188,0,1,train
4331,Punjab,0,2,16075.610502734899,19716.613216400045,32.325392629595655,0,1,train
4332,Punjab,0,3,9445.443020322484,6125.478151329308,96.56720138155623,0,1,train
4333,Punjab,0,6,68450.78199507232,59531.555059750885,92.10901354272869,0,0,test
4334,Punjab,0,9,31278.671930522072,26756.21427853013,70.5195950831756,1,1,train
4335,Sindh,0,3,49315.01593800989,40290.48446639663,101.20161979149897,1,0,test
4336,Punjab,1,4,40838.96031871506,31810.70621024202,72.52534006577274,1,0,train
4337,Khyber Pakhtunkhwa,1,6,34761.139756778815,26538.12675223488,124.35967164840781,0,1,train
4338,Punjab,0,6,22120.27127379441,18527.192858183415,85.20652774188652,0,1,train
4339,Balochistan,0,4,17097.389922712202,12573.587076949942,25.698817590486573,1,1,test
4340,Punjab,0,9,18653.127413389593,11535.484453537227,152.91544399095764,0,1,train
4341,Sindh,0,6,15057.078912682919,16024.46662935961,58.304148344691285,1,1,test
4342,Sindh,0,3,37773.161898710154,36047.570083542254,29.956182072177196,0,1,test
4343,Punjab,0,1,75048.66322365889,56542.758152243994,90.1936141967877,0,0,train
4344,Punjab,0,4,22282.061260186514,15276.141907415562,10,0,1,test
4345,Punjab,0,6,30824.337783690575,27733.5924245118,70.02455938286519,0,1,train
4346,Punjab,1,4,52353.55831424218,44617.059081982756,78.40493310796097,0,0,train
4347,Punjab,1,3,15135.393724468904,11568.017039241504,10,1,1,test
4348,Sindh,0,7,31867.98115256773,31185.24587798333,87.41283853954906,0,1,train
4349,Sindh,0,2,25814.26841905783,21709.470247155736,12.349930257421242,0,1,train
4350,Punjab,0,5,21597.796482725684,19582.395402345763,102.12468195584958,0,1,train
4351,Punjab,1,6,43554.04785946543,34371.816110838496,78.11525931510691,0,0,train
4352,Khyber Pakhtunkhwa,1,3,55256.542026374744,49375.26324925547,44.966110124984,1,0,train
4353,Islamabad,0,6,50737.02534708495,33808.8147200561,64.35431966848324,1,0,train
4354,Sindh,1,7,30108.255785491354,23972.212095204493,86.82629121852383,1,1,train
4355,Punjab,0,6,22968.998741041607,18738.26365219261,80.896245320955,0,1,test
4356,Punjab,1,5,52817.197881074535,35286.45898660642,108.32594494612508,1,0,test
4357,Sindh,1,4,25059.690169913232,24036.565343248883,85.91245305986706,0,1,train
4358,Sindh,1,3,36812.93118659734,27437.88158754802,78.02952713626502,1,1,train
4359,Punjab,1,5,15811.827036903715,12509.655370495258,48.03523300253388,1,1,train
4360,Punjab,1,6,19145.12293412709,16099.249002765828,97.14212600135691,0,1,test
4361,Punjab,0,7,10414.549723763565,10371.37508750105,83.78131822283973,0,1,train
4362,Balochistan,1,2,19025.277945214122,21500.932574860108,10,0,1,train
4363,Khyber Pakhtunkhwa,1,3,18764.15892250581,19027.983646835204,10,0,1,test
4364,Sindh,0,6,23846.19811007213,20816.333690282576,88.08765065601303,0,1,train
4365,Punjab,0,10,87741.95931038239,67856.02686674807,139.95266174598686,1,0,test
4366,Punjab,1,4,56324.61966829749,38771.66949516352,58.09219926074045,1,0,train
4367,Punjab,0,6,44428.19281547388,32256.924836566377,137.0131073701029,1,0,train
4368,Punjab,1,5,21396.98183538529,21690.964725967428,20.025511728089008,1,1,train
4369,Punjab,0,6,20453.176756687804,20679.966249653957,52.36421155829291,0,1,train
4370,Punjab,0,5,24116.441758414334,19952.974848591322,69.61231444084206,0,1,train
4371,Punjab,0,3,46705.98350518433,36910.664137426604,32.32211442537032,0,0,train
4372,Khyber Pakhtunkhwa,0,10,17659.29796559364,12785.810255964221,136.5150023652852,0,1,train
4373,Sindh,1,1,51552.66104289915,29130.23268763838,73.27758485162326,1,0,test
4374,Sindh,0,2,15813.042669952722,15673.497714578976,10,0,1,train
4375,Sindh,0,5,12009.564440384987,7702.23419169732,57.37421851379651,0,1,train
4376,Punjab,1,1,36821.39700338574,30911.736667548725,62.709776309991796,0,1,train
4377,Punjab,1,5,119005.29830069526,85599.22101569516,154.7414947236481,1,0,train
4378,Khyber Pakhtunkhwa,1,10,17772.54108513504,15804.818628908944,118.89200803584484,0,1,train
4379,Khyber Pakhtunkhwa,0,7,34936.84604495762,22152.70276973911,80.94989800100447,0,1,test
4380,Khyber Pakhtunkhwa,1,3,10772.97732717628,3000,45.89528479967563,0,1,train
4381,Punjab,0,6,22919.188338571625,21391.048969736923,107.46475462494918,1,1,train
4382,Punjab,0,7,11062.615379744399,9241.711362345377,85.13429227877059,1,1,train
4383,Punjab,0,5,11370.906396832179,6926.355952691587,35.4782244263713,0,1,train
4384,Punjab,1,6,56880.96969061699,47747.199981536396,53.5523621813867,1,0,test
4385,Punjab,0,4,46802.64072541234,30755.978783336926,120.26067870026827,1,0,train
4386,Punjab,0,6,6207.195749174676,3000,124.00136497587916,0,1,train
4387,Punjab,1,4,83626.16261258046,70076.57085722931,95.62919800390105,0,0,test
4388,Sindh,1,4,27081.484135124098,21888.60113336757,66.60054892725867,1,1,train
4389,Khyber Pakhtunkhwa,1,6,29130.033597266665,28589.748951245296,73.12005561632466,0,1,train
4390,Sindh,0,5,46119.68039273082,39845.13670288765,141.9031262455162,0,0,train
4391,Punjab,0,3,8059.712724857366,10103.395458792813,10,0,1,train
4392,Punjab,1,7,43062.4778390073,35076.755422538736,85.42513956125804,1,0,train
4393,Punjab,0,5,49260.66287901205,46986.79409667347,65.18602007714787,0,0,train
4394,Punjab,0,3,30836.972769607775,32485.078718141445,82.31199320002412,1,1,test
4395,Punjab,0,7,18297.542948898696,15921.680142787527,109.6873953168511,0,1,test
4396,Sindh,1,2,99818.50116313239,72004.48342065446,122.49755950277195,0,0,train
4397,Punjab,0,3,29278.561728209817,30585.045782132875,57.86513203940805,0,1,train
4398,Sindh,1,2,14815.889603705784,9940.786930925957,50.79850358306694,0,1,train
4399,Sindh,0,6,40549.24142561637,36697.10327590807,96.3158647952106,0,0,train
4400,Khyber Pakhtunkhwa,1,6,28982.43827332866,30949.181362532046,87.75033818836117,0,1,test
4401,Sindh,1,7,32416.44667665942,24751.883523622866,109.06732379906526,1,1,test
4402,Balochistan,1,2,15554.94518816255,11418.774727769058,33.41957305835479,1,1,train
4403,Punjab,1,1,31949.475374676924,31430.09248805868,49.822683380694684,1,1,train
4404,Khyber Pakhtunkhwa,0,5,20638.584618763984,17488.092514422002,48.85816808201598,1,1,test
4405,Punjab,0,3,43594.13897876045,25837.848596338044,23.004334601750514,0,0,train
4406,Punjab,0,8,34310.42345266685,21393.94638519968,60.28815953022593,0,1,train
4407,Punjab,0,9,49784.23403715795,41069.49005826267,128.4118590092063,1,0,train
4408,Khyber Pakhtunkhwa,1,3,37122.90609126252,30448.612189098763,74.45652425647901,1,1,train
4409,Khyber Pakhtunkhwa,0,9,131093.18190589888,109273.47414696182,214.54688783709668,1,0,test
4410,Punjab,0,9,56777.18694333557,40364.696188206275,121.51110135604257,0,0,train
4411,Punjab,1,6,99929.11988812809,72423.49132279141,119.36114031541342,1,0,train
4412,Punjab,0,2,38223.935593520306,37117.72043402789,52.1649205570022,0,1,train
4413,Balochistan,1,5,13971.80119958112,11520.704445093968,13.08202931627764,1,1,test
4414,Sindh,0,4,27394.1180038632,20435.581436134027,23.47323091551756,1,1,train
4415,Balochistan,1,8,49203.809088487425,39467.29185422625,109.98600402203891,1,0,train
4416,Sindh,0,13,31078.832047056745,25757.489151260863,151.59387607774727,0,1,train
4417,Sindh,0,5,39640.091552226,33232.24668822234,75.39208116056518,1,1,test
4418,Punjab,0,10,19617.684556447522,21408.906602628776,95.32544607306554,0,1,train
4419,Punjab,0,4,57887.75345589644,48751.873555462094,77.1544691470089,0,0,train
4420,Punjab,0,4,43691.85768979548,32225.143430021766,56.06009663063659,0,0,train
4421,Sindh,0,4,21420.272676491066,15931.801841329787,81.89293587931513,0,1,train
4422,Sindh,1,7,18031.897402368137,13896.232526733547,92.55846474822097,0,1,train
4423,Punjab,0,5,17240.50379640977,20164.09766772432,82.16781289543593,0,1,test
4424,Sindh,0,4,15176.811982041992,12406.542575094983,14.95299848299895,0,1,train
4425,Punjab,0,10,23137.945798181412,26258.93663790552,141.60855662993959,0,1,test
4426,Punjab,1,6,17430.23602699797,16840.682631357497,106.62853523158972,0,1,train
4427,Khyber Pakhtunkhwa,0,3,25895.56325224729,21393.761746141958,65.05470270523968,0,1,train
4428,Punjab,1,1,16557.07075398605,15459.373718892279,87.49139383053978,0,1,train
4429,Khyber Pakhtunkhwa,0,7,56277.5933529192,39173.754104691085,106.65338421795698,0,0,train
4430,Punjab,0,3,39789.099841462245,38855.83934606773,89.60883730317967,1,1,test
4431,Punjab,0,7,14261.058414738998,16323.5102785932,72.21798116043996,1,1,train
4432,Punjab,0,1,32606.046721514165,28785.07754717758,43.29720926929212,0,1,train
4433,Punjab,1,1,99853.32227783347,76187.603891132,119.2381293030663,1,0,train
4434,Sindh,0,7,115472.16018498666,97680.00509885118,125.78460810514436,0,0,train
4435,Sindh,1,6,54263.55023278053,46155.346419222595,97.91725327783571,1,0,test
4436,Khyber Pakhtunkhwa,0,7,30957.534060045222,25938.291899825206,95.22505751747298,0,1,train
4437,Punjab,0,9,30949.731654876472,23286.623598193455,86.12284442648993,1,1,train
4438,Khyber Pakhtunkhwa,1,3,76774.93215922904,61681.53622310234,106.09445552479555,0,0,train
4439,Punjab,0,5,41185.216385195694,33484.82261126698,56.687808731735714,1,0,train
4440,Sindh,1,9,20071.617335139574,21196.0424478546,85.49618773803928,1,1,test
4441,Balochistan,1,6,21027.389907747234,17972.247862562304,28.4217331036716,1,1,train
4442,Punjab,0,1,13555.902746905078,11343.888891516295,19.283630110958264,1,1,train
4443,Punjab,1,1,33677.116667306844,36898.75447722911,54.83382631689682,0,1,test
4444,Sindh,0,5,31006.283421965196,25855.571423576293,77.4663574708542,1,1,train
4445,Balochistan,0,5,105997.58456136052,81209.3362932699,76.68939367644418,1,0,train
4446,Sindh,0,3,11564.19576151013,8792.11169436119,19.209189583840004,0,1,train
4447,Sindh,0,6,28195.598658600975,23655.198362850573,70.26209554564498,0,1,test
4448,Punjab,1,8,41736.28101431297,32035.71168882928,110.8772751280939,0,0,train
4449,Punjab,0,5,5991.618818625106,3000,55.020179856431895,0,1,train
4450,Sindh,1,10,24291.45902940161,20302.883162317674,120.6707580727355,0,1,train
4451,Balochistan,1,4,64725.22816082571,57690.58885121952,99.68956549959722,1,0,train
4452,Punjab,0,6,15303.066898581232,14598.480961781177,124.64306724301652,0,1,test
4453,Punjab,0,2,51829.19411628136,37441.203350218646,27.309646488006244,1,0,train
4454,Islamabad,0,10,61652.280692882436,39468.86732469922,134.43995217563622,1,0,train
4455,Balochistan,0,5,69729.43533510617,49456.36027316424,69.04924408905629,1,0,test
4456,Punjab,1,3,20357.91840530684,14430.713591774653,28.987301092826293,1,1,train
4457,Punjab,0,7,31066.893930076432,25740.48526673016,83.05266863680363,0,1,test
4458,Khyber Pakhtunkhwa,0,2,15033.306970836207,13481.637152136442,65.02844920875913,0,1,train
4459,Sindh,0,5,146617.8299266986,110310.49579986562,167.10664533624944,0,0,test
4460,Islamabad,1,9,63438.83927145833,55709.463312427186,110.29426705148241,0,0,test
4461,Punjab,1,8,32711.49267970045,23541.152411355204,134.4952780957875,0,1,train
4462,Punjab,0,3,24750.57052892356,23461.826083207136,26.252014420307,0,1,train
4463,Punjab,0,3,32754.92263609105,25711.298112911965,27.07189081728661,0,1,train
4464,Khyber Pakhtunkhwa,0,9,9232.616025446912,11410.56888242532,100.59201514339338,1,1,train
4465,Punjab,1,5,40191.3674293822,26713.329022808528,68.96575102750056,0,0,test
4466,Punjab,0,4,59970.95762585109,50179.96887998674,93.31793011808014,0,0,test
4467,Punjab,1,2,44142.15625759243,34832.60488015893,45.448256444714936,1,0,test
4468,Khyber Pakhtunkhwa,0,4,20156.809817396854,24131.475944846752,10,0,1,train
4469,Sindh,1,5,39623.0258835667,29924.410341745526,74.77063751435347,0,1,train
4470,Khyber Pakhtunkhwa,0,1,38589.90669353772,31064.913865784536,97.00457495679889,1,1,train
4471,Punjab,0,5,70083.39222436164,61580.15544096003,145.71185439749638,1,0,test
4472,Punjab,0,7,8822.044554940292,7368.738255812304,59.66815059689154,0,1,train
4473,Punjab,0,5,13258.23715054801,8679.895382549406,55.538470057233134,0,1,train
4474,Punjab,1,10,30486.802820989848,22597.39609850497,132.54731727461026,0,1,train
4475,Punjab,0,3,14108.803222193303,13881.385542435864,30.924140265235863,0,1,train
4476,Sindh,0,5,31710.46211826909,32173.00770407766,38.96655683230222,0,1,train
4477,Sindh,0,4,14395.866391637172,14279.992716367231,31.70989251160904,0,1,train
4478,Punjab,0,6,22169.77375824681,15526.284109906324,108.47734860313723,0,1,test
4479,Punjab,1,4,14893.15032847793,12410.021402673126,48.527368592116595,0,1,test
4480,Khyber Pakhtunkhwa,0,5,9697.063150338834,7828.123961676615,10,1,1,test
4481,Khyber Pakhtunkhwa,0,3,28037.13124796625,24184.34375423791,37.54838274640112,0,1,train
4482,Sindh,1,6,17406.41827414704,16774.696583567624,86.83922719923794,1,1,train
4483,Sindh,1,5,116385.25645220686,89187.54131924226,103.28058345785175,0,0,train
4484,Sindh,0,8,28926.507742041875,24349.101754909272,112.52292879887165,1,1,train
4485,Punjab,1,4,46743.21383779499,44395.98236253213,40.22771427622566,0,0,train
4486,Sindh,0,5,21845.670028273635,24928.55843888384,79.69686846064202,0,1,train
4487,Punjab,0,3,61781.14373760688,49109.63101331268,75.093295056511,0,0,train
4488,Sindh,1,1,64510.24053256684,55904.75006419203,104.99614259039018,0,0,train
4489,Punjab,1,7,38854.9206052575,26956.746119591262,134.87659538553135,1,1,test
4490,Khyber Pakhtunkhwa,1,5,9696.626592385674,7736.594428795889,33.0895536550808,0,1,train
4491,Sindh,0,4,14014.854051463564,11688.0530373542,86.45334891910593,0,1,train
4492,Punjab,1,5,35161.7175944241,34358.62562549817,89.28978813324375,0,1,test
4493,Punjab,1,6,34092.89396487908,33082.13872493894,84.52367082613743,0,1,train
4494,Sindh,0,5,29163.67556716419,24512.136206220584,86.71757272526692,0,1,train
4495,Khyber Pakhtunkhwa,1,3,69796.34604359262,60653.79252416726,55.566672824702806,0,0,train
4496,Sindh,0,1,65434.109907598555,37638.53728089154,38.9398002225021,0,0,train
4497,Punjab,0,4,14711.18392794344,14712.363196803948,10,0,1,train
4498,Khyber Pakhtunkhwa,1,10,20776.617056963012,16980.321866801078,101.98543034867251,0,1,train
4499,Sindh,1,2,44754.09756911626,32687.782842783872,63.80596868122334,0,0,train
4500,Punjab,1,5,38042.14959195717,36121.393170015814,78.21041053762005,0,1,test
4501,Punjab,0,6,7065.252808731199,5248.308929178483,57.22536104208905,0,1,train
4502,Punjab,0,3,13025.192424362416,6698.305163232561,25.24945063811049,0,1,test
4503,Khyber Pakhtunkhwa,0,6,34806.99123635475,27344.640954985472,107.19690938837488,0,1,train
4504,Punjab,0,4,61020.6316138726,44123.54427840047,71.6963286332143,0,0,train
4505,Sindh,1,3,46525.2493127015,34018.5413314799,25.822960319788884,0,0,train
4506,Punjab,0,5,6011.678990844577,6170.187863394315,25.115215442608125,0,1,train
4507,Punjab,1,10,20606.429939944377,17162.800492039765,84.69566114668677,0,1,train
4508,Punjab,0,7,12526.05412283524,9441.190942906942,97.65337642813513,0,1,train
4509,Punjab,0,3,13294.45484259735,8920.185697673882,45.90841759572916,0,1,train
4510,Punjab,0,9,28603.533345149754,25583.550184717467,115.30534156846161,0,1,train
4511,Sindh,0,4,16474.88056496331,12218.326893565401,102.41263269535136,0,1,test
4512,Punjab,1,4,17667.075601184362,15191.117577618283,45.42993718557286,0,1,train
4513,Punjab,1,7,71626.50627138937,53210.52204891301,150.37776601526846,1,0,train
4514,Khyber Pakhtunkhwa,1,4,101012.16913768798,80650.82066805428,180.9037271122487,0,0,train
4515,Punjab,0,4,17564.73456189568,15961.184243787198,59.70804814893826,0,1,train
4516,Punjab,0,6,61198.83326161476,43894.92650421521,103.2141474118829,0,0,train
4517,Punjab,1,3,53468.05985581994,35187.431413844664,55.26279330085191,1,0,train
4518,Punjab,1,2,38895.886575968274,30811.531289759696,39.66540693770153,0,1,train
4519,Sindh,1,11,12607.769562757143,13775.138077682028,116.4795402762525,1,1,train
4520,Khyber Pakhtunkhwa,0,6,19710.46815055494,12033.627304837584,73.34772038556112,1,1,train
4521,Punjab,0,8,8475.79188199803,6689.641783837559,80.179577391593,0,1,test
4522,Punjab,0,5,33492.151497464016,30078.888548504885,41.01684017971264,0,1,train
4523,Islamabad,1,8,42975.577231811694,32412.068749636244,102.00583962706824,1,0,test
4524,Sindh,1,12,25520.30838666136,24741.88680174579,190.2427227259707,1,1,train
4525,Sindh,1,12,61604.775014949235,37229.68576268284,121.92434859304457,0,0,train
4526,Sindh,0,3,15587.376429259028,14866.944274059997,28.23244634862877,0,1,train
4527,Punjab,1,7,30759.31439740079,32417.66472052489,81.75875311945259,1,1,train
4528,Punjab,0,6,41378.727738334645,42170.02071065313,55.405199043672944,0,0,test
4529,Punjab,0,7,11886.887345392071,10159.037449161124,86.10864840139688,0,1,train
4530,Punjab,1,6,25122.480242076603,22522.163654038628,38.32265335520147,1,1,train
4531,Sindh,0,2,16802.593658632046,16772.186116952453,39.620419578848555,0,1,test
4532,Punjab,0,8,11401.844996205473,8569.210500690131,123.86148789638813,0,1,test
4533,Sindh,0,3,17398.937555038236,13021.226540538251,10,1,1,test
4534,Punjab,1,4,57663.02853334542,46445.800787600936,75.4993189254524,1,0,train
4535,Punjab,1,5,8896.445156329115,3000,75.28443049084557,1,1,train
4536,Punjab,0,6,23781.983427169474,25337.83842203007,95.35937116850813,0,1,train
4537,Punjab,1,2,27206.396848260145,25237.355478385583,12.279436441401899,0,1,test
4538,Punjab,0,4,12711.275047668689,15067.940025536936,27.4139569732638,1,1,train
4539,Punjab,1,3,28122.78499008239,24419.952378588816,45.70258356782273,0,1,train
4540,Khyber Pakhtunkhwa,1,5,16466.24914859098,12271.447298097706,56.451999681635314,1,1,test
4541,Khyber Pakhtunkhwa,0,2,10352.316719657903,9993.665797073987,47.60362334115622,0,1,train
4542,Punjab,0,8,46212.17862199827,37770.607977871085,120.06321387341048,0,0,train
4543,Sindh,0,6,28324.182740117652,25284.464442592274,110.51027413491673,0,1,train
4544,Punjab,1,3,24738.840725865808,21687.91398625702,56.34663102603535,1,1,test
4545,Khyber Pakhtunkhwa,0,7,23057.97398489354,16773.67283477429,120.32650578896644,0,1,test
4546,Punjab,0,11,10735.380393294947,10452.344064656187,71.1702449821788,0,1,train
4547,Sindh,0,1,11949.651674806308,13369.232684012242,14.174513428136386,0,1,test
4548,Sindh,0,4,62031.192369939534,59524.65629082924,129.51264322683602,0,0,train
4549,Sindh,0,6,40965.819985248374,33765.331510257,113.16464272504932,0,0,train
4550,Sindh,0,4,21924.185306317202,17462.441947707488,68.20789158962617,1,1,train
4551,Balochistan,0,9,54151.2287583653,45465.740447369084,144.45316663853228,0,0,test
4552,Punjab,0,4,33816.78783903554,26876.861057283768,110.03442956359204,0,1,train
4553,Punjab,1,6,28628.408875329464,21416.24088715885,81.88318376652923,1,1,train
4554,Punjab,0,7,28706.156496847467,23523.92772103514,21.8146115606597,0,1,train
4555,Punjab,0,5,51753.235485083045,38098.4202488319,92.22395276036333,1,0,train
4556,Punjab,0,10,20131.469441610097,17625.938620274203,107.85574377335317,0,1,test
4557,Sindh,0,2,85458.44709840069,60848.29513794988,83.16300566441376,0,0,train
4558,Punjab,0,5,22598.776681818224,20673.35447016006,57.466539848311676,0,1,train
4559,Sindh,0,3,34682.35720958748,35809.591431422676,27.108024417828034,0,1,train
4560,Punjab,1,4,50133.32746407307,42882.642144713696,160.58204258386144,0,0,train
4561,Punjab,1,3,49761.07473759471,33118.95225178255,57.34948971397906,1,0,test
4562,Khyber Pakhtunkhwa,1,5,38291.027033756676,33126.41578372567,110.75573609102584,0,1,train
4563,Sindh,1,4,17932.346236605856,20168.599671177828,45.92604773048581,1,1,test
4564,Sindh,0,5,36413.518050276834,36248.06722268295,74.83621194528415,0,1,test
4565,Punjab,1,5,11593.94617915854,9427.647630029525,22.15471486144297,1,1,test
4566,Sindh,0,6,74731.68305742744,61439.11370151438,140.2260516773072,1,0,test
4567,Punjab,0,4,43785.03618248912,41343.92697100609,81.59051953048093,1,0,test
4568,Sindh,0,4,21759.70878577942,14895.767611331783,94.38056763734092,1,1,test
4569,Balochistan,1,6,26738.71250879235,25466.784918373367,57.86122903954802,1,1,train
4570,Punjab,1,11,40009.454251531795,27414.034057580488,128.0892018361434,0,0,test
4571,Khyber Pakhtunkhwa,0,3,8713.629059710129,5911.596848850393,49.37150488668613,1,1,train
4572,Punjab,1,6,58679.14583266462,41303.96368984596,128.57153294131035,1,0,train
4573,Punjab,1,5,20113.319469267473,16291.097266252604,70.8882221399299,0,1,test
4574,Sindh,0,4,46934.25660912361,30526.664191781678,82.88692162566704,0,0,train
4575,Balochistan,1,5,33142.582379201274,30703.102297212557,155.21779618175134,1,1,train
4576,Punjab,0,6,20993.133366646383,20148.510779736684,100.39927270064008,0,1,train
4577,Punjab,1,2,7191.2142115420875,7104.09077516517,27.85642872147639,1,1,test
4578,Punjab,1,6,55054.4745784111,41161.344544069434,109.16242461858901,0,0,train
4579,Khyber Pakhtunkhwa,0,6,17103.268505776807,13710.936271976829,65.22462498853059,0,1,train
4580,Punjab,0,8,23320.08788323884,22042.615035633135,52.259521536819726,0,1,train
4581,Khyber Pakhtunkhwa,0,5,36241.3671850035,36482.70282044621,100.09656123723119,1,1,train
4582,Punjab,0,4,24446.672542842185,19361.699204876313,25.398712586558105,0,1,test
4583,Khyber Pakhtunkhwa,0,2,7481.224637406265,7091.065209631854,46.64066154609339,0,1,train
4584,Khyber Pakhtunkhwa,1,3,35839.10660284145,28614.58237521335,79.01979160829188,0,1,test
4585,Khyber Pakhtunkhwa,0,5,22497.338158298393,18820.83556542031,45.65442789528208,1,1,train
4586,Khyber Pakhtunkhwa,1,6,15191.862097429132,11787.135527340619,45.05119038009134,1,1,train
4587,Punjab,0,8,46776.383363943474,36572.85857206071,189.98501967958688,0,0,train
4588,Punjab,1,2,12902.341617323495,8228.649442768072,49.428246193871644,0,1,train
4589,Punjab,1,7,8966.59428783518,4501.31903045278,55.089936703903085,0,1,test
4590,Sindh,1,5,24427.199815507487,22783.84011152346,122.23960369098842,0,1,train
4591,Khyber Pakhtunkhwa,1,7,52997.81302578642,35582.49291897079,100.8387768744521,1,0,test
4592,Punjab,0,3,20147.257589992754,21155.466445615733,55.835628816423664,0,1,train
4593,Punjab,0,5,16752.508039544264,20596.762910846708,71.61923354877163,0,1,train
4594,Punjab,0,5,8125.271757494719,7001.57370054743,40.852250161216936,0,1,test
4595,Punjab,0,5,34128.03254218167,28974.716545163887,78.2815037922502,0,1,train
4596,Punjab,0,4,12006.497907783712,15436.62900957826,42.215965946933885,0,1,test
4597,Punjab,1,10,39765.32578680077,35178.52694544991,87.06713960706637,0,1,train
4598,Khyber Pakhtunkhwa,0,3,32803.547427941325,29870.9821781656,66.28096779678431,0,1,train
4599,Khyber Pakhtunkhwa,0,4,5421.915040025104,10595.573102400056,35.95496734174917,0,1,train
4600,Punjab,0,5,12847.289908544119,14647.077450643663,42.978331901415814,1,1,test
4601,Sindh,1,3,21111.53199774773,16165.562329231856,10,0,1,train
4602,Sindh,1,9,9887.318750798222,7546.470323644402,107.32917413777194,1,1,train
4603,Khyber Pakhtunkhwa,0,6,10926.99683162143,10688.9907898965,70.13989997438425,0,1,train
4604,Punjab,0,8,31665.89073417876,34381.0940587424,164.5075896861811,1,1,train
4605,Punjab,0,6,35642.84663404403,35764.135976607125,134.4840159790235,0,1,train
4606,Sindh,0,6,62508.6875678705,51984.19316696298,93.6366525645637,0,0,test
4607,Sindh,0,4,36690.43617379846,37017.57302823273,39.735019545177906,1,1,test
4608,Sindh,0,4,55498.62425295857,43115.92135375798,67.39762260947883,0,0,train
4609,Punjab,0,3,22507.520546694624,19083.810536382593,22.956129175997166,0,1,train
4610,Khyber Pakhtunkhwa,0,7,22831.936341547895,22487.94605020109,77.21484287689776,0,1,train
4611,Punjab,0,5,19714.13143741556,14647.933080329685,119.09955929729203,0,1,test
4612,Punjab,1,4,27856.726400920943,22191.349917310257,24.452102820118583,0,1,test
4613,Punjab,0,9,50498.6492801669,38055.33516255706,155.5809221466736,0,0,train
4614,Sindh,0,7,77405.04570042885,60720.299992879794,134.5153922789465,1,0,test
4615,Sindh,1,7,82502.01642937915,65611.92705589204,123.00663964531387,0,0,test
4616,Sindh,0,4,22277.702609288976,18654.180953435058,73.2938566372216,0,1,train
4617,Punjab,1,5,29819.521076732926,30180.899498810533,54.84165925883707,1,1,train
4618,Punjab,1,6,66043.74491896054,56456.544903688664,79.04795680490966,1,0,train
4619,Khyber Pakhtunkhwa,0,4,26158.617482293506,25842.429786020322,109.27389645807116,0,1,train
4620,Punjab,0,6,18160.913334088156,13534.631463795633,34.14499068062351,0,1,train
4621,Sindh,0,3,29619.467871426197,21262.806179288902,44.08488953199523,0,1,train
4622,Sindh,0,5,20803.649361639,20584.989435028358,100.63963771168838,0,1,train
4623,Punjab,1,5,12492.052301317983,14964.690390340333,80.57524308642856,1,1,test
4624,Khyber Pakhtunkhwa,0,7,21104.14098190897,20073.38124106017,94.91834486695055,1,1,train
4625,Punjab,0,5,45762.38072894705,38908.71197792577,68.08062911630785,0,0,train
4626,Sindh,0,5,141144.00853918615,108585.82358074929,161.06904830101533,0,0,train
4627,Punjab,0,6,12636.951914482937,10885.658084560402,103.17364989555756,0,1,train
4628,Khyber Pakhtunkhwa,0,4,62090.17949382084,53874.716426245905,108.52754080573513,1,0,train
4629,Punjab,0,8,21015.469691541017,20665.988529746777,119.16698886133626,0,1,train
4630,Khyber Pakhtunkhwa,1,2,19097.48576754245,17990.852806061182,49.56976483391653,0,1,train
4631,Khyber Pakhtunkhwa,0,6,21547.30237689495,18877.42858754451,117.5638565271135,0,1,train
4632,Khyber Pakhtunkhwa,0,5,25161.041752195768,21480.036261978275,109.90903822631576,0,1,train
4633,Sindh,1,6,79734.96309682156,60942.48063659504,97.84300562017307,0,0,train
4634,Punjab,0,3,14168.268303188135,17412.91038963073,24.804243286235288,0,1,train
4635,Punjab,1,7,11447.89847742804,11060.917874352883,100.58039973489082,1,1,test
4636,Khyber Pakhtunkhwa,0,13,39638.42141638533,29798.189245921872,153.18839638530727,0,1,train
4637,Sindh,1,2,42240.911678410725,23480.605010257645,53.95393851677068,0,0,train
4638,Punjab,0,6,43164.854229422344,32367.885978962684,92.99267451515351,0,0,test
4639,Sindh,0,12,12392.947819986093,13573.475919585038,76.22103984685718,0,1,test
4640,Punjab,0,3,69288.96632178572,62946.39270047009,107.97859611064038,0,0,test
4641,Sindh,1,3,7876.139302324779,4568.090238567003,65.04285575554422,0,1,train
4642,Balochistan,0,6,10516.092881562727,16191.949789065362,64.37923264066748,0,1,train
4643,Punjab,0,4,12954.669341308429,11090.261807072307,48.5709781628504,0,1,test
4644,Punjab,1,5,7594.860098926617,6390.4553106793655,74.12561084767316,0,1,train
4645,Khyber Pakhtunkhwa,0,9,48133.25249985327,31632.97258778847,122.19800065076934,0,0,train
4646,Punjab,1,10,10533.450103772202,6695.181626921858,163.51980970436017,1,1,test
4647,Khyber Pakhtunkhwa,1,3,28734.680645142584,30716.881689143105,32.04477795026381,0,1,test
4648,Punjab,0,4,33524.74476233341,34851.188904878516,39.95364220322101,0,1,train
4649,Punjab,0,1,9599.721676891217,9330.352851560776,10,0,1,train
4650,Punjab,0,6,32214.414648560585,26192.956534800007,116.42797685387313,0,1,train
4651,Khyber Pakhtunkhwa,0,4,35488.098678927294,28514.57521419384,96.63093583369684,0,1,train
4652,Punjab,0,6,30805.387775293584,29545.76031965135,109.57574067720755,0,1,train
4653,Punjab,0,5,22892.984939601494,21205.878187213493,55.20316856496234,0,1,train
4654,Punjab,1,6,8678.1994719873,8045.601741375266,65.74556230481707,0,1,test
4655,Sindh,1,7,93169.63101288944,82301.05844755068,172.56869179380922,1,0,train
4656,Sindh,1,5,47731.723497887964,47746.78858294709,105.78214597335199,0,0,train
4657,Khyber Pakhtunkhwa,1,2,32706.306784427656,28581.78938204155,67.5384214552351,1,1,train
4658,Khyber Pakhtunkhwa,0,3,23314.579817821097,18276.708899445992,110.57904647288211,1,1,train
4659,Sindh,1,5,34181.08784886222,30315.22676759227,107.32723932697627,1,1,train
4660,Punjab,0,4,14300.989800858242,14560.895117174587,29.01814353252632,0,1,train
4661,Punjab,1,7,18750.817519988603,25631.220788122435,103.42389783396504,1,1,train
4662,Balochistan,0,4,23927.20681579252,18611.260933039783,68.12941841667397,0,1,train
4663,Punjab,1,4,85069.21571294183,65827.37811677853,116.32819012343157,0,0,test
4664,Sindh,0,5,32965.459521887,26835.574353985277,37.93918550493272,1,1,test
4665,Balochistan,1,5,21030.09329094545,19696.709531496497,77.61351476676478,0,1,test
4666,Punjab,0,3,30727.917222536416,32786.178437996736,74.69745293268113,0,1,train
4667,Khyber Pakhtunkhwa,0,4,11507.72767186902,9944.610699649398,45.46064896614671,0,1,test
4668,Khyber Pakhtunkhwa,0,2,17627.365571282648,15483.917549181398,35.346892915681025,0,1,test
4669,Punjab,0,3,28341.245870427138,30466.035828853168,70.95300717936216,1,1,train
4670,Punjab,0,5,48535.54050537804,36999.856706590035,85.22950425817717,1,0,test
4671,Punjab,0,2,32877.90229201607,23746.383534495915,70.16474424462058,0,1,test
4672,Punjab,0,4,43971.89030210339,35163.72572756934,84.08146400482558,0,0,train
4673,Balochistan,1,5,31102.044526575748,26041.641724838126,105.75928215159689,1,1,train
4674,Punjab,0,6,15675.971803310265,16663.191188401357,33.466236123393486,0,1,test
4675,Punjab,1,6,35750.028322519174,31583.536639473143,10,1,1,test
4676,Punjab,0,5,20819.85508090995,23618.195964235994,10,0,1,test
4677,Sindh,0,4,21689.50197681462,17334.452979439964,42.71348897722991,0,1,train
4678,Punjab,0,1,22372.21904372902,18835.53756919641,10,1,1,test
4679,Khyber Pakhtunkhwa,1,7,71183.97757252541,61208.651151835395,119.8180011864658,1,0,train
4680,Sindh,0,4,9733.1016684416,9281.106963094426,13.405864036517634,1,1,test
4681,Punjab,0,5,50177.005022910875,40640.881809058264,70.97130751615572,0,0,train
4682,Punjab,1,5,23653.01740366493,18642.21760487495,67.86836655045641,0,1,test
4683,Punjab,0,3,74438.06719866974,52944.831369270454,66.94008374815266,1,0,train
4684,Sindh,1,4,22764.53526413976,17492.666997483517,68.44266896807154,1,1,train
4685,Punjab,0,9,29913.62289514584,22372.762367344065,123.61929426228477,0,1,train
4686,Sindh,1,3,56292.50442345584,40298.829420971335,71.55850638350093,0,0,test
4687,Sindh,0,3,26535.892138651176,24569.54462161041,24.398301509973425,0,1,train
4688,Punjab,0,2,37386.787794703174,30209.16572619792,32.00227085871289,1,1,train
4689,Punjab,1,5,51523.593550627644,39386.60349814513,142.71612585413416,1,0,train
4690,Khyber Pakhtunkhwa,1,7,56024.052010414955,34028.02101457642,110.25190204995442,0,0,train
4691,Punjab,0,3,60311.362041454,48422.39788717748,64.38182561403981,1,0,test
4692,Khyber Pakhtunkhwa,0,5,21171.755758500098,19425.768655873544,85.35241885593784,0,1,train
4693,Sindh,0,6,53096.30820373192,46896.79507460084,136.33209665721105,1,0,test
4694,Sindh,0,3,13425.889201095677,12113.49151611222,18.99323851879544,0,1,train
4695,Sindh,0,4,21002.567254590278,17573.683294035152,49.97944743614802,0,1,test
4696,Balochistan,1,7,29267.19809387891,28899.56862371183,67.47419373307588,1,1,train
4697,Sindh,0,3,43179.26756547188,39822.17007610292,10.12171097285043,1,0,test
4698,Punjab,0,5,48149.06702209506,28950.776063351717,117.63200083164537,1,0,train
4699,Punjab,0,4,37659.66417616656,32083.50648639336,109.07083300402786,0,1,train
4700,Sindh,0,8,16207.19707411478,10151.520732577535,93.82741610990927,1,1,train
4701,Sindh,1,11,16909.61653286359,19228.047058617696,138.4411937942544,0,1,train
4702,Punjab,1,8,37965.244916865304,34346.19287710285,75.03851438899419,0,1,train
4703,Punjab,0,6,11551.180386885268,10492.716578374499,116.02106870473551,0,1,train
4704,Sindh,0,4,16492.780096013506,12938.43959430157,49.09152411328389,0,1,train
4705,Punjab,0,3,37745.88653701288,31731.28765012509,39.00715919915694,0,1,train
4706,Punjab,1,8,45746.02286360931,35828.75393586215,133.25575719759885,0,0,train
4707,Khyber Pakhtunkhwa,0,4,21237.83593953066,14341.616202053647,30.628643851909963,0,1,test
4708,Punjab,1,6,55192.57349526852,34529.43962716136,115.21432024219597,1,0,train
4709,Khyber Pakhtunkhwa,1,3,41559.74370448009,32283.144225773904,39.814022497122615,0,0,train
4710,Sindh,0,8,16305.653904805667,6684.265802904598,74.81461844431927,0,1,train
4711,Punjab,0,4,10472.001279708176,11240.283904101683,62.71901389047497,0,1,train
4712,Punjab,1,7,56508.45943810703,43894.6302121666,147.2728900923526,1,0,test
4713,Punjab,0,3,42385.46050412785,38966.88382288737,100.36109897681405,1,0,test
4714,Punjab,1,5,128559.48446643706,105511.39501913909,167.45373980349987,1,0,train
4715,Punjab,1,7,20624.13990254104,19231.54401730238,114.47015300926623,0,1,test
4716,Punjab,1,8,41533.91007176775,27256.13402572417,81.90544868910588,0,0,train
4717,Khyber Pakhtunkhwa,0,6,122776.12873748873,85832.74678779778,182.09559238913536,0,0,train
4718,Sindh,0,4,24458.65618437641,22216.131970516435,59.63810663280201,0,1,test
4719,Punjab,1,7,41770.913790168765,35232.51849396519,106.2579836542929,1,0,train
4720,Punjab,0,4,7503.8528113491175,3641.9734295136577,42.83322334356816,0,1,train
4721,Punjab,0,12,16812.9892220769,12046.620144863604,61.63471079416125,0,1,test
4722,Punjab,1,9,46560.20997152589,27878.339298549687,131.03106178454493,0,0,test
4723,Punjab,1,4,25828.36811497145,21095.24566249735,128.3170279651864,1,1,train
4724,Sindh,1,5,64819.73959858893,44273.19352195567,123.29231215412038,0,0,train
4725,Khyber Pakhtunkhwa,0,2,31819.460850543503,26635.153632513346,70.31639252701541,0,1,train
4726,Punjab,1,6,21676.988762311837,19022.09477635969,27.03416172228534,0,1,train
4727,Punjab,0,7,16676.369934468697,20380.31558910271,73.50890370922467,0,1,test
4728,Punjab,0,2,21116.350832396758,14392.671088965604,25.639059940860506,0,1,train
4729,Punjab,0,6,48833.16703308222,42576.648577118685,77.3597634747238,0,0,train
4730,Punjab,1,2,40457.02493202098,31408.687374153338,54.6967109014527,1,0,test
4731,Punjab,0,5,44278.67901386018,44644.057514008586,69.32813319084963,0,0,test
4732,Balochistan,1,4,33303.05363329883,36760.96178609638,42.96945435250124,1,1,train
4733,Balochistan,0,5,4625.495635688475,3000,52.89283779437342,0,1,train
4734,Punjab,0,8,48084.92991636659,37918.427085842784,107.1296993990023,0,0,train
4735,Punjab,0,3,22921.414998578017,17614.086815419203,14.161604680665548,1,1,train
4736,Sindh,1,7,29093.375646238263,26300.088563164227,63.50556531649411,0,1,train
4737,Khyber Pakhtunkhwa,1,5,83405.97767999436,76985.22418640909,182.74227100979618,1,0,test
4738,Sindh,1,2,26906.305460201034,29041.750464015415,85.29702629565,1,1,train
4739,Punjab,0,4,5296.68791715458,5425.014609954062,10,0,1,train
4740,Punjab,0,3,24616.82264654743,24051.89231113441,68.16514291966072,0,1,train
4741,Punjab,0,12,8948.146176121392,9632.979265295564,120.72090484024513,0,1,train
4742,Khyber Pakhtunkhwa,1,3,10202.09323707409,6678.629093965215,71.20469400613868,0,1,train
4743,Punjab,0,7,16898.31476124888,14343.17435298657,44.88933007339339,1,1,test
4744,Punjab,0,10,35122.26673302816,34938.14872471181,98.28498446457152,0,1,train
4745,Punjab,0,6,33511.98268623295,25550.721313801423,120.23370460056827,1,1,test
4746,Punjab,1,5,45295.01034829459,38682.3222567916,74.13915753988655,1,0,train
4747,Khyber Pakhtunkhwa,0,7,51080.36437552764,45528.943958934484,150.80486788456346,0,0,train
4748,Khyber Pakhtunkhwa,0,3,18901.67780346456,14296.057529771217,10.411502167008798,1,1,test
4749,Sindh,1,2,27632.844107968765,17720.116192724614,41.92047907966446,1,1,test
4750,Punjab,0,7,33110.54032356384,33145.90135324691,87.2832043571939,0,1,train
4751,Punjab,0,4,51783.17465685292,36227.664717405074,43.08950006528897,0,0,test
4752,Punjab,1,5,17579.500251226764,13247.49926743065,114.50760567902682,0,1,train
4753,Punjab,0,7,28356.154273459735,26128.695047833495,108.80462072906559,1,1,train
4754,Punjab,0,6,42763.92409435406,33293.08903953539,73.7187593665362,0,0,train
4755,Punjab,0,5,37766.4740487051,34881.05400813499,22.717861836538432,0,1,train
4756,Sindh,0,4,27993.253391657254,22752.037075826334,55.40697745558767,0,1,train
4757,Khyber Pakhtunkhwa,0,3,46038.127501113406,31885.729357319833,86.49720705537173,0,0,train
4758,Punjab,1,4,42134.54615420146,38262.424152768814,61.925069421725,0,0,train
4759,Punjab,0,8,30301.925373518192,29002.355354063613,90.33813601434684,0,1,train
4760,Punjab,0,5,12413.00381721459,12306.62691893361,69.48353508092127,0,1,train
4761,Punjab,1,3,49731.81947464658,34094.212956097384,110.7586891631249,1,0,test
4762,Punjab,1,4,19159.269997761865,15072.008764999762,86.53934987377977,0,1,train
4763,Khyber Pakhtunkhwa,0,11,67520.9749117354,55147.46434418445,156.97855889834602,1,0,train
4764,Punjab,1,6,20256.092231192768,22898.238707512908,129.14811178032687,1,1,train
4765,Sindh,1,5,50174.6128435559,38136.979517101325,81.16391731505479,0,0,test
4766,Punjab,0,8,45804.61830628472,43459.66343561084,177.62008120441016,0,0,test
4767,Punjab,0,1,45075.609995712744,35148.65243119665,10.021161945202067,0,0,train
4768,Sindh,1,5,44478.53397785993,33703.49863098884,99.33343693750228,1,0,train
4769,Balochistan,1,6,158408.22374365968,119577.06960143882,164.56959455679922,1,0,train
4770,Punjab,1,4,34180.375695644,29060.223793817167,43.515873082181564,0,1,train
4771,Punjab,0,4,59692.62637996382,44863.2157392431,44.123144531955134,0,0,train
4772,Sindh,0,2,14246.561204598132,14414.44692438551,46.86687136239211,1,1,test
4773,Khyber Pakhtunkhwa,0,4,39808.45725242017,31658.319112291425,103.87851777864014,1,1,train
4774,Balochistan,0,6,28055.6478928528,21960.916536497167,58.06584190714655,0,1,train
4775,Khyber Pakhtunkhwa,0,6,32991.16199259502,27733.80562890345,108.61387976134543,0,1,test
4776,Islamabad,0,6,25677.150216642243,26839.297645683564,106.03064041169952,1,1,test
4777,Punjab,0,7,23990.06408035556,17490.515363066625,65.73730820404234,0,1,test
4778,Sindh,0,4,20448.98266211865,14432.205639735395,60.08603091793251,1,1,train
4779,Sindh,0,9,119384.40912846055,75225.57306663325,193.7997700116414,0,0,train
4780,Punjab,1,2,31736.82070036645,26484.59359496645,42.92584010015004,0,1,train
4781,Khyber Pakhtunkhwa,1,5,37591.32059568626,32616.415392117022,105.80465374739188,0,1,test
4782,Khyber Pakhtunkhwa,0,4,20368.98263607327,18777.15380400307,107.68861212454183,1,1,test
4783,Punjab,0,1,43993.78677582835,35928.10101816046,66.74421555622196,0,0,train
4784,Islamabad,1,7,64996.043941565855,49180.08582309197,105.09984859586284,0,0,train
4785,Punjab,0,10,23293.136531969925,26710.990338271855,74.56544551192601,1,1,test
4786,Punjab,0,1,19729.65215129938,13637.437995831448,83.63925376860946,0,1,train
4787,Punjab,1,3,13932.515475944847,13365.507778665775,26.743066288032683,1,1,train
4788,Balochistan,0,3,66904.46122660428,51161.08172053398,63.5906849201737,0,0,train
4789,Punjab,1,4,23069.92275631042,18650.596014132043,55.35724775268069,1,1,train
4790,Sindh,1,5,42185.935212892764,29337.678524037838,82.34576325272508,0,0,train
4791,Sindh,1,2,16041.927528185442,13740.447798339526,10,0,1,train
4792,Punjab,0,5,25382.99920430673,27759.43683527249,84.8001544396481,0,1,train
4793,Sindh,0,8,9401.341889870258,11797.919480198072,113.04616715297877,0,1,train
4794,Punjab,0,3,17873.119473501352,20006.934865034404,33.61870134449346,0,1,train
4795,Punjab,0,4,34952.595842199895,31912.557826242548,76.82973370229743,0,1,train
4796,Khyber Pakhtunkhwa,1,7,72253.53972784393,63959.505087394384,154.25476929787916,1,0,train
4797,Punjab,0,3,13242.711510768377,9437.843514069828,41.589785256369176,0,1,test
4798,Khyber Pakhtunkhwa,1,7,66785.89916707994,55096.87503272609,188.1254757473505,1,0,train
4799,Sindh,1,3,37379.1252856805,34147.14438485099,71.184214043109165,1,1,train
4800,Punjab,0,7,29197.499740984436,29020.038290923065,91.27637726731092,0,1,train
4801,Khyber Pakhtunkhwa,1,7,25287.55428138648,19165.32006048211,134.31439358054217,0,1,train
4802,Punjab,1,2,25267.491208193285,21583.512104843056,44.26406928665176,0,1,train
4803,Punjab,1,5,47061.45949090256,36066.52402439813,79.0469381946306,0,0,train
4804,Punjab,0,8,20340.552629957652,17865.54960530566,48.06930156016364,0,1,train
4805,Punjab,0,6,16538.821857877756,14355.641837249106,95.60966124498779,0,1,train
4806,Punjab,0,6,82982.0886697157,56704.28713306944,96.22188579890343,1,0,test
4807,Punjab,1,5,60486.82802763689,40338.52357345718,134.60522413417277,0,0,test
4808,Punjab,0,4,18990.39814027597,14527.215752776054,33.62178065937832,1,1,train
4809,Punjab,0,6,20485.1950335484,22888.32302961919,92.676997205161,0,1,train
4810,Sindh,0,7,27030.98925004201,17040.442087665826,85.05767375371668,0,1,test
4811,Sindh,0,5,44595.111395695756,33517.13467556803,83.05096937259297,0,0,train
4812,Sindh,0,7,37582.56017648142,38670.756300163936,141.62991064488858,1,1,test
4813,Punjab,0,1,17638.6514389382,14027.627998766495,10,0,1,test
4814,Punjab,1,3,197143.11883821554,136082.03221413866,182.44427798487362,1,0,test
4815,Punjab,0,4,65895.3680121864,42674.24053609395,91.0221513157218,1,0,train
4816,Punjab,0,3,12956.668611402947,10425.440479389692,40.241278747879775,0,1,train
4817,Punjab,0,5,40578.310831785864,30752.485480370146,50.74029932754317,1,0,train
4818,Sindh,0,7,47759.77947137183,33311.23500232575,117.05959560399718,0,0,train
4819,Punjab,1,6,85624.45595563245,56962.9709885657,177.0881658048032,1,0,train
4820,Sindh,1,5,24626.408161583502,25935.630365929923,130.3686180634777,1,1,train
4821,Punjab,1,7,20868.70951651747,24863.172519710883,130.99692817987415,1,1,train
4822,Punjab,1,2,25410.603285617908,20787.120808718748,57.34437155438629,0,1,train
4823,Punjab,0,5,66202.32709051082,64323.75864138874,109.17251861965282,0,0,train
4824,Sindh,0,9,22109.87181280367,28434.91319449601,114.06275599220285,1,1,train
4825,Sindh,1,3,76479.59509322786,70517.13348940754,118.13583102471092,1,0,train
4826,Punjab,0,7,22617.33294457539,18341.498614122705,88.96895117652156,0,1,test
4827,Sindh,1,10,11244.987683535384,7820.880077420881,135.52185780874953,1,1,train
4828,Punjab,1,2,33207.96777473395,28205.663389331603,85.86251328070898,0,1,train
4829,Sindh,1,4,18793.554984273287,11227.72420945308,61.98540641535377,1,1,train
4830,Balochistan,0,6,17763.826338126153,14566.109696335534,68.7830194561391,0,1,train
4831,Punjab,0,6,23293.351237036473,18587.492200394023,53.248638416136835,0,1,test
4832,Sindh,0,6,12361.701779349598,12656.71965625835,101.45588216692796,0,1,train
4833,Sindh,1,4,99069.06011347509,74259.966086775,99.89048623161017,0,0,train
4834,Khyber Pakhtunkhwa,0,5,30711.431075297718,29469.193525055623,161.7601933126233,0,1,train
4835,Sindh,0,7,34612.87092230546,28607.416306957148,122.02042969718073,0,1,train
4836,Punjab,0,6,61377.42552294008,48962.405086251,44.651993006971225,0,0,test
4837,Punjab,0,7,9673.379625953818,8149.11530612652,87.41494201090421,0,1,train
4838,Punjab,0,5,64441.27758338779,44805.75908516394,68.88748131238339,0,0,train
4839,Sindh,0,3,31725.546057020827,25795.698561079647,115.33773437740217,1,1,train
4840,Punjab,0,5,10189.428449437557,12115.999838908065,81.2267884971508,0,1,train
4841,Khyber Pakhtunkhwa,0,5,59586.518216941986,48221.91342689912,102.11170256430206,1,0,train
4842,Khyber Pakhtunkhwa,0,5,49390.835965553415,36671.641615518085,63.66331724799116,0,0,train
4843,Sindh,1,5,26527.890074251925,25378.68319725253,29.58752093500287,0,1,test
4844,Sindh,1,10,20126.923737319335,12835.264163446634,135.96051523316578,1,1,train
4845,Sindh,1,3,42676.19542929613,32681.752165228518,25.45851807397871,0,0,train
4846,Balochistan,0,4,25229.737795479803,23767.690704992674,57.34480711844559,0,1,train
4847,Khyber Pakhtunkhwa,1,4,8567.736509608141,8747.616722048815,32.219391287035215,0,1,train
4848,Punjab,0,4,26015.048669404237,21508.026241478623,111.31482073721168,0,1,train
4849,Balochistan,1,3,28690.42663409836,21220.95458844925,10,0,1,train
4850,Punjab,0,5,65750.77856719145,55435.22885283049,121.10205684884455,0,0,train
4851,Punjab,0,3,32673.408468049474,28951.77826037364,40.67909382144873,0,1,test
4852,Sindh,0,3,17966.90312705541,12424.364475429791,22.805631978380955,1,1,train
4853,Punjab,0,5,14924.433963966136,15634.435340961334,57.417741088485116,0,1,train
4854,Sindh,1,6,30867.617917372616,24296.2671760871,109.97942624138537,0,1,train
4855,Punjab,0,8,14214.528445467497,17908.415839909117,98.96301576975144,0,1,train
4856,Punjab,0,3,11795.748604726416,10633.897949798018,57.686101913844716,0,1,train
4857,Khyber Pakhtunkhwa,1,3,27774.911467937993,25085.974028440723,95.13768483966182,0,1,train
4858,Khyber Pakhtunkhwa,0,4,81414.22446591304,67452.88207703942,94.63316589050507,0,0,train
4859,Sindh,0,3,52806.5965803651,37294.74954330989,111.4655823207809,0,0,test
4860,Khyber Pakhtunkhwa,0,3,33605.1562906929,29818.909348255813,42.82642312754394,0,1,train
4861,Khyber Pakhtunkhwa,1,11,47391.11187640891,42774.648772443725,146.38368020682108,1,0,train
4862,Sindh,1,4,7775.518297922645,6877.36725005669,71.04652247905088,1,1,train
4863,Sindh,0,3,34610.89415519261,30277.990335097642,29.762602349903837,1,1,test
4864,Punjab,1,3,14063.434533934505,17032.376439436826,39.71360476151007,1,1,test
4865,Punjab,1,5,25377.129435848467,25310.475758154036,71.68587588842334,1,1,train
4866,Khyber Pakhtunkhwa,1,8,11772.612441630736,11714.697173914266,142.04154711433932,1,1,train
4867,Punjab,0,3,53264.39757855004,46598.152960864354,91.94840200969378,0,0,train
4868,Sindh,1,3,49835.71213570612,41206.737358513456,49.58564965573391,0,0,train
4869,Punjab,0,7,15147.663979157496,12938.748054267544,56.42245402057303,0,1,train
4870,Punjab,0,8,68522.21386758752,53764.173160755425,198.65075426606683,1,0,test
4871,Balochistan,0,6,13987.654593977004,14239.979412591416,60.055038265551985,0,1,train
4872,Punjab,1,5,17691.718699530087,15004.873817663858,41.230291775300884,0,1,train
4873,Punjab,0,7,37059.232821038706,30342.133511741715,78.28375764690108,0,1,train
4874,Punjab,1,5,20807.478044125066,16730.782411218,99.06807917067763,1,1,test
4875,Sindh,0,4,55046.38133229276,42499.68536014816,75.10498205706547,0,0,train
4876,Punjab,0,7,24859.329018049466,22825.869531747525,114.76131536000136,0,1,test
4877,Sindh,0,1,20150.477726710596,24251.79664620311,18.600796854759935,1,1,train
4878,Punjab,1,7,40465.49507280041,41758.710879719416,85.6568806685736,0,0,train
4879,Khyber Pakhtunkhwa,0,6,45180.03217133594,27505.251640738854,110.49974559859756,1,0,test
4880,Punjab,1,9,57186.83017156428,50846.73122107998,79.63547712241466,0,0,train
4881,Sindh,0,9,23692.91909677071,20836.03325348797,60.379460213528596,0,1,train
4882,Sindh,0,4,53078.97623363467,40809.30384004151,108.17105155045327,1,0,test
4883,Punjab,1,4,24016.34531940633,25705.84726244754,19.861605154423785,1,1,test
4884,Punjab,0,5,40509.49403572077,33070.904697149985,57.116675104483505,0,0,train
4885,Sindh,0,7,59380.67441351002,46323.25443356336,144.16025685681024,0,0,train
4886,Punjab,1,8,29146.24918909704,24613.859796513727,57.62382988114194,1,1,train
4887,Sindh,0,3,49472.43979055117,42985.187072910325,23.481078665299393,1,0,train
4888,Punjab,0,6,22243.714530869005,16821.30524429408,110.79421425195875,0,1,train
4889,Punjab,0,7,63879.026543459695,44923.837503421084,160.11140273885883,1,0,train
4890,Punjab,0,3,6359.768738171382,6646.044303190942,10,0,1,test
4891,Khyber Pakhtunkhwa,0,3,39569.14306237351,31940.470203310822,77.78936838109915,0,1,test
4892,Punjab,1,3,9905.232381357077,13583.716453677505,80.52985376615288,1,1,test
4893,Sindh,1,4,23690.493870632956,23663.708949118696,98.38832934152322,1,1,test
4894,Sindh,1,5,96799.76486535712,65175.02739989953,71.30981924716112,1,0,train
4895,Punjab,0,3,16593.145620556745,16723.67702144341,54.232229673051734,1,1,train
4896,Punjab,1,6,21653.86036455482,21628.947730977234,64.99208511076013,1,1,train
4897,Punjab,1,6,4154.599507100591,3000,38.6634656531715,1,1,train
4898,Punjab,1,6,19028.19777933087,12792.651413695821,50.274592014636404,0,1,test
4899,Khyber Pakhtunkhwa,0,5,37378.64589418765,32318.247416532526,52.13765748653346,0,1,train
4900,Sindh,0,3,48149.344178078085,32555.319393448393,65.36744123984593,0,0,test
4901,Punjab,1,4,15482.665445816068,13500.206579705791,59.3809293052666,0,1,test
4902,Balochistan,0,3,6307.545800552598,9099.756301839152,16.12080450296948,0,1,test
4903,Punjab,0,2,25153.460373221547,21443.041682915038,57.89835650785906,0,1,train
4904,Punjab,0,4,25192.51226055138,25712.899481959543,56.77472056817003,0,1,test
4905,Punjab,1,4,29478.642857430405,20781.55486070724,43.413104985351794,1,1,test
4906,Khyber Pakhtunkhwa,0,7,35842.10541929103,32000.833882344752,104.4999360915205,0,1,train
4907,Punjab,1,6,16660.61136938373,19191.164688999757,38.62836869666126,1,1,test
4908,Khyber Pakhtunkhwa,1,8,59808.14780802234,50453.86577119568,148.37724842660987,0,0,test
4909,Sindh,0,8,18101.170013038187,18723.12071914927,90.81544342776353,0,1,test
4910,Sindh,0,3,72188.83376483656,57524.03009747827,68.94504195304287,0,0,train
4911,Khyber Pakhtunkhwa,1,7,46126.45708574438,35728.74840590694,124.44519784975799,1,0,test
4912,Punjab,0,7,17866.343267057844,14983.431862798187,47.99061318845878,1,1,train
4913,Sindh,1,6,19192.131923527297,17407.83777527609,56.54818380818977,0,1,train
4914,Punjab,0,3,27596.861818937818,19180.126372708393,62.628494670173346,0,1,train
4915,Punjab,0,6,34702.351374979706,29255.275451355352,74.07742206478068,0,1,train
4916,Sindh,1,8,50320.41297972653,43215.21394868583,83.290251420168,1,0,train
4917,Punjab,0,4,23628.573759836694,20476.668653059023,88.82082469353077,0,1,train
4918,Sindh,0,1,15823.138540842481,10596.565560083167,82.90452996550891,0,1,train
4919,Punjab,0,3,6264.356005911736,5062.909255752836,37.64698766881247,1,1,train
4920,Sindh,1,8,32338.82899793064,24821.32447196979,152.53364288514058,1,1,train
4921,Punjab,0,6,7311.021047715834,3000,82.73306899820024,1,1,train
4922,Punjab,1,7,26965.652023514624,23873.989043833277,78.0969756341126,0,1,test
4923,Punjab,0,3,47922.11275216098,34647.454808539165,51.41714380687867,0,0,train
4924,Khyber Pakhtunkhwa,0,1,125159.42959531619,116071.02087272407,121.32268216461227,0,0,test
4925,Punjab,0,5,27526.31902986444,21117.85175016848,36.51561316287367,0,1,train
4926,Punjab,0,2,69788.2125430232,50996.92485100689,86.70355616527463,0,0,train
4927,Punjab,0,9,90598.90422767335,76797.6790624125,125.23156379325695,1,0,train
4928,Punjab,1,7,19427.93163248999,20012.44689598186,152.68407466453047,1,1,train
4929,Punjab,0,2,35596.83551963285,30219.732419476433,51.21519389083785,0,1,train
4930,Punjab,1,8,13336.263048775827,9222.801685603456,70.18825623024827,0,1,test
4931,Islamabad,0,3,12794.948161794819,7500.892439417015,24.333099414733294,0,1,train
4932,Balochistan,1,9,43151.76821517841,25322.231357900204,138.11771553013185,1,0,test
4933,Sindh,1,6,94766.21197784528,76231.26148384516,134.68366149602292,0,0,train
4934,Khyber Pakhtunkhwa,0,5,35716.45702617303,35482.83925416298,85.99059891252442,0,1,train
4935,Punjab,0,7,35837.92233173076,26561.469967679175,89.85771725920796,0,1,train
4936,Sindh,0,5,10168.847483313351,13017.86371108372,49.80254871949665,0,1,train
4937,Punjab,0,3,47562.779393863435,39359.75204576625,105.64887324480924,0,0,train
4938,Punjab,0,10,47611.166923000994,36497.58950237573,139.65773097579196,0,0,test
4939,Punjab,0,7,43640.31447477343,24110.887646432642,119.36537717305897,0,0,test
4940,Punjab,1,1,83724.54856371197,67889.31384196205,35.135825108212074,0,0,test
4941,Khyber Pakhtunkhwa,0,6,38850.48903414797,38307.16775371963,107.16710669926613,1,1,train
4942,Punjab,1,9,45397.14118320059,40551.37765920418,92.61806256353864,1,0,train
4943,Khyber Pakhtunkhwa,0,6,59876.03444374895,42167.293910784,96.42726526902312,0,0,train
4944,Khyber Pakhtunkhwa,0,4,30283.508868896202,21250.76300825051,67.68078572503535,1,1,train
4945,Sindh,1,6,53218.843321379245,37695.82863351505,88.43950250175888,1,0,test
4946,Punjab,1,7,24336.478423317127,19716.34094983264,121.8038138381794,0,1,test
4947,Khyber Pakhtunkhwa,0,7,21103.47869762783,22097.383789938514,65.61861411657941,0,1,train
4948,Khyber Pakhtunkhwa,0,8,51232.651092733475,34438.71841953316,131.62072249508722,1,0,test
4949,Punjab,0,3,31398.785519761077,28728.93144688275,48.03627335306189,0,1,train
4950,Balochistan,0,8,55045.23845535019,37840.50830536835,163.07986355986495,0,0,train
4951,Punjab,0,8,35216.121797916865,28553.94142465539,131.57516537375824,1,1,train
4952,Punjab,1,3,45456.564935303606,32996.1871214445,63.57381421105883,0,0,train
4953,Punjab,0,6,20703.386183827464,14940.362819201297,37.5582844377997,1,1,train
4954,Sindh,1,2,49337.523891258,42961.069346993085,46.46854596728676,1,0,test
4955,Sindh,0,7,80399.78110123174,65894.57924851052,96.31682545603394,0,0,test
4956,Balochistan,0,3,27519.107028182403,20788.129893836194,48.54259367117089,0,1,train
4957,Punjab,0,7,29071.80062119023,24212.319270378397,146.18300190240166,0,1,train
4958,Punjab,0,6,44482.14916932823,35874.99525021809,84.80417729677063,0,0,train
4959,Khyber Pakhtunkhwa,0,5,11660.244713452883,10165.278800593602,80.09805539862518,0,1,train
4960,Khyber Pakhtunkhwa,0,4,11820.813175878888,7345.259010619141,71.8785424512876,0,1,train
4961,Punjab,0,4,81288.5540462294,67788.99769498994,121.02088098426789,1,0,test
4962,Punjab,0,5,11535.597459733968,9991.70139414897,13.803027446079064,1,1,train
4963,Punjab,1,7,25471.475032143106,23636.635882476014,107.3903685250167,1,1,test
4964,Sindh,1,6,38533.04133431026,34966.363369056795,101.24906691334549,1,1,test
4965,Balochistan,0,4,31585.66425063901,31143.71764917735,61.620113704425364,0,1,test
4966,Sindh,1,1,50083.2233071785,36085.439804175534,19.664512060209326,1,0,test
4967,Khyber Pakhtunkhwa,0,5,35655.587367884684,31128.451095280558,103.09883548410053,1,1,train
4968,Punjab,1,6,41913.517463196746,25180.662650417755,63.727017884836116,1,0,train
4969,Punjab,1,6,81032.4641691932,55571.22897049185,131.98669045910438,0,0,train
4970,Punjab,0,2,82866.81934334431,69348.51243461316,52.92225563119134,1,0,train
4971,Khyber Pakhtunkhwa,0,4,13760.534528548988,10378.193853060764,38.86519153188545,0,1,train
4972,Islamabad,1,6,52287.03371443608,32407.695945876974,30.18964751356927,1,0,test
4973,Sindh,0,10,50955.27923336574,44634.455910363846,120.84709844131774,0,0,train
4974,Sindh,0,4,21215.117197890635,19103.631838559057,99.59894497946897,1,1,test
4975,Punjab,0,4,42821.02476622609,26757.681902175456,105.5257261068638,1,0,train
4976,Punjab,1,8,15793.26953517006,9939.700002411371,73.73485433425847,0,1,train
4977,Sindh,0,9,104852.15333642233,74535.35118165327,244.7608843351248,0,0,train
4978,Balochistan,0,4,13880.087117548886,12099.875892830796,15.897333961870544,0,1,train
4979,Khyber Pakhtunkhwa,0,6,61385.379029167976,41338.341411140544,119.50608419963858,0,0,test
4980,Khyber Pakhtunkhwa,0,6,52767.98411554608,41912.876823873885,118.92918941102847,1,0,train
4981,Punjab,1,5,77471.95479487948,48112.80096835583,64.27863937494318,1,0,train
4982,Punjab,0,6,8485.990849874786,11167.515531696,85.12785924913894,0,1,train
4983,Sindh,1,2,37793.144500965165,31462.4363626092,87.02720328778767,1,1,train
4984,Khyber Pakhtunkhwa,0,5,58309.430263479335,40546.1965229804,138.9514436164623,0,0,test
4985,Punjab,1,2,20394.177461996558,16578.83077943847,100.69019020469347,0,1,test
4986,Sindh,1,2,31759.627526507993,24184.580689183887,33.11246970938099,0,1,train
4987,Sindh,0,7,32483.668294781408,28155.96563368609,116.88087268180863,0,1,train
4988,Punjab,0,10,106735.75937384003,73577.22080073322,205.54614985413974,0,0,train
4989,Punjab,1,5,24624.727939354176,20464.440593697607,94.32001916248159,1,1,test
4990,Punjab,1,3,36489.77638696926,35390.82284767922,31.014152184884544,1,1,test
4991,Punjab,0,1,22006.53760694294,16818.349016272456,89.5750355302392,0,1,train
4992,Punjab,1,5,18645.101213885395,22727.372581852687,61.1968153435509,0,1,train
4993,Punjab,1,4,26332.41375994632,24784.790996107586,16.129852797823894,1,1,test
4994,Punjab,1,4,62251.399296599164,40485.14834797991,84.64101232996866,0,0,train
4995,Sindh,0,4,29909.19196162879,23973.301009336876,80.37463515822272,0,1,train
4996,Punjab,0,5,40035.267959463345,25455.936560762093,46.06024555796746,0,0,train
4997,Punjab,0,2,30779.563509184034,27683.714543046317,104.91343295423962,1,1,train
4998,Islamabad,0,1,54080.985323852474,36345.26743291562,25.37679267580509,1,0,train
4999,Sindh,1,5,83632.70519074968,64999.178434262256,10,0,0,train
5000,Punjab,0,3,62991.298843034725,48618.46722204304,77.69375471429596,1,0,train
5001,Sindh,1,4,22328.097048661235,18944.965203027343,78.29017929391894,0,1,train
5002,Sindh,1,2,28558.3313513081,25570.35353246169,73.25155619794964,0,1,train
5003,Punjab,0,3,28409.634303097275,22316.60344204114,52.45455073793638,0,1,train
5004,Khyber Pakhtunkhwa,0,4,36327.462578972474,29594.863015962415,85.8635725567031,1,1,train
5005,Punjab,0,9,44231.39104634464,26243.776001256003,81.02887953448459,0,0,train
5006,Punjab,0,6,25561.990354635094,20901.259208020892,109.01249738381833,1,1,train
5007,Sindh,0,5,39006.01210955322,30488.701158348616,102.41829075806277,1,1,train
5008,Balochistan,0,5,81155.51035731481,72302.1212405688,149.10482863169366,0,0,train
5009,Sindh,1,1,45651.86928677789,35959.07000598022,75.89711778798377,1,0,test
5010,Punjab,0,4,21081.327970300976,16961.753859263234,68.15215137776113,1,1,train
5011,Punjab,0,7,26393.812364066995,23873.531904395917,74.22553189828345,1,1,test
5012,Punjab,0,6,84523.84214941965,75644.49007609152,141.8510284840903,0,0,test
5013,Sindh,0,4,20980.257893434322,17972.74685106376,55.432329271931934,0,1,train
5014,Punjab,0,4,65740.8285616506,40742.196436758466,135.72630197076103,0,0,train
5015,Khyber Pakhtunkhwa,1,7,7801.660658018045,5968.626149361479,129.38289357020938,0,1,test
5016,Punjab,0,7,59487.65788982753,46583.26466178495,139.67538894936249,1,0,test
5017,Sindh,1,6,24719.160239283978,20602.836498273722,62.48402142485738,1,1,test
5018,Punjab,0,5,45980.91428510729,29794.147066311605,111.0168502748328,0,0,train
5019,Khyber Pakhtunkhwa,0,3,30700.43913692703,27884.660314883793,64.11981105344125,0,1,train
5020,Punjab,0,7,49800.75659065143,35558.33023359081,126.40695160035223,0,0,train
5021,Punjab,0,7,55080.46283959882,49263.86270050422,109.26167105363182,0,0,train
5022,Punjab,0,9,89111.93111805442,65075.02040285819,79.88999015224894,0,0,test
5023,Sindh,0,4,26773.43654927496,23517.108828053937,82.01180212770237,0,1,train
5024,Balochistan,0,7,60274.57553722653,46320.28477146268,129.21729223911603,0,0,train
5025,Sindh,1,3,27485.408483314342,23556.997603276057,33.41682740081606,0,1,train
5026,Punjab,0,3,34189.90997473516,30670.382140342263,75.83060885051484,0,1,train
5027,Punjab,1,4,60589.42439672975,44259.642091269285,118.08769620611423,0,0,test
5028,Khyber Pakhtunkhwa,1,7,31100.851477378284,28699.742613096056,67.31793442280214,0,1,train
5029,Punjab,0,5,75279.17301703218,44945.90783362874,66.14807386395726,1,0,train
5030,Punjab,1,6,27444.883156615208,26741.281380009175,89.96792042754498,1,1,train
5031,Sindh,1,5,26292.65705784676,21507.43428345017,54.954422162038185,1,1,train
5032,Punjab,0,2,10643.200492799615,9248.43533854691,18.114296166535063,1,1,train
5033,Punjab,0,3,49717.407233538266,38751.76277070413,43.422015515397725,1,0,train
5034,Punjab,0,4,10538.86336739547,12833.020408186909,52.561473160712175,1,1,train
5035,Punjab,1,7,17586.804135755086,12246.332865979239,44.4190386791259,1,1,test
5036,Islamabad,0,5,47193.99449014641,41871.31253411737,146.71536449866457,0,0,train
5037,Sindh,1,5,24268.95674185301,15933.854694988862,49.128689750419255,0,1,train
5038,Punjab,0,2,15017.62655397284,11527.458809438458,10.166438934416508,0,1,train
5039,Khyber Pakhtunkhwa,1,4,68225.6047430668,63848.238452217876,63.03793024479231,1,0,train
5040,Sindh,0,7,76751.1871571153,64132.69089379055,99.05865551752768,0,0,train
5041,Balochistan,0,2,10868.976772276754,5732.701176672827,10,1,1,train
5042,Khyber Pakhtunkhwa,0,6,16136.036919630786,13257.773376804877,86.30612377132505,1,1,test
5043,Sindh,1,4,63104.9239629629,45184.85694745007,132.47974177709972,1,0,train
5044,Sindh,0,6,32566.151780448286,24889.6033634282,82.67799380289752,1,1,train
5045,Balochistan,0,6,20135.234590508833,20294.84022429831,38.93871301804558,0,1,train
5046,Punjab,0,6,42230.07521672672,36857.974754531955,120.5073626005935,1,0,train
5047,Khyber Pakhtunkhwa,1,4,63606.138632911665,44885.78509251778,125.42302937995558,0,0,train
5048,Sindh,1,4,72331.3919984235,66090.69727395731,125.2573818361266,1,0,train
5049,Sindh,1,2,23995.29230593109,23396.01736979893,81.95487347834154,0,1,test
5050,Khyber Pakhtunkhwa,1,4,33486.80726466849,30313.631255270768,24.655180038717425,0,1,test
5051,Sindh,0,7,17661.196591187247,22705.927065271186,60.415125294404966,1,1,train
5052,Punjab,1,5,22542.35416815841,16181.941628722967,112.67783730687786,0,1,train
5053,Balochistan,1,4,14449.822916998202,11316.101309782556,50.68844717963944,0,1,train
5054,Sindh,0,5,15956.54978578795,16550.024758765972,51.519557818451375,0,1,train
5055,Punjab,1,4,36184.735522185096,31348.12443892957,72.88720390264267,0,1,train
5056,Punjab,0,7,22545.494420514653,23927.145713797705,152.10307773071008,1,1,train
5057,Punjab,0,5,8733.696832642434,11478.343520606111,10,0,1,train
5058,Sindh,0,10,12011.17634417579,7748.749006226698,122.14924178836819,0,1,train
5059,Sindh,0,3,20741.539704208684,18691.35022214125,41.53920773464715,0,1,train
5060,Punjab,0,8,78806.15595169613,59024.56662215839,131.89504904270834,1,0,test
5061,Punjab,1,7,46728.93054294466,43049.80813372857,132.18904867800924,1,0,train
5062,Punjab,0,4,16771.68839180936,12290.451559454845,78.3870615025156,0,1,test
5063,Punjab,0,3,26033.437610621855,20646.00547999595,84.78379655652913,0,1,train
5064,Sindh,0,5,12564.761225579898,12340.0071707007,49.111412713596195,0,1,test
5065,Sindh,0,5,9066.49830482895,3000,122.6129915204715,1,1,test
5066,Punjab,0,3,20733.61049141362,15133.469161574949,124.84792327912925,0,1,train
5067,Punjab,1,1,18164.97009383163,19220.71422047261,10,0,1,train
5068,Khyber Pakhtunkhwa,0,7,12901.30131607331,5088.562945933218,93.30277162585276,0,1,train
5069,Sindh,0,1,51667.25893248828,35903.87282474582,29.4906314975699,0,0,test
5070,Punjab,1,4,11693.836218258952,14058.637395476366,45.79309295562359,0,1,train
5071,Punjab,0,7,7108.384634641769,3873.258454984823,59.704702999731154,0,1,train
5072,Punjab,1,8,17176.303076165896,14896.001940833525,152.05806713720943,0,1,train
5073,Sindh,1,8,19948.231552359568,18995.1837241942,87.6589026350831,1,1,train
5074,Punjab,1,8,32463.218353074302,24980.42029435178,115.97869721720667,0,1,test
5075,Sindh,0,7,74955.58847949695,63889.889366852265,108.06091672054939,0,0,train
5076,Sindh,0,8,68848.08118448124,53085.896067537,121.06114502749294,1,0,train
5077,Khyber Pakhtunkhwa,0,6,174010.13176929328,120606.04608165011,192.02693990290285,0,0,train
5078,Punjab,0,5,89087.79049427304,66694.51122915962,83.06451079062695,1,0,train
5079,Punjab,1,3,32923.45359801905,32451.521373252996,47.36547692309875,1,1,train
5080,Sindh,0,7,31244.975425094435,28071.325099023077,124.95425341374212,0,1,train
5081,Punjab,0,7,27359.989912753706,27826.863239367918,80.70582510274275,0,1,train
5082,Punjab,0,6,35769.460543882196,30672.342600442294,45.14349784403175,0,1,train
5083,Punjab,0,3,21024.43610536359,15085.54005060544,43.6006304195578,1,1,test
5084,Punjab,0,6,27962.36913719668,28903.44966112997,62.55354768462337,1,1,train
5085,Punjab,0,9,9026.6246732239,4712.444619427582,62.67211239931967,0,1,test
5086,Sindh,0,3,61395.33577544568,43454.678689620785,70.27286015223348,1,0,test
5087,Punjab,0,9,10922.938141486413,13204.99849829783,77.1582711256361,0,1,train
5088,Punjab,1,2,53066.96284411976,38995.57713521672,59.19932610164055,1,0,test
5089,Punjab,1,6,39121.020415003106,38688.57034904178,96.53420879081811,1,1,train
5090,Balochistan,0,9,5276.3658723479275,7317.57826131329,114.63800634253253,0,1,train
5091,Punjab,0,6,49372.12438241244,38186.16835057977,142.6586455626509,1,0,test
5092,Punjab,1,3,46155.38422206329,37656.475158052206,59.943217436367675,1,0,train
5093,Balochistan,0,4,47973.31418596941,35783.02625122225,143.3440448550002,0,0,test
5094,Khyber Pakhtunkhwa,1,7,13005.045243650295,11461.775791192384,69.87354761593713,0,1,test
5095,Punjab,1,8,55599.393008913285,50236.67469832389,85.18773956532169,1,0,train
5096,Punjab,1,5,12542.03546028314,9595.66890605882,33.95802263951903,1,1,test
5097,Sindh,1,4,43012.73865920825,26647.192791308953,101.0505602246322,0,0,train
5098,Punjab,0,6,19077.081926857572,20844.259260840237,84.24029954283017,0,1,train
5099,Punjab,1,2,31388.605484055617,23877.87665650064,63.99249437015798,0,1,test
5100,Khyber Pakhtunkhwa,1,4,18252.792213225166,14395.780431013005,89.62638809483926,0,1,test
5101,Khyber Pakhtunkhwa,1,4,26377.91535461873,24786.218960107548,43.78486296343917,0,1,train
5102,Punjab,1,6,49127.971436236985,39045.35341497187,146.78994685251214,0,0,train
5103,Punjab,0,6,84823.55729153556,70111.59880403534,156.24362384048953,0,0,train
5104,Sindh,0,9,15129.900571151757,15144.511524919842,99.34997465378184,1,1,train
5105,Punjab,1,7,14644.959601576262,8766.060212852455,70.47502036212505,0,1,train
5106,Sindh,0,4,22236.907357602417,19254.347289219397,53.82802548582017,0,1,train
5107,Punjab,1,3,35942.85980667697,31314.39392813048,35.35476148668462,0,1,test
5108,Sindh,1,4,43173.892807815406,36002.27375542987,52.56286483589373,1,0,train
5109,Punjab,0,8,38479.194583796365,37364.79350255825,156.83367871012177,1,1,train
5110,Punjab,0,3,3783.078750716879,3000,34.38915166190926,1,1,test
5111,Punjab,1,5,59928.24443934169,48673.71111992617,119.78004199460699,0,0,train
5112,Punjab,0,5,29777.929847679196,23862.62890082876,113.56856266909514,0,1,train
5113,Islamabad,1,4,78326.58146651844,57727.24352808262,139.96801911722164,1,0,test
5114,Punjab,0,5,22747.607199593327,21054.586146314912,67.09227596750537,0,1,test
5115,Punjab,1,8,123829.01261209224,105030.27177368783,141.50509107509683,1,0,train
5116,Balochistan,1,6,34957.440489614666,25464.0519355773,107.10227555399261,1,1,test
5117,Khyber Pakhtunkhwa,0,11,3000,6711.02216281994,80.35482100640917,0,1,train
5118,Sindh,0,6,6828.694557419042,3000,80.36008529044628,0,1,train
5119,Khyber Pakhtunkhwa,1,6,16419.303911958963,11510.146607647148,12.354354704484322,0,1,train
5120,Punjab,0,3,4645.686727614538,3044.3169636958014,88.73190875341503,0,1,test
5121,Sindh,1,2,33312.66068000686,26075.908393910395,87.1750423270569,0,1,train
5122,Punjab,1,4,20057.497042394283,10754.109362832081,101.61517875612991,1,1,test
5123,Sindh,1,7,25232.30370732409,22062.187770416665,138.1774900308681,1,1,train
5124,Sindh,1,4,15827.346628363339,12488.298053335915,10,1,1,test
5125,Sindh,0,4,11904.93109032942,14722.457204549146,19.172201694099492,0,1,test
5126,Punjab,1,3,46248.37321479746,24797.754461730663,82.85079417999383,0,0,train
5127,Punjab,1,5,40042.48585415495,34488.224890316385,76.89160655601805,0,0,train
5128,Sindh,1,6,30257.844681182592,23881.087413183486,68.75409361163742,0,1,train
5129,Punjab,0,3,30597.67542508296,25982.929703132628,60.70335590711147,0,1,train
5130,Khyber Pakhtunkhwa,0,6,13280.537233087838,12447.101715482215,101.16916103748648,0,1,train
5131,Sindh,1,6,35830.557787257494,25376.136202970418,89.4305138111237,1,1,test
5132,Khyber Pakhtunkhwa,0,2,59830.31462766581,39055.57574007497,56.73951560556776,0,0,train
5133,Punjab,0,7,13016.316563588498,9234.632262635372,69.58130993525664,0,1,train
5134,Sindh,0,8,11733.290380728606,10653.43686600391,128.5226180854486,1,1,train
5135,Punjab,0,5,53997.37057544896,36276.93415646928,69.50186590817066,0,0,train
5136,Punjab,0,7,16153.016899326167,15674.42595067519,71.83054651315722,0,1,train
5137,Punjab,0,9,8110.594593819429,9174.477457940911,95.35390970969745,0,1,train
5138,Sindh,1,1,64172.5028423386,46306.26680972146,10,0,0,train
5139,Punjab,1,1,38837.253929874394,44353.112662240026,64.83021820091662,1,1,test
5140,Khyber Pakhtunkhwa,1,3,11198.248458325497,4968.56226499961,62.627014756856596,0,1,train
5141,Punjab,0,5,21121.886545969723,13782.121296248997,85.024219137779,0,1,test
5142,Sindh,0,2,142824.85389330238,117348.0678778364,95.57688234345099,1,0,train
5143,Sindh,0,4,23074.330139342273,18416.76161016075,61.17209298438241,1,1,train
5144,Punjab,1,10,34121.03265047633,29405.331768776196,100.00533469157413,1,1,train
5145,Khyber Pakhtunkhwa,0,10,26101.437915145172,21188.937212895285,109.73304401458502,1,1,train
5146,Khyber Pakhtunkhwa,0,6,12529.597420423814,8416.876577481253,63.77336563185254,0,1,train
5147,Khyber Pakhtunkhwa,0,5,55836.15222807455,41733.974318731875,72.80836373424218,1,0,train
5148,Punjab,1,4,7782.400568446884,5552.308312710611,10,1,1,train
5149,Sindh,0,6,33478.55798953819,29577.4364948029,114.44086945052248,1,1,test
5150,Sindh,0,6,43842.74102386592,38739.725612321454,92.42678029161033,1,0,train
5151,Sindh,0,4,28704.984217083434,22126.420842925105,10,0,1,test
5152,Punjab,1,5,57848.952252660616,44522.106216717024,84.96809923402316,0,0,train
5153,Sindh,1,2,126116.51041892072,100001.01473364554,143.09057266784043,1,0,test
5154,Punjab,1,8,54376.5442658395,48938.11678996634,158.66990760067443,0,0,test
5155,Punjab,1,6,25075.533181081308,21062.34954621447,80.1066698320005,0,1,train
5156,Punjab,0,4,15318.060083313441,14168.35144387468,90.83644745046199,0,1,train
5157,Punjab,0,3,48802.5996575579,33683.377766653204,21.62145244974318,0,0,train
5158,Balochistan,0,5,4672.538297849805,3549.4860462514057,150.8127445040776,0,1,test
5159,Balochistan,0,4,23930.165691513786,22968.156621982627,37.33011135573037,0,1,train
5160,Balochistan,1,4,31178.69200663209,28311.64642769758,37.98099827658378,0,1,test
5161,Punjab,1,10,10976.667805825102,8268.203912547586,132.39287128491276,0,1,train
5162,Punjab,0,7,67018.09538542919,59291.34887414536,131.72216106287362,0,0,train
5163,Balochistan,0,3,40224.48189772317,30690.839956581665,128.21826291113535,0,0,train
5164,Punjab,1,7,59071.04077126297,50208.03255268641,109.04550982707839,0,0,train
5165,Khyber Pakhtunkhwa,1,6,11247.63868431131,8677.999149904012,66.37796325676628,1,1,train
5166,Khyber Pakhtunkhwa,1,3,39704.57366042279,33104.31144210167,107.26977032153738,1,1,train
5167,Balochistan,0,5,56368.667942593114,44622.82119514895,167.9132725359459,0,0,train
5168,Sindh,1,4,18610.323724155733,14808.251475768448,103.43765983199734,1,1,test
5169,Sindh,1,5,18521.94220803253,17741.070566542352,63.21086199768557,1,1,train
5170,Punjab,1,5,35851.39715719056,36994.924124693825,178.1025429426304,1,1,train
5171,Punjab,1,9,19586.52374707125,18568.59819348123,88.34565002277982,1,1,train
5172,Khyber Pakhtunkhwa,0,8,23802.190849907518,23584.11904246552,118.95528852323821,0,1,test
5173,Punjab,0,4,50149.75191345364,42515.33707270768,10,0,0,train
5174,Punjab,0,6,27311.767664094205,30697.59636359466,103.70718494761253,0,1,train
5175,Punjab,0,5,34759.79178127036,27930.233323185297,122.66709164435488,0,1,train
5176,Punjab,1,1,53736.70040262826,42968.08242305498,100.57739358796965,1,0,train
5177,Khyber Pakhtunkhwa,1,9,22294.295231744556,15425.466922717826,97.99070867983272,1,1,test
5178,Punjab,0,4,52159.99884828084,37049.13401876603,119.96754461968322,1,0,train
5179,Punjab,1,8,36187.20924790895,30083.004013197184,168.5805740829244,1,1,test
5180,Sindh,0,5,33413.28616665814,32807.604718021576,16.37037767816333,1,1,train
5181,Punjab,1,5,26212.107687524818,27087.591380756443,120.94440822568444,1,1,train
5182,Punjab,1,9,66324.25229204229,55079.820704882135,153.2569583745155,1,0,train
5183,Punjab,1,6,88621.88155784919,61819.26941166931,127.88873698163187,1,0,train
5184,Khyber Pakhtunkhwa,1,5,13411.262144431887,10857.247989171296,95.20697630893217,0,1,test
5185,Punjab,0,6,12910.983037008049,16003.526773014071,65.04556616581559,0,1,test
5186,Sindh,1,7,41299.5048775699,36635.25775733673,111.36387769523776,1,0,train
5187,Punjab,0,7,12314.112292872376,11199.26157979251,49.57504761788728,0,1,train
5188,Sindh,0,8,29744.892679272867,23279.821372624323,126.47578516289104,0,1,train
5189,Khyber Pakhtunkhwa,1,8,86982.1561019299,72657.65035968057,158.93778797963498,1,0,train
5190,Punjab,0,3,79238.6173613815,64795.741615570354,65.95698346332576,0,0,train
5191,Khyber Pakhtunkhwa,0,4,15934.081485098437,15614.248342242905,108.64378745779467,0,1,train
5192,Khyber Pakhtunkhwa,0,10,18560.996477212026,15636.021148958404,126.76061933817044,1,1,train
5193,Punjab,1,5,17174.194628472727,10578.847423674297,53.355826175699164,0,1,test
5194,Punjab,0,1,30756.117949862364,22014.926357976376,71.90514020165303,0,1,train
5195,Sindh,1,2,19608.196204596068,20637.241552368883,10,0,1,train
5196,Punjab,1,8,39547.28029794727,29130.59340898973,150.28794246165882,1,1,train
5197,Sindh,0,8,10916.315574801149,10534.71581852786,112.46186765282553,0,1,test
5198,Punjab,0,4,26066.74592911364,24249.323640163333,81.72607455710677,1,1,train
5199,Sindh,1,6,35044.36971175367,27640.7406037608,77.89085625140322,0,1,train
5200,Punjab,1,4,65208.415936065125,40702.46228748649,31.988815177889116,1,0,train
5201,Punjab,1,1,8344.622337418712,8337.018294283187,10,1,1,train
5202,Punjab,0,7,42746.485560494846,36090.57498985873,104.44923046619428,0,0,test
5203,Sindh,0,7,46798.23450374076,42606.105823643506,117.1598776350991,0,0,train
5204,Punjab,0,4,24951.614268461057,27800.395834767907,42.69211570504564,0,1,train
5205,Sindh,0,7,29846.767313866207,25868.75796105716,83.11242369979955,1,1,train
5206,Khyber Pakhtunkhwa,0,6,37002.97585319325,37184.92632597342,100.30934186015917,0,1,train
5207,Sindh,0,6,24938.954339307376,20633.777128419646,70.45701776711184,0,1,train
5208,Punjab,1,3,51103.389100020635,36102.476696682075,87.55838529831084,1,0,test
5209,Sindh,0,7,13323.986488570086,10887.452476307613,47.06319003729242,0,1,train
5210,Punjab,0,5,14388.822626160681,10951.913911458169,53.41729177041348,0,1,train
5211,Punjab,0,5,56491.396218079164,49560.69842453909,99.25461913747814,0,0,test
5212,Khyber Pakhtunkhwa,0,6,41459.641995185426,25903.22634850849,90.71456290566914,1,0,train
5213,Sindh,0,4,11991.317968768186,10113.770913397939,10,0,1,train
5214,Punjab,1,4,14837.753070627345,15346.979634664893,10,0,1,train
5215,Sindh,1,4,30523.70310412131,22654.388268410894,93.88802563209634,0,1,train
5216,Punjab,0,4,16022.559095081808,17694.563497545005,88.56696391388542,0,1,train
5217,Punjab,0,2,17699.050205361124,13273.535391527475,10,1,1,train
5218,Punjab,0,2,18936.497033401723,12560.440307931003,45.586653102692,0,1,test
5219,Punjab,0,5,18032.873507985383,16732.841608312596,46.08941313548708,0,1,test
5220,Punjab,1,5,20221.87483346729,21431.646231798226,50.710899383901165,0,1,train
5221,Punjab,0,3,23825.6250122701,16536.427364938332,71.86459775410054,0,1,test
5222,Khyber Pakhtunkhwa,0,3,51354.62518290193,39058.26538842158,100.83002681527122,0,0,train
5223,Sindh,0,4,50106.442703879584,35958.951089934315,94.5155485616223,0,0,train
5224,Punjab,1,5,21163.99851252986,16800.424545480753,79.32133759950189,0,1,test
5225,Sindh,1,3,54571.940007405756,46130.99979614943,124.210673608033,1,0,test
5226,Punjab,1,5,34367.8175187285,31548.303585931535,85.2379745319312,1,1,test
5227,Islamabad,1,10,9061.824815403324,5050.980980463128,132.66209448498662,1,1,train
5228,Punjab,1,7,71768.88307224901,62605.279539493196,91.23290231310398,0,0,train
5229,Punjab,0,2,42472.74070878078,37465.588062364695,51.19471178651549,0,0,test
5230,Khyber Pakhtunkhwa,0,2,33632.53503132392,27268.691419994928,63.02065425744235,0,1,test
5231,Punjab,0,9,33479.001341561736,32174.750373307335,84.88231656976514,1,1,test
5232,Punjab,0,6,90141.12449844049,67267.21144366782,136.4430317017077,0,0,test
5233,Punjab,0,5,21948.607405414205,17830.91808586317,49.69829857145545,0,1,train
5234,Punjab,0,2,24577.048549742598,26799.940100470987,48.515643620558905,0,1,train
5235,Khyber Pakhtunkhwa,0,7,7137.545104034526,4103.384045688272,70.55682729538395,0,1,train
5236,Punjab,1,5,17309.687068933254,21810.888710488984,44.07107281353211,0,1,train
5237,Punjab,0,4,16991.377463696088,13002.547530060605,10,0,1,train
5238,Punjab,0,6,48800.10815472196,34178.19274102365,128.71532512429198,0,0,train
5239,Sindh,0,5,29206.69953164883,31392.6392583122,79.48756673320827,1,1,train
5240,Sindh,1,2,62260.03401589342,53964.06803458181,74.01941343154903,0,0,train
5241,Khyber Pakhtunkhwa,0,4,12755.734495998191,11862.446453842582,58.47388721596874,0,1,train
5242,Punjab,0,6,58775.108472980806,44495.98226018387,62.63641617363288,0,0,train
5243,Khyber Pakhtunkhwa,0,1,24239.410396108186,22756.121941392015,46.00449861404865,1,1,test
5244,Punjab,1,7,27394.436761042984,22138.047887107718,86.41351222243709,0,1,test
5245,Punjab,1,8,37408.15172646036,29915.073488471757,117.55433013749374,1,1,train
5246,Balochistan,1,6,30066.606870502088,31843.826886269315,39.98460267721844,1,1,train
5247,Punjab,0,10,16631.409168303213,14635.554772044896,121.1314138194657,0,1,train
5248,Punjab,0,6,34972.98627172556,28181.20488429585,58.08228788896775,0,1,train
5249,Sindh,0,3,11885.515767937042,11679.44603813716,16.75608678516356,0,1,train
5250,Punjab,0,4,17436.022646463647,13766.634025878611,10,0,1,test
5251,Khyber Pakhtunkhwa,0,5,24983.244994989225,23512.960372961938,48.17989055521098,1,1,test
5252,Khyber Pakhtunkhwa,1,3,9981.839471150002,9307.31104427892,32.1607993130561,1,1,train
5253,Punjab,1,3,15581.440093226709,13659.190321454005,52.774277466902305,1,1,train
5254,Punjab,1,3,23360.06810486368,17918.429550417535,36.357050872477764,1,1,test
5255,Sindh,0,4,30160.836205395794,27244.97035603626,60.255609725516265,0,1,train
5256,Punjab,1,8,33192.40972783627,25986.026917217077,93.27476551025785,1,1,train
5257,Khyber Pakhtunkhwa,1,4,17490.13346259193,12387.332858368156,53.13180551686947,1,1,train
5258,Punjab,0,5,27656.520784680008,27052.69064314021,41.181258174495156,0,1,train
5259,Sindh,0,6,10853.888281489615,10353.844432507804,95.22762540100481,1,1,train
5260,Sindh,1,7,67719.26948958595,53596.256897790976,92.3387639385382,1,0,train
5261,Khyber Pakhtunkhwa,0,5,10569.358543337654,13426.512374089882,21.924838044220976,0,1,train
5262,Punjab,0,5,53857.24497062793,36267.15576567853,54.418483064899434,0,0,test
5263,Punjab,0,5,17689.168193411824,16870.15013842053,73.44466637516949,0,1,train
5264,Khyber Pakhtunkhwa,0,6,31106.480596911726,22942.924061379923,125.55817935495315,0,1,train
5265,Punjab,0,4,94593.67845983115,61301.82689388397,179.63284174428853,0,0,train
5266,Punjab,0,5,92324.66494064657,82448.96211866035,91.20234910418054,0,0,train
5267,Punjab,0,6,104424.12986712558,73684.58679921119,174.42926551571801,0,0,train
5268,Punjab,0,6,14568.116318817021,8643.352699939238,64.41568481298617,0,1,test
5269,Sindh,0,5,36385.9329627991,32334.37836336743,138.09002895234272,0,1,test
5270,Punjab,0,7,19199.95370977291,17963.767041836258,115.08700120315096,1,1,train
5271,Punjab,0,5,38512.58778137928,32536.58121516208,136.94688356833768,1,1,train
5272,Khyber Pakhtunkhwa,0,4,38136.31864535231,22815.339931111004,49.07926585930034,0,1,test
5273,Punjab,0,11,33036.273660192135,29197.397986645286,142.15444024784694,0,1,train
5274,Balochistan,0,5,41019.776129907004,32163.728365080315,75.25407904262923,1,0,test
5275,Sindh,1,4,96327.11490026794,84147.28489610578,124.39563524372588,1,0,test
5276,Punjab,0,5,40281.91957288997,24939.111442938403,96.68619572185156,1,0,train
5277,Balochistan,0,4,26032.731282413173,24611.820406034207,54.6605064279272,0,1,test
5278,Punjab,1,1,12015.772756035789,15952.852369339482,10,0,1,train
5279,Punjab,0,5,16684.14077496978,17303.236316403076,57.09382152433297,1,1,train
5280,Khyber Pakhtunkhwa,0,9,21132.406444846834,19192.72046731258,94.0301136051831,0,1,test
5281,Punjab,0,3,20119.816258496685,14810.510060224165,22.952553321539973,0,1,test
5282,Punjab,1,5,36727.541654884815,29540.844015674505,120.51839812589779,1,1,train
5283,Sindh,0,8,40405.00146614064,32474.369316338594,140.97256928633533,1,0,train
5284,Punjab,0,6,10379.625596239666,3674.7194105512435,70.89283510682957,0,1,train
5285,Punjab,1,5,48473.006962810694,37893.30427065301,93.14897345678077,0,0,train
5286,Punjab,1,4,28844.597364621546,26301.82862571611,101.48238107298664,0,1,train
5287,Punjab,1,6,14516.899305159506,10468.71750599173,72.73886409658306,1,1,train
5288,Punjab,0,7,33943.198042317366,31973.441481119207,135.4754510591451,0,1,train
5289,Khyber Pakhtunkhwa,1,5,31714.095217632363,23950.124473856064,77.50608313563093,1,1,train
5290,Balochistan,0,2,10236.769945154952,3000,135.93052470063523,0,1,train
5291,Punjab,0,4,49406.80034213744,34292.71893417093,47.2716127858393,0,0,train
5292,Balochistan,0,5,14992.478656033762,14706.571390551146,101.33180723865972,1,1,train
5293,Punjab,1,4,45015.060242174965,38910.90470307103,127.95588133549597,0,0,test
5294,Punjab,0,1,15216.784224897801,12746.83251951465,117.0975574643263,1,1,train
5295,Sindh,1,4,62641.06570766422,43286.23303101576,123.7806836470686,1,0,test
5296,Sindh,0,4,25428.08418154406,23523.987082096115,101.39451423670775,0,1,train
5297,Punjab,1,10,13842.036189918637,10284.912794321799,76.31973661802223,0,1,test
5298,Khyber Pakhtunkhwa,0,2,20835.369119024333,19284.883537407055,74.8160087854202,0,1,test
5299,Khyber Pakhtunkhwa,0,3,13535.86103857222,11168.53204731724,42.75315445458105,0,1,train
5300,Sindh,0,5,32427.20656348839,18451.93349537052,78.31245942796795,0,1,train
5301,Punjab,1,7,17820.550792255843,16456.050043946092,71.41115605867145,0,1,train
5302,Punjab,1,8,24909.025203948568,23828.03638249951,99.21360532398764,1,1,test
5303,Khyber Pakhtunkhwa,1,5,16387.213060697704,12121.533899146378,63.44191943703325,1,1,train
5304,Khyber Pakhtunkhwa,0,3,22879.612009521657,21710.156299735467,57.86024184313448,0,1,test
5305,Punjab,1,2,33227.77593742824,28033.375726595732,38.31360578847771,1,1,test
5306,Punjab,1,3,18267.301218593493,15634.511467671291,85.00089512196892,0,1,test
5307,Punjab,0,6,31197.016386502568,30638.565650368837,56.394799830143775,0,1,test
5308,Sindh,1,7,16644.63245964241,13627.983034866897,82.1999016374322,1,1,test
5309,Sindh,0,5,27396.642647619035,24344.83728656811,53.863397600624054,1,1,test
5310,Khyber Pakhtunkhwa,1,2,16132.996537492156,12448.853264442154,30.459392588485255,0,1,train
5311,Islamabad,0,3,30095.114365773352,23713.610159822536,60.14855158680932,0,1,test
5312,Punjab,0,8,63403.65638283831,47516.69631743499,213.18659608896883,0,0,test
5313,Punjab,0,5,43038.98586393186,26763.95653502693,143.20287888983185,1,0,test
5314,Punjab,0,6,29426.497414221827,24956.745270183124,99.0318832803669,0,1,train
5315,Punjab,0,6,47050.99170795428,33986.163094874166,89.77503000496873,0,0,train
5316,Punjab,1,9,21337.369453332867,19464.762510132066,122.42465798058986,1,1,train
5317,Punjab,1,7,29673.455646699756,28658.62471507573,67.45561229052637,0,1,train
5318,Sindh,1,6,82016.67547493461,62040.742610028654,184.92685568866347,0,0,train
5319,Balochistan,1,2,24575.39720071669,21241.89966446057,10,0,1,train
5320,Khyber Pakhtunkhwa,0,7,118960.2666780207,89198.813313593,150.4627122509156,1,0,test
5321,Sindh,0,5,23424.621593338594,19404.60783196128,14.398281852848356,0,1,test
5322,Punjab,1,5,37904.77039716337,33690.77100218297,66.03058114134265,1,1,train
5323,Punjab,1,4,48813.45626808522,42950.73455969098,94.53303733703042,1,0,train
5324,Khyber Pakhtunkhwa,0,4,5498.672076603797,5933.849803438156,12.379768558767196,0,1,train
5325,Punjab,1,3,16830.816031617,9021.638121719283,23.614946310294712,0,1,test
5326,Punjab,0,6,39768.877100919424,32865.53852932424,123.59839470780885,0,1,train
5327,Khyber Pakhtunkhwa,0,5,8239.000178301305,5066.533369445768,57.83375824059638,0,1,train
5328,Sindh,1,6,12407.863790405432,15834.949184556768,77.93680982682449,0,1,train
5329,Sindh,1,8,29673.835763764644,29701.590585749615,69.53798847966158,0,1,train
5330,Punjab,0,2,29624.72741944096,29868.353112301484,27.000901730730536,0,1,train
5331,Punjab,0,3,20557.923705025696,14830.579121949373,62.438216207865565,1,1,test
5332,Sindh,0,2,45182.86105686831,35628.47696805156,51.71655190986605,1,0,train
5333,Punjab,0,4,19711.723226327886,11232.46518733547,10,0,1,train
5334,Sindh,1,1,48785.65338325041,40411.6412924854,21.244843071312374,0,0,test
5335,Sindh,1,6,23597.778842504875,19218.57713691346,66.87445381058897,1,1,train
5336,Punjab,1,5,37346.215858065065,33066.05006317632,39.442095605326635,0,1,train
5337,Punjab,0,3,57759.610827606426,36390.790172027846,13.292510597984261,0,0,test
5338,Punjab,1,5,47832.05842718791,37981.10673330558,83.63320082682243,1,0,train
5339,Punjab,0,3,27996.498492271436,28306.152379151088,57.06796532059613,0,1,train
5340,Khyber Pakhtunkhwa,0,6,138141.03790024653,94341.38300322567,194.49173740133966,1,0,train
5341,Sindh,0,6,44620.31865009013,29155.394454345376,98.19470385366031,0,0,test
5342,Punjab,0,5,34218.253993890285,33653.384566094675,64.84580629775121,1,1,train
5343,Punjab,0,3,57703.92315565111,49161.42209513682,90.12824683727592,1,0,train
5344,Sindh,1,6,80095.75956803157,70491.33128653427,135.88546723197751,0,0,train
5345,Khyber Pakhtunkhwa,0,6,15605.358012294197,15762.824460519692,129.52868081338147,0,1,train
5346,Punjab,1,10,41529.77606238268,33573.24708750145,134.99862817105355,0,0,train
5347,Sindh,0,3,31334.605254534476,29970.723345501046,31.35575682263833,0,1,test
5348,Khyber Pakhtunkhwa,0,1,36522.89228978793,33365.94189772067,50.323725624382455,0,1,train
5349,Khyber Pakhtunkhwa,0,7,23130.182689904654,16757.809703617502,63.276254615681296,1,1,test
5350,Punjab,0,4,27451.94082746669,19809.565578644822,27.92489859972231,0,1,train
5351,Punjab,0,6,36137.968367176094,33655.98503078765,107.40587679772493,0,1,train
5352,Sindh,0,5,40058.558821527455,27351.063900339443,116.81070760418004,0,0,train
5353,Sindh,1,7,73513.92357547744,52001.17057624678,195.3560841886249,1,0,train
5354,Khyber Pakhtunkhwa,0,7,28693.13216242849,22133.484678490084,65.50935877719937,0,1,train
5355,Khyber Pakhtunkhwa,0,4,36410.653725595046,34567.375479777504,42.78912193599852,0,1,test
5356,Balochistan,1,9,50316.07922774803,43043.28987678426,82.89334122536704,1,0,train
5357,Sindh,0,8,9842.641372880486,3000,92.10015666867365,1,1,train
5358,Punjab,1,3,24464.290968417143,18641.273451500227,10,0,1,train
5359,Punjab,0,4,14157.934850421409,8219.729554447502,57.1542959402246,0,1,train
5360,Sindh,1,9,31527.22480416392,29878.98124581458,123.8943787434048,0,1,train
5361,Punjab,0,6,100572.44225946539,64470.83033959082,111.61300143115434,1,0,train
5362,Khyber Pakhtunkhwa,0,5,61217.48359883393,43294.39625669805,83.23484449851901,1,0,train
5363,Punjab,0,5,20850.329167740183,20764.66265654822,109.33925636935987,0,1,train
5364,Punjab,0,4,13509.034473002195,14734.666115524687,70.42791012924674,0,1,train
5365,Punjab,0,8,24242.783678338525,23587.022091379124,96.9687897972004,1,1,train
5366,Khyber Pakhtunkhwa,0,10,47091.75588564204,30379.47256418853,160.94628854410317,1,0,test
5367,Punjab,0,8,19173.309639783318,17850.84951450511,119.19296978945674,0,1,train
5368,Punjab,0,5,22384.12109490801,22807.902581920654,29.408329379868803,0,1,train
5369,Sindh,0,4,26958.736761339052,23543.372485073825,74.21444098873856,1,1,test
5370,Punjab,1,6,31961.1816847448,28888.21533042673,75.51098958549792,1,1,train
5371,Balochistan,1,3,35027.25066750388,28928.341156533374,37.795635769126505,1,1,train
5372,Punjab,0,5,43918.89302185958,35647.194293431814,69.33437136920912,0,0,train
5373,Sindh,0,3,40393.749042161035,28063.681862773305,46.70729407096377,0,0,test
5374,Sindh,0,4,46434.92149253801,33359.21697433843,72.94111445732379,0,0,test
5375,Punjab,0,3,85794.25309609035,54345.73234680197,78.72595546449953,1,0,train
5376,Punjab,0,4,4620.078206701746,3000,79.99362509822345,0,1,train
5377,Khyber Pakhtunkhwa,0,2,16497.61839557975,12996.2268179646,40.48987698858086,0,1,test
5378,Khyber Pakhtunkhwa,0,6,19273.51252854235,13647.177136246346,81.35343411390407,0,1,train
5379,Sindh,0,8,20018.135062595757,15333.97794936915,104.72485306493488,0,1,train
5380,Islamabad,1,6,126098.42221269906,99144.31521921883,69.631661955415,0,0,train
5381,Sindh,0,4,41962.44572485511,33400.611415285195,82.57196208737982,0,0,train
5382,Punjab,0,4,14480.04663395372,11917.023509868173,87.04869512249505,0,1,train
5383,Punjab,1,2,33603.68515941953,30028.299655908737,46.039655502131076,1,1,train
5384,Khyber Pakhtunkhwa,0,4,14348.819431074802,11500.666040190354,10,1,1,test
5385,Sindh,0,2,14062.785980616187,11151.354275970896,15.233359812376118,0,1,train
5386,Punjab,0,4,18048.4866423266,23859.69747807937,61.77195643554074,1,1,train
5387,Sindh,1,6,22915.280261316446,25932.197855010323,37.5983703806849,1,1,train
5388,Sindh,0,4,38823.22169434997,29100.15469216739,56.81847585371565,1,1,test
5389,Sindh,0,2,35011.61684797437,25949.63079593033,83.48250338910611,0,1,train
5390,Punjab,0,10,25294.51829350259,22414.595359640756,84.10837968248745,0,1,train
5391,Balochistan,1,5,27039.179920856175,26111.691242039084,39.752475476883845,1,1,train
5392,Khyber Pakhtunkhwa,1,8,21321.2539274356,18722.41460136555,76.8814054601164,0,1,test
5393,Balochistan,0,3,12157.80103604913,7651.094283479972,10,1,1,test
5394,Khyber Pakhtunkhwa,1,4,12375.62794131702,13126.936713429874,66.96301477406848,1,1,train
5395,Punjab,0,4,10734.179753492774,7496.371118069473,38.08922084686316,1,1,train
5396,Punjab,0,11,36777.19128880075,35792.21301960303,157.76800985924174,1,1,train
5397,Sindh,0,5,14115.810584563815,11569.792327203277,30.126651731244174,1,1,test
5398,Punjab,0,3,108544.89127637814,74796.38741951187,169.61797782877136,0,0,test
5399,Punjab,1,9,35339.43618277375,26142.71884277023,111.62217866874298,0,1,test
5400,Khyber Pakhtunkhwa,0,6,64686.35113371431,43596.02032588676,127.95980774410923,0,0,test
5401,Punjab,1,5,40946.96466394686,34855.32364374034,92.12603335792329,0,0,test
5402,Khyber Pakhtunkhwa,0,3,21585.871695855796,22844.024561148122,50.386329178880985,0,1,train
5403,Punjab,0,6,45939.55719732757,36677.28967394016,101.19718915159996,0,0,train
5404,Punjab,0,6,42429.13184666111,35053.90996798467,120.28110399980761,0,0,train
5405,Punjab,0,4,8089.835015256383,14582.551833210066,81.43238929433576,0,1,test
5406,Punjab,0,2,16454.79467842244,10476.870500692516,10,1,1,test
5407,Balochistan,0,1,22629.179041549003,19418.03178295975,20.28178344459311,0,1,train
5408,Punjab,0,4,23925.885331681253,24363.104497551747,118.29052058655739,0,1,train
5409,Punjab,1,7,60022.15365455894,42469.33226306203,129.27892007711608,0,0,train
5410,Punjab,0,5,25357.59663824661,17062.09698046498,59.70777041464742,0,1,train
5411,Sindh,1,7,30620.342807315115,26426.75579608531,61.731424762038365,1,1,train
5412,Punjab,0,8,7975.7572540474175,3697.4144931784404,97.81035720628174,0,1,train
5413,Khyber Pakhtunkhwa,0,7,47243.787923626805,34097.10278698185,144.57670400101762,0,0,train
5414,Balochistan,0,8,9549.245014146356,5203.4428478442205,69.20973448571368,1,1,train
5415,Sindh,0,3,16017.261696277325,15182.845011698391,35.99931721739606,0,1,train
5416,Sindh,0,8,20258.542282440656,17445.773934923298,113.07738655437923,0,1,test
5417,Sindh,0,3,49697.69312090187,34270.956225237176,82.22531265600834,0,0,train
5418,Punjab,1,2,10513.55078704889,11257.926847139368,56.90281909198683,1,1,train
5419,Punjab,0,6,35204.16088718831,32128.502218943326,131.18629321334313,0,1,train
5420,Khyber Pakhtunkhwa,0,4,32101.203380001378,29087.006909864358,62.42334803506828,1,1,train
5421,Punjab,1,1,20416.91209121421,16014.736477347278,10,0,1,train
5422,Sindh,0,6,19215.912701916583,21161.843113493123,53.85637342807442,1,1,train
5423,Punjab,0,1,27987.85542348942,26678.00607685908,75.18545346802256,0,1,train
5424,Khyber Pakhtunkhwa,0,3,20419.918147987406,15353.069490998,53.14009534327805,1,1,test
5425,Punjab,0,3,34413.74966411712,33799.1786862038,87.39363324548908,0,1,train
5426,Punjab,0,2,52758.59655166493,31193.793970045444,76.58488918448037,1,0,train
5427,Sindh,1,5,31873.91747250301,31318.205940937467,65.83154457808003,0,1,test
5428,Khyber Pakhtunkhwa,1,5,30336.713191400027,29472.00308950994,67.6741175887172,0,1,test
5429,Punjab,0,2,16128.843084099375,10893.76208377676,10,0,1,train
5430,Sindh,1,3,25696.497728027047,24970.66634956956,53.36110296940074,0,1,train
5431,Punjab,0,4,65314.87948567779,47764.63430973847,75.94971636199354,0,0,train
5432,Khyber Pakhtunkhwa,1,4,35092.167251690626,25137.363281069825,61.681836308013764,1,1,test
5433,Sindh,0,3,26483.171135362732,31088.26012902385,53.64827866373167,0,1,train
5434,Punjab,1,5,19215.878262628674,17781.470407794088,42.253995984268286,0,1,test
5435,Punjab,0,5,22105.983254148778,18055.70696619661,55.8855994270092,0,1,train
5436,Khyber Pakhtunkhwa,0,5,47936.8257881429,38649.375964537416,118.60207684757354,0,0,train
5437,Punjab,0,1,46693.548959329026,38203.001041732285,73.66602997770221,0,0,train
5438,Punjab,1,4,30844.3792073733,28714.154175749496,96.53904531825214,0,1,train
5439,Punjab,1,8,43245.48418999818,35333.84202949868,133.16645599514035,1,0,train
5440,Punjab,0,5,10519.085133754483,9703.778724158694,86.37580809814582,1,1,train
5441,Balochistan,1,4,16871.22024384094,17890.451344344285,71.99379495547069,0,1,train
5442,Punjab,1,1,16038.961861581787,17758.008049683365,22.358716539447233,1,1,train
5443,Sindh,0,7,32996.087235163446,29154.970679183618,145.1334904911466,0,1,train
5444,Khyber Pakhtunkhwa,0,6,35543.25406403749,30118.887853930628,104.67888076290801,1,1,train
5445,Punjab,0,5,103412.04709036883,84458.43139266726,165.92118143947087,1,0,train
5446,Khyber Pakhtunkhwa,0,7,23133.037749465024,16877.91453508909,94.99843552520176,1,1,train
5447,Khyber Pakhtunkhwa,0,1,62973.45176928521,48227.33503550682,93.35667580009934,1,0,train
5448,Khyber Pakhtunkhwa,0,5,113792.08495337862,103708.51010653272,184.26877576331012,0,0,train
5449,Sindh,1,4,85332.77477351892,58076.16695534414,125.10159861268897,1,0,test
5450,Punjab,1,5,43597.04575263243,36439.36883341566,23.565761722031368,0,0,train
5451,Punjab,0,8,27849.518655389118,26154.99242744877,104.23828322961748,0,1,train
5452,Khyber Pakhtunkhwa,1,4,74609.39063278443,53818.719342216085,80.92704883764708,1,0,train
5453,Punjab,0,7,46395.22711026395,36447.43547265842,116.7021507582482,1,0,train
5454,Punjab,1,5,21772.138194860036,23411.16590489335,80.21457223306335,1,1,test
5455,Punjab,1,5,45572.41847501237,34628.53111664456,68.19153836776303,1,0,train
5456,Punjab,0,9,15620.012080500304,10156.643584765836,126.16687467459529,0,1,train
5457,Punjab,0,6,29179.48141728925,23841.01633346711,66.94058386728493,1,1,train
5458,Punjab,1,6,23126.895020965418,19320.76041356053,46.17262033376998,1,1,test
5459,Punjab,1,1,43678.23464495654,36573.21684119031,29.92795264706974,1,0,train
5460,Punjab,1,7,66290.18236194908,54190.024578977434,139.47412966971453,1,0,test
5461,Sindh,0,5,8819.596902684021,11645.408581252657,10,0,1,train
5462,Balochistan,1,5,13221.223528073631,5182.599861935407,85.21073754881502,1,1,train
5463,Punjab,1,10,30698.200028245123,26819.799969869426,118.6169765619594,1,1,train
5464,Sindh,0,4,68281.0055979954,52432.82121384939,55.942447081149034,0,0,train
5465,Sindh,1,3,10771.064820137493,12077.23230672673,10,1,1,train
5466,Punjab,0,1,34492.869933245514,27013.807585890845,10,0,1,test
5467,Sindh,0,6,21755.13185020263,16357.067093148671,61.821077767030246,0,1,test
5468,Punjab,0,3,25183.060783117504,24789.098286916567,102.31355116189079,1,1,test
5469,Punjab,1,3,71844.41816191982,61838.17615179572,84.60356144916555,1,0,train
5470,Punjab,1,6,36223.848911533285,30225.759850784852,84.55951362380839,1,1,test
5471,Punjab,0,7,60322.04449185372,46764.57358152103,149.62304400230383,0,0,train
5472,Punjab,1,6,8709.682763705277,7836.620571635919,89.13593900120061,1,1,train
5473,Punjab,0,4,98084.57247131344,70386.68338712992,120.77970106069725,0,0,test
5474,Sindh,0,2,50005.98645853473,41320.25114372903,25.27373308880251,0,0,test
5475,Punjab,1,5,32272.768981912013,25526.21241562875,95.64025633283183,0,1,test
5476,Punjab,1,6,12253.23632134789,12642.875653618297,48.357898597707425,0,1,train
5477,Balochistan,1,4,10384.67392229316,8999.102921322146,121.79408963501585,1,1,train
5478,Khyber Pakhtunkhwa,0,5,7369.789762792983,3000,62.598340653652095,1,1,train
5479,Punjab,0,6,58584.64204319041,49933.643243158636,108.4270820930408,1,0,train
5480,Punjab,1,6,100900.8734882967,86618.25430269414,146.51952033879482,1,0,train
5481,Punjab,0,8,16088.604849437548,13100.85021593261,103.77118221187271,1,1,train
5482,Punjab,0,3,28802.407699089483,28345.48888472251,63.036246362565564,0,1,train
5483,Punjab,0,7,34822.30102396689,26240.67722887377,58.52394091615155,0,1,train
5484,Punjab,1,4,59557.505223942346,42947.10292766807,97.784432842231,1,0,test
5485,Punjab,0,1,102282.22710888083,85387.94362024378,76.1304071675783,1,0,train
5486,Khyber Pakhtunkhwa,0,4,15571.826843229217,13249.393433924475,13.10607690281121,0,1,train
5487,Sindh,0,5,13230.04558433272,12709.739945534071,94.08427852120445,0,1,train
5488,Sindh,0,4,28886.579719137244,25404.28336537659,58.990904881320105,0,1,train
5489,Khyber Pakhtunkhwa,1,2,16092.359832418506,12367.154894262141,24.584531306315824,1,1,train
5490,Punjab,1,9,31774.686517903832,32192.136169177465,178.16479046956255,1,1,train
5491,Punjab,1,6,26630.26441647774,23249.06122978433,27.442373684135205,1,1,train
5492,Khyber Pakhtunkhwa,0,4,10263.425805032746,9820.550133206436,50.67315270260792,1,1,train
5493,Khyber Pakhtunkhwa,1,6,35693.66242365308,37041.985096522934,130.47793919844673,0,1,train
5494,Khyber Pakhtunkhwa,1,7,29000.854243122783,26298.5720212912,107.47325032892776,1,1,train
5495,Punjab,0,6,25570.130485110752,27943.033122976263,100.849509826569,0,1,test
5496,Sindh,0,3,40340.61040302159,22975.662086206,99.22927372841698,1,0,test
5497,Sindh,1,5,85904.0883449028,65566.77696474844,138.59670983184043,0,0,train
5498,Punjab,0,7,27669.895840223326,27807.678191609026,81.12432204900192,0,1,train
5499,Punjab,0,7,43842.335257480096,36409.56030174171,116.42197487305526,1,0,test
5500,Khyber Pakhtunkhwa,0,1,42750.67771939699,38490.43793812712,10,0,0,train
5501,Khyber Pakhtunkhwa,1,1,22625.26927607851,18358.77067542633,10,0,1,train
5502,Sindh,0,14,19172.735441368226,14170.953525570492,176.2948193957412,1,1,test
5503,Khyber Pakhtunkhwa,0,4,18002.43426434856,13290.790824734699,10.070413369896862,1,1,train
5504,Punjab,1,1,9192.10898708737,3399.0911226990265,47.62679819814544,1,1,train
5505,Khyber Pakhtunkhwa,0,4,23589.11068671274,20623.200929605555,85.02091522732744,0,1,train
5506,Sindh,0,2,83466.44021948994,73171.23358867962,46.5364608486272,0,0,test
5507,Sindh,1,7,13719.91790449045,14568.228065867588,89.68184759276019,0,1,test
5508,Punjab,1,6,20675.683009122124,19472.78460548254,33.160532631955604,1,1,train
5509,Punjab,1,6,43920.38137596655,30184.41790381517,79.37472542811237,1,0,train
5510,Khyber Pakhtunkhwa,0,9,17726.591313447727,11926.305044473404,161.31347794738372,1,1,train
5511,Punjab,0,8,34220.95522432118,30703.640885880966,99.14820583474531,0,1,train
5512,Punjab,0,5,13920.690936212717,10368.2227749277,132.6603058901591,0,1,test
5513,Sindh,1,3,64267.23779766674,57541.620104557245,102.56020587665058,0,0,train
5514,Sindh,0,6,90110.92485254043,75177.97098553702,100.23134530334525,1,0,train
5515,Punjab,0,3,16849.37817867997,14784.765000342362,10,1,1,train
5516,Punjab,0,4,19771.255932423916,23873.91241902151,59.35421791273379,0,1,train
5517,Khyber Pakhtunkhwa,0,4,30082.511684026675,28424.269069901024,27.85974783492768,0,1,test
5518,Sindh,1,3,41073.65167524046,33029.49530994541,113.42188130361394,1,0,train
5519,Punjab,1,7,26043.344542473325,28227.01344268153,77.31555800959057,0,1,test
5520,Punjab,1,5,20303.547306283213,16750.50461678534,59.54104133722932,1,1,train
5521,Punjab,0,7,40404.1564097504,27935.563608511424,105.22422401844926,1,0,train
5522,Sindh,0,7,10906.713539125572,4993.846125901467,107.2183215481646,0,1,train
5523,Khyber Pakhtunkhwa,1,6,18588.790405699045,12410.195481765806,102.23101867155442,1,1,test
5524,Khyber Pakhtunkhwa,1,2,16867.18674223331,19374.82604743527,44.92866233154292,1,1,train
5525,Sindh,1,5,92710.57745673033,77934.7427983086,125.29498736014222,1,0,test
5526,Punjab,0,3,19862.173961668646,16227.730621705674,30.955627660961806,0,1,test
5527,Sindh,0,3,64010.86460728767,47301.082881058086,84.21363059349584,0,0,train
5528,Punjab,0,3,43847.581786774295,30690.018085087726,89.33877414037923,0,0,test
5529,Punjab,1,8,35394.46315671933,31520.955613846694,119.59492365776177,0,1,test
5530,Punjab,1,3,27555.46337297377,25710.212724204932,10,1,1,train
5531,Punjab,0,5,42476.49150669193,42151.83772539498,52.950704684877536,0,0,train
5532,Punjab,0,4,56794.2154122084,55645.544864814685,46.83630472535302,0,0,train
5533,Punjab,0,6,26496.29842159055,24730.95184476451,101.31055973314142,0,1,test
5534,Punjab,0,1,9875.496947258662,7049.065980948888,46.888848319539164,0,1,train
5535,Sindh,1,5,14991.342323634031,14095.53706538368,21.653013984068494,1,1,test
5536,Balochistan,0,6,30993.168202976096,28531.796521068052,93.16275398713904,1,1,train
5537,Sindh,0,4,7475.896779586754,7888.10189117096,74.01397292053265,0,1,test
5538,Punjab,0,9,14323.041784355491,12996.088696894041,96.69250340740578,1,1,train
5539,Punjab,0,5,34564.179886112055,33634.28526383892,87.52538845678184,0,1,train
5540,Punjab,1,8,24952.764331043527,18472.395679184618,108.4725293589526,0,1,train
5541,Punjab,1,10,39620.153456079825,38950.10171274176,230.19857567550517,0,1,train
5542,Punjab,0,7,25427.690397533243,26226.610285631745,74.297202009877,0,1,train
5543,Sindh,0,3,47785.01148000951,30166.33376330733,79.67947011681248,0,0,train
5544,Punjab,1,8,19299.255410925176,15414.031894770013,117.97337674623533,0,1,train
5545,Punjab,0,4,8661.910982036941,3000,64.86698101696365,0,1,train
5546,Punjab,0,7,56875.50319482478,40415.251339366434,142.92611105998367,1,0,train
5547,Sindh,0,3,14820.821547207343,12567.28304022106,56.034117603330046,0,1,train
5548,Punjab,0,4,46690.60429050993,38536.62941118185,98.06627069699367,0,0,train
5549,Punjab,0,6,28556.912893264158,22129.058395434335,109.40321406142341,0,1,test
5550,Punjab,0,10,17224.642388533633,14301.880882505995,83.92800456036227,0,1,test
5551,Balochistan,0,3,45799.584871307634,40110.569876287416,45.84036330809188,0,0,train
5552,Sindh,0,6,50286.395572350695,35959.7771869957,128.31339725163653,0,0,train
5553,Punjab,1,4,50249.94554010757,34438.20547542126,102.69004220275284,1,0,test
5554,Punjab,0,9,101611.20889637755,93095.61976519403,160.45591327593223,1,0,train
5555,Khyber Pakhtunkhwa,0,7,14033.068185366727,13347.218893173635,72.54109140114318,1,1,test
5556,Khyber Pakhtunkhwa,0,5,79996.80447546265,66004.48390073013,86.12172901998997,0,0,train
5557,Punjab,1,5,30741.417603873393,27370.589126084167,97.17231759244262,1,1,test
5558,Sindh,0,8,11538.451446493955,8977.304941199265,86.07518056533004,1,1,test
5559,Khyber Pakhtunkhwa,1,5,24157.843788640857,24854.147388008456,104.2703498225291,1,1,train
5560,Khyber Pakhtunkhwa,0,5,28227.503240560287,21076.762993303302,46.21761557195343,0,1,test
5561,Punjab,0,9,21777.137860632007,21004.716910839048,91.03551139512712,0,1,train
5562,Sindh,1,3,17453.76462379788,14345.13291899416,28.845732803480423,1,1,test
5563,Punjab,0,1,28321.034036347162,22039.868744932737,83.3739038149748,0,1,train
5564,Balochistan,0,2,33921.23830182631,30419.046646444982,36.253179367953905,1,1,train
5565,Sindh,1,5,31369.597311558777,28893.651340773933,74.59779919050484,1,1,train
5566,Sindh,1,3,30951.644387509255,28900.77023900982,47.390097932855454,0,1,test
5567,Punjab,0,3,9692.91206888064,13425.288127665208,35.56964516950738,0,1,test
5568,Sindh,0,7,35997.196409323056,33270.13158656347,98.16286757624653,0,1,train
5569,Punjab,0,7,14288.450626971184,12137.624221872364,67.80235668774267,1,1,train
5570,Punjab,0,5,45479.951174252084,33472.716300811895,75.1846175535482,1,0,train
5571,Sindh,0,4,71268.67489609211,61046.86595972859,109.16331006540348,0,0,test
5572,Punjab,0,4,88291.30772708007,79577.06764528208,100.51273256235633,1,0,train
5573,Sindh,0,6,14598.912659978485,11678.617207168028,69.85959733322558,0,1,train
5574,Punjab,0,1,38495.594836169075,33815.77483463131,51.67108890502237,1,1,train
5575,Punjab,0,4,36404.90037306709,31473.789968785204,66.6994478616219,0,1,train
5576,Khyber Pakhtunkhwa,0,6,52123.279629741235,33958.656539880016,64.04725462280183,0,0,test
5577,Punjab,1,7,26863.804410049215,21676.62711408055,111.80495411313882,0,1,test
5578,Punjab,0,6,107687.85935704978,72364.2596234208,162.8902915131941,0,0,train
5579,Sindh,1,5,25706.207927700263,27786.711820864708,82.32536427172514,0,1,train
5580,Punjab,0,3,25661.538449721305,25345.357845142677,41.04057937385634,1,1,train
5581,Khyber Pakhtunkhwa,1,1,36104.85429217644,32658.323834138544,17.517970489531486,0,1,test
5582,Sindh,1,4,19367.010288360158,14555.117515771719,25.307075250309694,1,1,test
5583,Sindh,0,4,33769.30287017925,33331.21796401917,97.64821780803804,1,1,train
5584,Sindh,0,3,18509.01465921002,15536.977338644363,64.96415493486491,0,1,train
5585,Punjab,0,2,16862.58623653948,18534.03762555697,10,0,1,test
5586,Sindh,0,2,10663.474001815212,3000,30.777868197071044,0,1,train
5587,Punjab,1,3,14709.598095625877,11259.298290963758,34.18483636767321,0,1,train
5588,Balochistan,1,7,29149.170780487475,28626.587213166567,74.85322245529656,0,1,train
5589,Punjab,0,3,8447.290760175167,4897.190647521355,23.45320712535165,0,1,test
5590,Sindh,1,9,63800.20861048098,43813.64421682806,158.1768536080002,1,0,train
5591,Khyber Pakhtunkhwa,1,4,13971.195269049684,17194.571237030665,10,0,1,train
5592,Khyber Pakhtunkhwa,1,3,8731.049629579093,7965.625027604867,30.078086094419398,1,1,train
5593,Punjab,1,5,16036.358166523074,13900.447090553618,69.34460634226222,1,1,train
5594,Punjab,1,4,61827.95373877767,55540.28143039612,128.2029214748972,1,0,train
5595,Punjab,1,4,80030.7756268463,73894.79645508603,146.06555941725307,0,0,test
5596,Punjab,0,8,16988.786028923434,17521.61835498961,108.79502410026932,1,1,test
5597,Sindh,1,3,41783.898092504285,34772.86716306144,105.42146737592135,1,0,train
5598,Sindh,0,5,58527.939793210724,50130.940246107144,77.51945848981126,0,0,train
5599,Punjab,1,8,13826.92571798728,13754.544900745073,45.18047564132943,1,1,train
5600,Khyber Pakhtunkhwa,0,5,67788.58221915808,50529.94309596098,133.10518395732444,0,0,test
5601,Punjab,0,4,72210.88219525991,56905.04006098977,73.19941476540757,0,0,train
5602,Punjab,0,8,34707.08126689842,26169.79607094074,132.90464102765614,0,1,train
5603,Punjab,0,5,37053.42825211914,24656.48210682687,95.80736753041998,0,1,train
5604,Khyber Pakhtunkhwa,0,3,59872.13233756275,42459.4559085521,80.18414362114444,0,0,test
5605,Punjab,0,5,19783.026219873907,18534.711263161433,39.08229618456376,0,1,train
5606,Punjab,0,5,14519.717452968649,9044.890080193276,42.597078801220775,0,1,test
5607,Islamabad,0,6,36662.12560766476,31474.7408129982,114.94920174436731,0,1,train
5608,Punjab,0,8,14425.993945206235,8814.703494614532,73.05031739701002,1,1,train
5609,Punjab,1,2,20346.023113074632,16560.59477922191,10,1,1,train
5610,Sindh,0,5,15643.933466647562,9162.2879254584,116.78162849159273,0,1,train
5611,Balochistan,1,8,48236.911250314384,38468.85295343329,113.55486974164056,1,0,train
5612,Sindh,0,7,17137.995836235386,16210.252295952405,92.76334406588221,0,1,train
5613,Sindh,0,4,35101.27944771453,24863.962187554316,38.694909160062515,1,1,train
5614,Sindh,0,5,13489.734092348146,8449.759291664506,104.10207235484293,1,1,train
5615,Punjab,0,6,11944.899148614324,13141.601112129129,83.77524066437928,0,1,train
5616,Punjab,0,4,13498.94540457124,11672.449515694389,28.580241343463932,0,1,train
5617,Sindh,0,4,25704.873209880305,22268.08739264235,40.41966281304579,0,1,test
5618,Punjab,0,7,34177.642840826964,38182.10854311385,62.00529253699885,1,1,test
5619,Punjab,0,6,19788.715386576147,18226.233153006207,112.12034551146746,0,1,test
5620,Punjab,1,7,47352.727534176054,40207.4813390439,106.88018186773552,0,0,train
5621,Balochistan,0,5,28641.419830604547,23803.997252701167,84.75618687646967,0,1,train
5622,Punjab,1,5,37587.0120462444,31336.386938668213,115.45700626723844,0,1,train
5623,Balochistan,1,4,16971.935181296034,16327.65771254433,74.99422199939656,1,1,train
5624,Sindh,0,4,32736.535275961578,32133.854954579172,72.64549914212321,0,1,train
5625,Sindh,0,5,24156.497156833946,26598.374020515497,81.1908091653044,0,1,test
5626,Punjab,0,5,61145.506696519056,53403.09451018052,106.37239430336756,0,0,test
5627,Punjab,1,3,32083.097241560223,20447.75190683104,35.18886692137718,1,1,train
5628,Sindh,0,11,40586.94762671796,31764.60417423409,130.14834288064392,0,0,train
5629,Sindh,1,3,19194.56108528276,13098.805834956576,45.40851937611521,0,1,train
5630,Punjab,0,5,38114.205918337844,34938.69093068434,68.39679158526968,1,1,train
5631,Punjab,1,5,17895.235367774178,19830.73648197411,82.36771730204505,1,1,test
5632,Punjab,1,3,80900.87789581873,57337.081750099,87.82707543164632,1,0,train
5633,Punjab,0,5,14525.061632617366,13782.038334150157,44.88243204235245,0,1,test
5634,Khyber Pakhtunkhwa,1,7,15068.10617610912,8223.2915452246325,57.654452310890385,0,1,train
5635,Punjab,0,4,41166.671286268946,34461.86123125549,54.33188539455125,0,0,train
5636,Sindh,0,3,10969.87626097723,9552.26884576025,19.272832468990202,0,1,test
5637,Khyber Pakhtunkhwa,1,4,23118.185329556236,28392.142037464953,67.30306097886314,0,1,test
5638,Punjab,0,3,40453.17571907589,31433.194044880303,23.93312697255832,0,0,train
5639,Punjab,0,2,27753.850717688398,23899.665477545248,55.369386475339745,0,1,test
5640,Sindh,0,6,38873.64819374075,40394.39806457248,137.23120079472312,0,1,train
5641,Sindh,0,5,44785.71651501742,30537.15040181612,29.707662561747412,0,0,train
5642,Punjab,0,10,41399.69419872196,30903.641751615134,130.054584650016,1,0,train
5643,Khyber Pakhtunkhwa,0,9,36952.40105152577,31883.011737903278,137.3842554001774,0,1,train
5644,Punjab,0,5,140216.84838125698,106264.2183990246,147.49484150925858,1,0,test
5645,Sindh,0,9,46240.726631361096,49068.54721585682,137.94743197404503,0,0,test
5646,Punjab,1,5,25546.756806794325,24618.60738940148,64.77371102599687,1,1,train
5647,Sindh,0,10,68668.41419721782,57647.803401967765,187.544562361483,0,0,train
5648,Sindh,1,4,28007.82107026458,29001.87348194072,36.58148271809906,1,1,test
5649,Punjab,1,6,14791.485893235504,15104.439696083138,40.200191269806496,0,1,train
5650,Sindh,0,9,27032.504974865413,18472.101973866727,131.31070955043663,1,1,test
5651,Punjab,1,9,20038.855589798597,17730.959859584236,121.87119305284875,1,1,test
5652,Punjab,1,7,24780.121139672476,22693.911521489426,69.28833408161285,1,1,train
5653,Punjab,0,4,34042.30671052048,33214.53515833521,32.541983592469784,1,1,train
5654,Punjab,0,10,56714.639442905485,44113.885834611996,169.93406970360323,0,0,train
5655,Punjab,0,5,49875.355295700254,38071.13730414475,100.40935775506142,1,0,test
5656,Punjab,0,4,21379.5266105609,16311.08881838034,17.850452972898708,1,1,train
5657,Punjab,0,4,15953.281347430844,14297.87169622285,116.31496229306234,0,1,train
5658,Khyber Pakhtunkhwa,0,4,20090.36983354765,24854.74373139582,59.973652797411475,0,1,train
5659,Punjab,0,7,18156.084761751437,15741.563629123357,84.51805249514882,0,1,train
5660,Khyber Pakhtunkhwa,0,2,27709.303444145473,25234.87820846078,48.700431311205485,0,1,train
5661,Sindh,1,2,32328.10705395011,26494.649373913864,71.58333404924036,0,1,test
5662,Punjab,0,3,16484.325132241996,14806.137192908105,13.381203524874604,0,1,train
5663,Punjab,0,9,6045.2698793805375,6451.752892986076,95.33585751839844,0,1,train
5664,Punjab,0,6,29709.38471469689,25142.109120963927,43.56811692971024,0,1,train
5665,Punjab,0,6,23250.98318117406,20296.20312728544,56.726610428920694,0,1,train
5666,Sindh,0,6,11094.965314328194,10942.909239010129,44.329871892859344,0,1,test
5667,Punjab,0,5,8414.926996627852,3973.508959059762,32.104065725377374,0,1,train
5668,Punjab,0,4,23002.801254298905,22445.53506282584,60.220334772960854,0,1,train
5669,Punjab,0,7,70436.58443433672,55602.700189064584,170.6977130887341,0,0,train
5670,Punjab,1,7,76444.8464498013,64097.708724635915,80.8920221434781,1,0,train
5671,Sindh,0,3,18307.045836243407,15179.53246637192,39.2188649469935,0,1,test
5672,Sindh,0,9,23052.085103797737,16862.580413806012,166.3557425407704,0,1,train
5673,Sindh,1,6,41313.434282348455,32001.361854430845,106.51590284317697,1,0,test
5674,Punjab,1,5,60570.401572441726,45905.48485278537,162.88480880891245,0,0,train
5675,Punjab,0,3,29130.467401385846,31603.061947747752,84.54664983884831,0,1,train
5676,Sindh,1,8,60784.08144018898,51711.256244641576,105.72472932937072,1,0,train
5677,Punjab,0,4,24753.03919183953,15201.110953873536,63.35139320820286,1,1,train
5678,Punjab,0,4,25271.31478241546,21125.09534661987,36.33265547299632,0,1,train
5679,Punjab,0,8,38895.45434052615,36831.09774433233,80.47469437687519,0,1,train
5680,Punjab,0,1,22503.20363190255,23219.053534690524,52.52005678669315,1,1,train
5681,Punjab,0,6,15152.53676747773,19736.755702365048,107.59465138105064,0,1,train
5682,Punjab,0,4,32935.232549853725,29180.87487264781,26.294213222832227,0,1,train
5683,Punjab,1,6,27524.882313076527,18209.7459413997,16.716578248773516,1,1,test
5684,Punjab,0,2,18287.492492830956,13161.266755571163,10,0,1,train
5685,Khyber Pakhtunkhwa,0,7,32482.46121979151,27331.587900474446,90.11360508577944,0,1,test
5686,Punjab,0,4,37525.4221865564,35943.13383327662,70.00239278544295,1,1,train
5687,Punjab,1,2,21459.506204772584,11614.557171008975,43.6513008729727,1,1,train
5688,Punjab,0,7,9307.59611731828,3000,80.34123300798225,0,1,test
5689,Punjab,0,5,31149.74251464069,29933.39092058355,66.70258185455887,0,1,train
5690,Sindh,0,4,23964.558839989066,24280.364777540635,87.04253475598102,0,1,train
5691,Sindh,1,7,64939.45753746406,40104.66821180943,113.14386041574842,0,0,test
5692,Punjab,1,7,40598.60762807079,23193.00356921311,101.38848678700816,0,0,train
5693,Sindh,0,10,17385.501653399937,12899.57497176882,114.94631684763444,0,1,train
5694,Khyber Pakhtunkhwa,1,2,51385.17139524615,38102.82651781961,80.37020744361078,1,0,train
5695,Punjab,1,2,9805.726778795317,12876.459079643431,55.293874419857715,0,1,train
5696,Punjab,0,4,24015.57328200948,21394.640761228686,37.99182434213236,0,1,train
5697,Punjab,0,7,22716.747308843074,22082.50216287457,85.69420398839007,0,1,test
5698,Khyber Pakhtunkhwa,1,5,10303.937386231008,7550.562815329227,70.20727919578778,0,1,train
5699,Khyber Pakhtunkhwa,0,1,24502.68829553688,22199.999040377694,23.4458385729935,0,1,train
5700,Punjab,1,4,51979.33013553994,39046.138289294526,77.61511029581284,0,0,train
5701,Punjab,1,2,17244.884664192545,14859.982340690929,27.269711658061297,0,1,train
5702,Sindh,0,5,37669.40226997326,31539.7062774435,69.2415807453789,0,1,train
5703,Khyber Pakhtunkhwa,1,11,75332.58435578611,61503.06307562646,152.89010671579027,0,0,train
5704,Punjab,1,4,9648.889160141453,4543.940392187271,15.589352460245749,1,1,train
5705,Punjab,0,7,13052.884444975834,16620.95271909802,43.857249997732325,0,1,train
5706,Khyber Pakhtunkhwa,0,7,24469.149239195347,20169.3213448115,63.91907028316312,0,1,train
5707,Balochistan,0,4,40567.134408401915,27103.205685819998,46.26011429455956,0,0,test
5708,Sindh,0,5,19501.132820959177,13199.041354861325,67.92809456744234,1,1,train
5709,Punjab,1,3,26924.580733266168,24487.670194167422,61.858738195510995,1,1,test
5710,Punjab,0,1,33561.86614609325,27801.93976180496,37.74258766455499,0,1,test
5711,Punjab,0,7,15559.39992508458,9153.231486384051,131.59148346146796,0,1,train
5712,Punjab,1,4,28303.31935797269,19739.398861016263,62.242986591107595,1,1,train
5713,Punjab,0,6,50273.10074089424,36585.45326172756,126.92721029368074,0,0,test
5714,Sindh,1,8,17059.59820625316,16846.419715849228,153.64239086877043,0,1,train
5715,Khyber Pakhtunkhwa,0,7,37579.480965720395,36118.24705041894,124.98971772715676,0,1,test
5716,Sindh,1,4,69377.48736808458,61350.7014977316,78.22704855594793,0,0,train
5717,Punjab,0,9,33752.39824508177,31984.687280090242,133.429383666298,0,1,test
5718,Khyber Pakhtunkhwa,0,13,11740.926555061775,8066.808863075698,128.3152991959074,1,1,train
5719,Punjab,1,7,53767.32841403852,34255.673013024396,130.479509032892,1,0,train
5720,Punjab,0,4,44932.80145680166,30029.879962602598,38.72553821548903,0,0,train
5721,Sindh,1,3,85567.18121341444,71473.14901714248,98.98186294177063,1,0,train
5722,Punjab,0,2,17873.482384011877,11061.431368670514,40.09258515414599,0,1,train
5723,Sindh,1,5,15419.704774257105,3000,64.0280901688209,1,1,test
5724,Islamabad,0,7,89653.59224488316,77361.13492344964,143.77381792299212,0,0,test
5725,Punjab,1,5,16696.39978738601,17346.23531388814,56.995629437056635,0,1,test
5726,Punjab,1,10,12738.272175531712,11739.699769917905,139.165498544629,0,1,train
5727,Punjab,0,4,52960.965761543914,36368.59371472193,105.19836462514877,0,0,train
5728,Sindh,0,5,19539.241182324673,15480.92319330721,84.36243496583126,0,1,train
5729,Punjab,1,8,80265.14490559096,68452.55641891387,165.62120458893986,0,0,train
5730,Khyber Pakhtunkhwa,0,4,82101.64721097279,72147.54499352083,136.47217696092966,1,0,train
5731,Islamabad,1,4,58691.53840360053,50739.17312207816,93.01901611025437,1,0,train
5732,Punjab,1,2,18390.034972303914,17999.643429207234,39.58682712786434,1,1,test
5733,Punjab,1,5,38911.214203601776,33056.37630787038,64.68715722024454,1,1,train
5734,Khyber Pakhtunkhwa,1,7,11777.782309880151,4620.8896691907785,126.83666635751405,1,1,train
5735,Khyber Pakhtunkhwa,1,3,79856.80965453174,53693.37325204372,154.84284909487872,1,0,test
5736,Khyber Pakhtunkhwa,0,4,27138.153664138717,25080.38937925717,96.01674682581093,0,1,train
5737,Punjab,0,7,19981.5876224695,9402.602584173334,89.77965827022612,0,1,test
5738,Punjab,0,3,37298.99615568783,31407.7962855056,60.529383287064626,1,1,train
5739,Punjab,0,4,20314.103135738515,22832.675150977306,73.20037364813902,0,1,train
5740,Punjab,0,4,46682.608547145326,35470.18686847129,82.44629017723106,0,0,test
5741,Sindh,0,2,6197.4143567324745,11862.987411537179,33.60397479123747,0,1,train
5742,Sindh,0,7,17058.219441699777,16702.052633116677,107.36917688693856,0,1,train
5743,Balochistan,0,9,37384.249746348796,28532.4087959709,150.16033827700875,0,1,train
5744,Balochistan,1,3,5011.0628217373305,5035.273227692251,59.71851555220698,0,1,train
5745,Sindh,0,7,6830.281628995499,3000,42.47744200807544,0,1,test
5746,Khyber Pakhtunkhwa,1,3,25269.14671379386,17380.119184561772,70.44086818992511,1,1,test
5747,Punjab,0,5,28602.0403101741,25830.306411580626,12.575383522630887,0,1,test
5748,Punjab,0,4,34739.90198514169,33276.59043835531,65.66590894054872,0,1,train
5749,Punjab,1,5,29562.095351715514,21159.485088152454,10,1,1,train
5750,Punjab,0,8,55483.6561590235,44460.265457095265,142.98853165745493,0,0,test
5751,Punjab,1,5,65840.9034021795,46745.98693746676,107.37795633025763,0,0,train
5752,Punjab,1,5,21922.750623763754,15555.680018275929,104.55941793531778,1,1,train
5753,Punjab,0,3,47334.231522190334,38522.050464286374,10,0,0,train
5754,Sindh,1,6,16707.652699856655,16888.116016549226,76.92262796582494,1,1,test
5755,Khyber Pakhtunkhwa,0,5,26801.448032762033,23209.03465454268,86.08132169421613,0,1,train
5756,Balochistan,1,5,17794.916562614682,17126.200979685676,31.06748476775897,1,1,test
5757,Islamabad,1,3,43971.1486257629,26550.74650530193,66.59914275778348,1,0,train
5758,Punjab,0,3,13601.925276062771,12693.330437740975,10.607251602054731,0,1,train
5759,Punjab,1,4,22525.990731547587,16585.472671044514,85.20794975230628,0,1,test
5760,Sindh,0,3,12121.670343998057,7837.092345942116,74.23347863053311,0,1,train
5761,Khyber Pakhtunkhwa,0,7,36562.351600444235,34870.84883400581,110.89500463792467,0,1,test
5762,Sindh,0,7,41093.22071268128,31272.686562132556,115.40916290855256,1,0,train
5763,Punjab,0,4,38013.802861079464,38507.1034192021,75.62142023308952,0,1,train
5764,Balochistan,1,5,30707.490605962517,26047.713074556676,68.98334232232469,1,1,test
5765,Khyber Pakhtunkhwa,1,4,14609.355021344718,12650.992265864485,28.113332332870144,1,1,train
5766,Punjab,1,5,30660.02496113851,26630.08166702298,91.97736367642162,1,1,train
5767,Sindh,0,8,26159.00138651467,23523.22951497862,79.39437582690067,0,1,train
5768,Punjab,0,6,15224.348670723637,9939.861790411866,46.54335305204396,0,1,test
5769,Punjab,1,2,48210.80115875745,40319.278760429086,67.71715499938033,0,0,train
5770,Sindh,0,6,93279.4415082852,81791.56660533181,108.63544067760667,1,0,train
5771,Sindh,0,4,19353.542236298108,20089.034236896845,49.057107554937296,0,1,train
5772,Punjab,0,9,28336.684360220923,24350.55103656143,198.88738272248935,1,1,test
5773,Balochistan,0,5,17621.220044008096,20270.51182513166,76.02390355725304,1,1,train
5774,Punjab,0,1,11221.452837814006,16755.955661352826,10,1,1,train
5775,Khyber Pakhtunkhwa,0,7,32448.97170124368,32687.47540223379,62.433466251396815,0,1,train
5776,Islamabad,1,6,59329.40763074668,49297.655094647605,64.53463980079329,0,0,train
5777,Punjab,0,3,56546.5863288741,46952.51529633258,90.99022585907389,1,0,train
5778,Sindh,0,4,122023.5352617168,82683.1752447586,152.37966263414614,1,0,train
5779,Sindh,0,7,21769.949696705546,19438.208048768203,51.99303749056217,0,1,test
5780,Punjab,0,3,14030.26975820626,13808.095500678475,52.614520420813975,0,1,test
5781,Punjab,0,3,15777.471954418668,12288.287906353029,10,0,1,train
5782,Sindh,0,4,15368.189250509186,14570.011716718423,48.144320923772504,0,1,test
5783,Sindh,1,5,68091.61560852085,54908.88608818542,138.05683253907233,1,0,test
5784,Punjab,1,5,22546.54109103119,19218.49702064962,95.8937359754634,0,1,train
5785,Khyber Pakhtunkhwa,0,3,39106.51339729454,37149.742649943306,38.46328466493817,1,1,test
5786,Punjab,0,8,23894.104352768838,24025.515407818584,171.84487638719787,0,1,train
5787,Sindh,1,5,37730.22477087136,34615.51089356045,72.43662715935083,0,1,train
5788,Sindh,0,4,10197.763595420061,8306.039252844126,59.98161253266311,0,1,train
5789,Punjab,1,7,14429.23704760922,13519.25575692424,81.98787745675136,1,1,train
5790,Balochistan,1,5,3717.0252166767177,4851.0436897101135,70.01637989157683,0,1,train
5791,Punjab,0,2,10593.654707908157,8588.875399681867,43.45629151366543,0,1,train
5792,Balochistan,0,4,21203.103253463803,17308.91715519543,29.50654267976585,0,1,test
5793,Punjab,0,6,31399.407219189932,26378.857475392586,88.80117404905508,0,1,train
5794,Punjab,0,5,95421.05739846334,67466.25895283734,176.63418122507116,0,0,train
5795,Sindh,0,9,9928.935621389775,4817.063203337177,99.99192025270872,0,1,train
5796,Punjab,0,4,20717.993961625616,21907.76151329599,78.93938110486589,0,1,train
5797,Punjab,0,6,18527.421224228154,19010.8593430181,81.53393452468829,1,1,train
5798,Balochistan,1,4,45077.59241608105,28553.37373020251,77.94402962528677,0,0,train
5799,Punjab,1,2,25756.63533022259,24154.133189576965,10,0,1,train
5800,Sindh,1,5,35444.590869996915,25759.354216856398,82.86076070003661,0,1,train
5801,Punjab,1,4,28877.81157018835,22072.516343332605,33.27968413935455,1,1,train
5802,Punjab,0,5,30247.31249984218,32623.17074767868,81.62419155764998,0,1,test
5803,Khyber Pakhtunkhwa,1,5,12750.95682466696,16217.543908184773,64.33044072311456,0,1,train
5804,Punjab,0,4,42050.68221665918,27691.55119214746,76.61422151103042,0,0,train
5805,Sindh,0,1,68276.01821128587,42863.00625788068,79.90607521666738,0,0,train
5806,Punjab,0,9,27217.487954071385,30083.716791945313,88.89409697375405,1,1,train
5807,Punjab,0,4,37926.508784966696,30312.750650944665,68.25514972391815,0,1,test
5808,Sindh,0,1,10425.8217907008,13131.07912879415,30.455617318776795,0,1,train
5809,Sindh,0,7,83848.45957893442,68445.1507934567,140.45884253921798,0,0,train
5810,Sindh,0,3,40612.63125864339,30146.92739725379,96.97559833086055,1,0,train
5811,Punjab,1,5,121961.20623768462,79021.39045915336,132.86839604731807,0,0,test
5812,Sindh,1,7,33060.59245884114,33689.67005007082,98.44930814441368,0,1,train
5813,Punjab,0,4,86884.32948781153,60090.79470119704,92.45686984948435,1,0,train
5814,Punjab,1,5,28079.540134727846,25193.567772249837,29.141393146024157,1,1,train
5815,Balochistan,1,6,30863.362679884387,28312.209868568625,64.06029469767148,1,1,train
5816,Punjab,0,2,30477.083618145483,25617.636584242493,10,0,1,test
5817,Punjab,0,6,15590.923083363088,16131.924403958878,43.370979697959044,0,1,train
5818,Sindh,0,5,36589.25332687543,29644.931766593025,102.4991094753383,0,1,train
5819,Sindh,1,3,61061.083175387605,52475.90008884552,33.52597941216553,1,0,train
5820,Sindh,1,3,30199.11169446054,29638.189416524998,27.89029743046042,1,1,test
5821,Punjab,1,2,17621.82389228846,12254.9956084529,41.21628778590219,0,1,test
5822,Punjab,0,4,23485.99793816653,21769.636619092136,29.883786230351657,0,1,train
5823,Sindh,0,7,114805.9026955507,81250.5772491869,166.68118860782687,1,0,train
5824,Balochistan,1,5,5440.885570352085,4183.709878695598,44.460056185753814,1,1,train
5825,Punjab,1,9,21377.38714247792,17611.63332471206,76.57469867327984,0,1,test
5826,Punjab,0,2,42211.02301549826,33599.46811242898,45.282338882217374,0,0,train
5827,Punjab,0,4,11731.650588300512,10611.95372374379,86.39557415105475,0,1,train
5828,Punjab,0,8,95772.04217864759,87559.9084121156,159.9765243076142,0,0,train
5829,Sindh,0,1,13874.257692124274,13275.001831249687,55.78396884077271,0,1,train
5830,Punjab,0,4,13509.7898064823,8112.679898805216,41.264151027236196,0,1,train
5831,Punjab,0,7,42795.878071115396,36750.26548960321,126.98619919781154,1,0,test
5832,Balochistan,1,11,65401.31201162455,56521.59434145677,208.41821098031386,1,0,train
5833,Punjab,1,5,15641.305484819803,14556.453703605219,82.93372876467443,0,1,train
5834,Sindh,0,5,37689.015601426894,32689.418045510894,106.90451038378285,0,1,train
5835,Punjab,1,5,6980.570398707941,3670.314946720919,61.360378102307045,0,1,test
5836,Punjab,0,5,48623.81180636437,44720.31665134635,125.96853857663724,0,0,test
5837,Khyber Pakhtunkhwa,1,4,202635.40709897052,138973.87148050073,176.81914189936282,0,0,train
5838,Punjab,1,3,40919.5549649824,31341.976044306914,74.46051217252867,1,0,train
5839,Sindh,0,5,8120.011703148366,6052.164064649109,68.61267074996708,0,1,train
5840,Punjab,0,5,32137.47095172789,32166.03854634558,67.85983205607747,0,1,train
5841,Sindh,0,9,38775.08094841521,29771.11640863617,114.58915193022021,1,1,train
5842,Punjab,0,2,32480.234759453135,29699.76910921613,60.83447888067187,0,1,train
5843,Khyber Pakhtunkhwa,0,10,22499.713504660922,14667.289762940323,140.47141790615757,0,1,train
5844,Balochistan,1,3,34416.796385306676,33815.65561119137,22.96025152159133,0,1,train
5845,Sindh,0,8,4290.802331533126,3000,94.95255318246056,0,1,test
5846,Sindh,0,4,45135.39806449079,40394.84420482884,68.3705206673769,0,0,test
5847,Punjab,0,15,16218.49706293556,14842.187446176962,214.11474624134303,0,1,train
5848,Punjab,1,7,30894.99005665025,27393.037953629173,148.95247759021024,1,1,train
5849,Punjab,0,12,21923.360456655617,19676.4817653551,122.97114282545546,1,1,test
5850,Punjab,0,6,21876.670027960143,25168.589707260915,117.89724470982071,0,1,test
5851,Punjab,0,6,21403.478312442596,23271.65232184261,88.45394945929714,1,1,train
5852,Sindh,0,9,52139.338601656396,37284.81904004396,199.95437366702447,1,0,test
5853,Punjab,0,4,41557.25008229556,32223.94835736827,67.16336372276731,0,0,test
5854,Punjab,0,10,15384.213380178278,7461.392301771929,98.70686434886258,1,1,test
5855,Punjab,0,4,119362.74738315647,107081.82657054445,154.73111207420814,1,0,train
5856,Sindh,0,7,50224.49787601419,40170.66447178114,88.95892583058315,0,0,train
5857,Sindh,0,2,44448.62821900118,36920.37633592361,55.937719154284366,1,0,train
5858,Punjab,1,4,19410.60043235954,17655.796394831115,45.24943113780126,1,1,train
5859,Balochistan,0,6,31056.330490435517,26081.356666787626,120.98413979845911,1,1,train
5860,Punjab,0,5,72924.67573174981,58446.5049162269,91.05093111584353,0,0,train
5861,Sindh,0,6,87758.18896395726,79043.32611977578,129.01686309753282,1,0,train
5862,Sindh,1,6,27942.009163848314,24031.139584735494,80.50127791774302,1,1,train
5863,Balochistan,1,5,28753.86605676119,26661.51488836554,93.29142521092061,0,1,test
5864,Khyber Pakhtunkhwa,1,4,9965.756729075652,8366.041031012512,58.61700332831511,1,1,test
5865,Punjab,1,6,91645.19887920271,82237.69493259655,165.00809812506378,1,0,test
5866,Punjab,1,2,79245.68149280675,66536.61485582692,101.01977813906697,1,0,test
5867,Punjab,0,4,19042.801072019756,22117.626539840952,31.39174337208849,0,1,train
5868,Punjab,0,4,23024.75379747032,17173.642051167724,122.67932341118666,1,1,test
5869,Khyber Pakhtunkhwa,0,2,18402.25359224568,16072.638278420842,63.40131055213505,0,1,test
5870,Khyber Pakhtunkhwa,0,5,20044.80328233154,8802.36802063273,10,0,1,train
5871,Punjab,1,5,86568.89402465598,63722.763251320226,96.75443934530509,0,0,train
5872,Punjab,1,8,43137.512107719114,45611.78320107811,153.48000653239689,0,0,train
5873,Punjab,0,2,6579.246475012525,3000,10,0,1,test
5874,Punjab,1,6,112357.79732324436,98429.55174012869,171.3365638972697,0,0,test
5875,Punjab,0,4,34967.248146837155,28373.688068880416,10,0,1,test
5876,Punjab,1,7,53178.90947961865,47351.406763102204,123.09229560553497,0,0,train
5877,Punjab,1,4,22587.38089354936,21156.743111851923,105.89048469715019,1,1,train
5878,Punjab,1,4,63360.53546073686,53612.23276557471,72.34337016855457,1,0,test
5879,Punjab,0,2,24816.84334117905,25488.58495452455,83.960174631553,0,1,train
5880,Balochistan,0,8,21875.635242161025,23472.8570959734,98.32085667667562,0,1,train
5881,Punjab,1,6,12987.959688897365,11910.799698824614,37.405774139020146,1,1,test
5882,Punjab,1,10,11628.78295627279,13329.521709875484,132.02658346609644,1,1,train
5883,Punjab,0,6,43617.71627696916,39561.63641687352,88.6376185963696,0,0,train
5884,Punjab,1,3,12327.380796669744,11943.155397067872,73.48601090161232,1,1,test
5885,Punjab,1,4,43747.668078058174,29086.954818330443,67.39019528921408,0,0,test
5886,Punjab,1,2,58629.16912803893,44503.46877491012,11.743367971318932,1,0,test
5887,Punjab,0,9,105782.46163572324,68005.05413216975,171.1443788067019,0,0,test
5888,Punjab,1,2,58291.89957604286,56252.80966859535,75.45812809041183,0,0,train
5889,Punjab,1,3,53433.56662425268,42192.207607016026,56.09469188345891,0,0,test
5890,Punjab,1,8,16495.144792901498,13064.375555344748,100.74290820047459,1,1,train
5891,Khyber Pakhtunkhwa,1,4,84520.34070214514,72690.86353184911,86.01103379598223,1,0,test
5892,Sindh,1,3,56858.88792506082,47184.98612281945,102.22916050541443,1,0,train
5893,Sindh,0,4,39034.03953131061,37566.75293001119,22.757849966501837,1,1,train
5894,Punjab,0,1,66668.77089964347,57347.09572433713,25.948135872163853,0,0,train
5895,Punjab,0,5,14666.16682913011,14071.197454948782,32.5397459329159,0,1,train
5896,Punjab,1,4,42442.67335062072,22333.496713994933,10,0,0,train
5897,Punjab,0,3,40355.72353305203,32197.44757034296,66.17285325301417,1,0,train
5898,Punjab,0,6,5485.533319418501,3352.4653926492892,75.89295893062744,1,1,test
5899,Punjab,0,6,9023.725526972019,8224.96205162493,66.73643924120631,0,1,test
5900,Punjab,0,5,9994.049000629744,8321.41448654877,42.88907710612454,0,1,test
5901,Punjab,1,1,23281.923479055822,19625.35574819857,10,0,1,train
5902,Punjab,1,3,11909.297942429754,13708.5060936085,19.942207314514384,1,1,train
5903,Punjab,1,4,19348.41397397444,14454.38519687249,116.94775938381171,0,1,train
5904,Punjab,0,4,89087.79968859254,74511.49506350023,161.1645508849487,0,0,test
5905,Punjab,0,3,30049.846922674587,26040.938583315827,44.332315437931385,1,1,test
5906,Khyber Pakhtunkhwa,0,4,9683.952478835015,10629.850871421102,32.20719317747478,1,1,train
5907,Khyber Pakhtunkhwa,0,5,121376.86569228744,90796.6483320624,214.2743756943217,0,0,train
5908,Sindh,0,4,12386.792415227295,8131.469844348236,33.94539954485483,0,1,train
5909,Khyber Pakhtunkhwa,0,4,14853.905066646868,11917.672956073568,66.65308528718165,0,1,train
5910,Sindh,0,6,13946.159705648497,8807.193199814446,41.03899173069701,1,1,train
5911,Sindh,1,5,24891.612501875385,22091.70884492064,85.40468696482438,0,1,train
5912,Punjab,0,8,15757.519803752288,14212.846676241765,105.5638019267851,0,1,train
5913,Punjab,1,6,85764.59493806791,59101.164985873555,114.47179507827333,1,0,train
5914,Punjab,0,7,21951.830460044355,15627.077605619348,108.44343192582605,0,1,train
5915,Punjab,0,8,50266.3194548911,43987.27853784733,143.33560016392818,0,0,train
5916,Sindh,1,1,32387.58758759836,28685.542121993174,23.325257857504006,1,1,train
5917,Sindh,1,4,19915.30642906211,13433.116773611115,95.8735366481743,1,1,train
5918,Punjab,1,5,22723.900375655554,22378.143042121468,39.72678687496055,0,1,train
5919,Punjab,1,2,23366.11053700469,21950.69715058544,10,0,1,test
5920,Punjab,1,7,14776.104980879609,10208.853735040006,15.63208956966919,0,1,train
5921,Punjab,0,3,19783.917194223086,17328.967582781188,69.42890865685474,0,1,train
5922,Punjab,0,3,58487.24899624365,42726.4949940179,90.53799846192742,0,0,train
5923,Khyber Pakhtunkhwa,0,8,17331.66515402459,15582.88489412693,61.739167333036924,0,1,train
5924,Khyber Pakhtunkhwa,1,8,22247.393999782744,16694.113559641024,87.71000710725366,0,1,train
5925,Punjab,0,3,74420.75931719305,51510.26619025052,10.742264036083284,0,0,train
5926,Khyber Pakhtunkhwa,1,5,28736.274208245813,31512.71519514328,45.69852886182112,1,1,test
5927,Punjab,1,7,54504.870437628284,36496.87464771531,130.04496111654748,1,0,train
5928,Punjab,1,3,20277.99191964573,18002.806171797303,57.92068264400698,0,1,train
5929,Punjab,1,4,82604.84002741605,65974.50268620712,112.36809000823489,1,0,test
5930,Balochistan,0,8,33791.43563984307,23633.96737761501,95.28033891355011,0,1,train
5931,Sindh,0,7,31777.266193545205,27832.88797528864,74.34081853549256,0,1,train
5932,Islamabad,1,8,43930.70210839401,34705.73728832554,122.00665266151816,0,0,train
5933,Balochistan,0,5,65820.64233321232,54240.76451240351,82.5220521493173,1,0,train
5934,Punjab,0,5,3982.9767670141455,9835.07861155578,61.416776203548466,0,1,train
5935,Punjab,1,4,78204.67471444693,66436.94021590588,67.35356906374875,0,0,test
5936,Sindh,0,5,31029.351312880844,29444.994152922583,92.62410202604488,0,1,train
5937,Punjab,1,5,26953.776915275706,21860.01808045758,74.40262688956598,1,1,train
5938,Punjab,1,6,38998.67339221593,34537.317606908386,10,0,1,train
5939,Khyber Pakhtunkhwa,0,2,12709.073907914299,9139.032829614298,34.21500089406924,0,1,test
5940,Khyber Pakhtunkhwa,1,5,7850.2067478887575,7106.937489101342,107.52282896272284,0,1,train
5941,Punjab,1,2,95646.28885819227,74127.97102134107,124.69255189609936,1,0,train
5942,Punjab,1,6,21425.970540089616,14666.079310510102,67.1595207331261,1,1,train
5943,Sindh,0,4,16303.380710233534,11678.250859901447,21.80040802073529,1,1,train
5944,Punjab,1,6,15830.788106703476,16502.6639754357,59.158615801143306,0,1,train
5945,Sindh,0,2,29733.488408918158,25713.036199941344,33.53653094853415,0,1,test
5946,Punjab,1,1,23827.792820699,27497.439680344145,10.780770973230897,0,1,test
5947,Khyber Pakhtunkhwa,0,5,9638.375765125382,7009.556568199076,72.34071203472475,0,1,train
5948,Khyber Pakhtunkhwa,0,4,32413.607401118476,34185.003352825915,14.232984861336668,0,1,test
5949,Khyber Pakhtunkhwa,0,6,18877.11730787065,15211.350660302447,113.35322274921023,0,1,test
5950,Sindh,0,3,50419.72762572434,37639.355982619236,27.626755226778364,1,0,test
5951,Punjab,0,3,29482.195637753426,31437.74591076997,47.00083346237223,1,1,train
5952,Punjab,0,9,16354.218061078387,13659.214378425251,103.82980578475446,0,1,test
5953,Punjab,1,4,143105.7130159128,122215.21250532288,198.70333292591428,1,0,train
5954,Punjab,1,2,73333.04891005151,57363.53332704003,94.67788074373897,1,0,test
5955,Punjab,1,8,9958.693093935384,8838.722715644257,118.3395969713388,0,1,train
5956,Balochistan,0,5,29569.370836095666,30803.993951748213,25.082298217667557,1,1,train
5957,Sindh,0,4,28714.782127573897,24350.853632778395,15.235956299170923,0,1,train
5958,Punjab,0,5,124317.79062556401,91018.50764218881,151.66774121090594,1,0,train
5959,Khyber Pakhtunkhwa,0,4,28820.206898857126,24351.63695808344,110.11701447299781,0,1,test
5960,Sindh,1,6,18853.173231624052,16743.47738404308,66.75568859407097,1,1,test
5961,Sindh,0,8,21771.35784207105,17855.122086403022,126.22124419642438,0,1,test
5962,Balochistan,1,5,47558.47329298272,31743.127239142483,75.07676287860983,0,0,test
5963,Punjab,0,2,27261.857574864858,26449.039043880202,60.55039415466918,0,1,train
5964,Sindh,1,4,20474.23908006617,14092.842562669146,68.77199631800903,0,1,train
5965,Sindh,0,1,11039.0568533479,17595.88713456683,77.72875133202098,0,1,train
5966,Sindh,1,4,21347.668239728588,18872.745784903298,69.68354966174654,0,1,train
5967,Punjab,1,10,61223.22742824841,41197.83157519284,151.05990821851816,0,0,train
5968,Punjab,0,8,11507.270315436812,8509.258537197204,109.25485137081449,0,1,train
5969,Punjab,0,8,18736.306842537237,15931.581412042033,97.8557722006484,1,1,test
5970,Sindh,0,8,47143.680914662764,37258.41921253317,103.0767467388426,1,0,train
5971,Punjab,1,3,32426.721039997392,23534.3867371564,10,1,1,test
5972,Khyber Pakhtunkhwa,1,6,28313.13917662411,23735.27278449822,78.486850350600335,1,1,test
5973,Balochistan,0,1,19572.04333642991,16893.989388042304,10,1,1,test
5974,Sindh,0,1,14067.27329174349,11437.641609123295,10,0,1,test
5975,Punjab,0,5,15372.777990879102,7516.476988913098,67.7758003649854,0,1,test
5976,Punjab,0,10,20810.903827566697,22008.45431948843,150.0521955860707,0,1,train
5977,Balochistan,0,10,20018.74370876141,19235.69968592985,121.73842733691991,0,1,train
5978,Punjab,1,2,58497.41570663264,43456.78159862398,71.07289196447184,0,0,train
5979,Punjab,1,5,35692.53212523595,31758.88963139369,79.43165110308975,1,1,train
5980,Punjab,0,5,18904.161925403278,18736.02645715682,39.838415772570954,1,1,test
5981,Punjab,1,6,33133.873781334485,35842.34624048476,63.94452608992495,0,1,train
5982,Khyber Pakhtunkhwa,1,5,31577.718348007667,27729.12558319453,88.21470712172774,1,1,train
5983,Khyber Pakhtunkhwa,0,8,9560.780773013037,4927.037275155744,82.94271552633623,0,1,test
5984,Sindh,0,5,23610.470700075435,19123.844703114013,41.3118973126211,0,1,train
5985,Punjab,0,3,14272.402509807827,8991.194143889057,10,0,1,train
5986,Khyber Pakhtunkhwa,1,6,21334.324950037233,20146.832632550882,94.33847781552846,0,1,train
5987,Balochistan,1,8,14183.740068507952,11425.303739425317,80.81690915200369,1,1,test
5988,Khyber Pakhtunkhwa,1,5,36497.33034170737,27122.95328900924,150.6123782717728,1,1,train
5989,Punjab,0,5,70308.47531559339,54927.77930940822,95.03327147313178,0,0,train
5990,Punjab,1,7,63520.94448830038,56666.430814453066,66.25134829958382,1,0,train
5991,Punjab,1,6,42740.391604727476,29998.52131481482,60.888641493488166,0,0,train
5992,Punjab,1,5,38689.68412892664,35652.2606654861,69.76856943941148,1,1,test
5993,Punjab,1,8,7244.636502519609,4594.499897908941,83.14947709738223,1,1,train
5994,Sindh,0,1,16023.963003016892,19622.49500736651,84.14115412092573,0,1,train
5995,Punjab,0,5,123573.48713819707,75459.28125423011,127.45378927488028,1,0,test
5996,Sindh,1,6,29668.653884374522,30371.274692679875,82.89601625888699,0,1,train
5997,Punjab,1,6,16888.53948582389,15083.961827870791,37.74855926496829,1,1,train
5998,Punjab,0,1,44738.40755598658,36499.57514989537,10,0,0,test
5999,Punjab,0,6,14140.673823691448,12123.348377157687,74.1812088980224,0,1,test
6000,Punjab,0,3,29380.901895534338,26374.885494529586,74.35744119285188,0,1,train
6001,Punjab,0,1,12905.505840964146,12380.501591925251,10,0,1,test
6002,Punjab,0,9,29425.871530296114,22372.763971014137,97.0161395210464,1,1,test
6003,Punjab,0,5,69426.87422803088,56905.55360083135,127.33185963108858,1,0,train
6004,Punjab,0,6,16185.221404413222,17764.41005979961,83.76354079925171,1,1,train
6005,Punjab,0,9,68213.04182189524,50509.962528009884,104.40860758744665,1,0,train
6006,Punjab,0,7,34466.11430668453,27381.16074470878,142.0950720561667,1,1,train
6007,Punjab,1,7,15528.216610367119,15219.088641586124,53.81352793942829,0,1,train
6008,Khyber Pakhtunkhwa,1,4,41657.76450154789,34799.924242270965,32.818823853679135,1,0,train
6009,Khyber Pakhtunkhwa,0,5,25061.697243408576,20358.65814996092,114.87036371952482,0,1,train
6010,Punjab,0,3,20319.492415728582,17235.397750145446,74.78075185933999,0,1,train
6011,Punjab,1,11,45992.14393384722,30863.672019622907,174.13265993276417,1,0,test
6012,Punjab,0,3,22516.13633195842,18657.155893389037,47.21007145036666,0,1,test
6013,Khyber Pakhtunkhwa,0,5,43774.3191062403,36880.10863101249,115.9598071647599,0,0,train
6014,Khyber Pakhtunkhwa,1,6,5642.734764209123,5829.57032546904,59.828714927324384,0,1,train
6015,Punjab,0,5,21446.748570305128,16873.195162696316,59.28160003584633,0,1,test
6016,Punjab,1,5,12476.326848984263,12518.586319262271,115.71094086664229,1,1,train
6017,Khyber Pakhtunkhwa,0,2,15089.143518201055,13102.749393232381,10,1,1,train
6018,Punjab,1,4,78043.53355644454,62585.36860610243,67.66332136684682,0,0,train
6019,Punjab,0,14,151298.68947963062,123160.47773498959,193.9157156975486,0,0,train
6020,Punjab,1,7,19570.178940561436,16826.04208273112,57.16798333837982,0,1,train
6021,Sindh,1,3,40242.19023497865,32752.44214258971,106.41329049228813,0,0,test
6022,Sindh,0,1,40631.180902097054,27965.282475748754,36.243388745388025,1,0,train
6023,Sindh,0,2,24374.631888829583,23558.11301138439,30.500183410172816,0,1,train
6024,Punjab,1,4,10115.892873251949,6149.594205087683,27.802652490927393,1,1,test
6025,Punjab,1,8,35400.39600612931,29133.380375943765,170.21690974113562,0,1,test
6026,Sindh,0,6,45483.566743595344,35632.39667395026,95.48070011862066,1,0,test
6027,Sindh,0,5,57312.83976447114,50900.30148501632,124.93837361888495,0,0,train
6028,Punjab,1,9,23761.08858268706,23048.3908383398,103.93147344463164,0,1,test
6029,Punjab,0,7,89434.93954383179,79722.96798744233,197.57018846044463,0,0,train
6030,Punjab,0,3,17182.69076739598,16704.897508236838,95.66547013363703,0,1,test
6031,Punjab,0,6,64008.99873268278,56522.012400000174,92.86585116970527,0,0,train
6032,Sindh,0,2,14262.44525893712,6336.559913953115,67.84644190585999,0,1,train
6033,Sindh,1,5,29667.50997023117,26126.153141092444,127.09880814558927,1,1,train
6034,Punjab,1,6,15879.284171999387,8711.29956093428,96.32570412849151,1,1,test
6035,Punjab,0,7,28960.42068685998,20917.525070597556,106.19545010321974,0,1,test
6036,Punjab,1,4,12524.994109071704,16266.517492588064,109.20559338931261,0,1,train
6037,Khyber Pakhtunkhwa,0,4,34002.98728298328,35114.34096743468,92.52912819449583,1,1,train
6038,Punjab,1,4,10283.058794691042,14285.10487962078,26.094165516869634,0,1,train
6039,Khyber Pakhtunkhwa,1,3,18023.006517364003,19199.810417351182,34.921074354535016,0,1,train
6040,Punjab,1,2,49333.175025130135,33871.983954780124,28.114442574773598,1,0,test
6041,Punjab,1,5,38610.26579993686,37550.343198554445,11.941663712146251,1,1,train
6042,Khyber Pakhtunkhwa,1,6,21755.555221107115,13851.088933188548,44.81751399683294,1,1,train
6043,Punjab,0,7,13496.19224978764,10628.36703452309,107.56658355899603,0,1,train
6044,Punjab,0,6,17010.750871907316,16819.820367370387,58.3560202868917,0,1,test
6045,Sindh,0,5,47428.017966470936,26689.161103311933,106.53747308041922,1,0,train
6046,Punjab,1,5,47850.22423486285,34815.86819615802,101.99634167165917,0,0,train
6047,Punjab,1,1,25433.61729000356,23303.48629134048,49.79728529362086,1,1,test
6048,Punjab,1,4,13170.649228517861,11814.099911126037,88.69351837703475,1,1,train
6049,Punjab,0,5,13062.719852698023,7365.3832484710465,48.35475593326158,0,1,test
6050,Punjab,0,3,24567.116270293718,28273.173299591494,22.705941407301058,0,1,test
6051,Sindh,1,4,38486.27576079544,34100.90226656349,69.85518435246591,0,1,train
6052,Balochistan,0,4,34377.46736489992,28011.221549112466,103.62829487169003,1,1,test
6053,Punjab,1,6,44577.84761812439,32617.381178875625,85.07009498435815,1,0,train
6054,Punjab,1,6,70664.79501256546,62156.5182893092,129.79074130520857,0,0,test
6055,Balochistan,0,6,38248.50738021287,36224.30192299001,86.33061827225902,0,1,train
6056,Punjab,0,4,10681.362195368627,10831.012560902318,46.01311325644254,0,1,test
6057,Punjab,1,7,26887.821736738442,19106.20883901,83.09645464278017,0,1,train
6058,Punjab,1,3,16377.393581490276,15887.408443661754,114.61252923973493,0,1,test
6059,Punjab,0,6,15989.53675398497,18581.002627260135,29.179680565357913,0,1,train
6060,Punjab,0,5,9373.175259012165,6948.417444569921,15.659562257411828,0,1,train
6061,Punjab,1,2,35922.49816430325,30824.239918743013,43.36147265521042,1,1,train
6062,Khyber Pakhtunkhwa,1,3,17154.893316437545,16160.512363794229,31.909655567618366,1,1,test
6063,Punjab,0,11,42340.71565629355,33526.87917801513,188.93636353498337,0,0,train
6064,Punjab,0,2,33980.36798082175,31528.012993503762,46.5158513883109,1,1,train
6065,Punjab,1,8,15378.922760072226,14970.506646563888,79.22434250464033,1,1,train
6066,Punjab,1,7,50494.40728465569,47086.74272167066,98.99684030422067,0,0,train
6067,Khyber Pakhtunkhwa,1,6,18575.30226341312,15311.72215480722,85.3912693685489,1,1,train
6068,Punjab,1,8,37962.35295629413,33066.279719719176,130.64758610589698,0,1,train
6069,Sindh,0,1,31982.471938294864,29625.74995401423,67.9289732375147,0,1,train
6070,Punjab,1,6,12158.526430233007,14565.281799518505,72.95507618994806,1,1,train
6071,Punjab,0,3,18871.277705750213,15273.809078428138,56.03082500117533,0,1,train
6072,Punjab,0,5,16943.3586082168,17993.638087369898,62.536392855931744,0,1,train
6073,Punjab,0,4,17282.066956356208,14954.765652987928,90.84951410354287,1,1,train
6074,Sindh,0,6,60748.68808800459,52825.20995071137,94.30174608932023,1,0,train
6075,Punjab,0,3,9431.16134226004,9705.988099953087,56.97985581912318,0,1,train
6076,Sindh,0,6,35714.37886458508,29887.47145862251,55.84904352791969,0,1,test
6077,Islamabad,0,2,56347.875963276325,37866.33085558434,37.0367356977205,0,0,train
6078,Sindh,0,7,6228.987164122883,3000,63.21615619786621,0,1,train
6079,Khyber Pakhtunkhwa,0,3,42380.39721935635,21870.27588542371,26.12585998918933,0,0,train
6080,Punjab,0,7,37083.3324904164,34703.822163389836,92.35360848025377,0,1,train
6081,Khyber Pakhtunkhwa,0,5,13793.215912001286,7877.756146907803,33.74193673168104,0,1,train
6082,Punjab,0,1,23160.127497747966,22481.774690209175,25.472681603762272,0,1,train
6083,Sindh,1,7,41549.883076743565,42372.21908499318,128.28264709057154,0,0,train
6084,Punjab,0,4,23572.098004672007,18314.160450493186,67.52548603041389,0,1,train
6085,Sindh,1,6,62855.559603868154,47550.5537736482,96.42634251351362,0,0,train
6086,Punjab,0,4,23311.579523163666,19802.00916031718,97.07082330016857,0,1,train
6087,Sindh,1,9,47873.10603533164,40311.827891303314,95.80581254216835,1,0,test
6088,Punjab,0,3,28316.11212687197,21393.52310581673,68.83043737043164,1,1,train
6089,Sindh,1,5,23859.020190797328,16118.100218549622,98.84975617833042,1,1,train
6090,Punjab,1,8,64653.38116252218,57164.25744973107,122.4459269399959,0,0,train
6091,Khyber Pakhtunkhwa,1,4,49426.422228695235,40650.47800154592,113.81711860194861,0,0,train
6092,Sindh,0,8,49049.81676108768,41511.23763514732,137.51829711287007,1,0,train
6093,Punjab,0,6,57718.63518825595,49721.8724636404,147.2020214239787,0,0,train
6094,Sindh,0,4,53802.622437136946,45445.024506911286,49.652612176472985,0,0,test
6095,Khyber Pakhtunkhwa,1,7,54222.4515468637,48513.24794974381,141.47162102397792,1,0,train
6096,Sindh,1,5,19772.857130173725,24491.525126249027,119.34367499984504,1,1,train
6097,Punjab,0,1,16720.404503271817,12706.565348311859,38.119809616872246,1,1,train
6098,Sindh,1,5,15181.388273522613,10278.354716463375,73.11654624444999,0,1,train
6099,Balochistan,1,3,25978.43106955379,26430.212572543413,10,0,1,train
6100,Khyber Pakhtunkhwa,1,2,16621.30251587946,14363.980039375538,10,1,1,train
6101,Punjab,1,3,25354.429439453474,23507.897170889624,22.555098293448108,0,1,train
6102,Sindh,1,4,22274.199653347303,21655.154257992086,48.611296528133174,1,1,train
6103,Sindh,1,7,38263.48639623688,36275.76605366148,74.49158746984264,0,1,test
6104,Punjab,1,6,41874.5380624574,27303.616769608125,69.9540836571404,1,0,train
6105,Punjab,1,5,19365.5060421451,16597.428530875564,23.18959667018057,1,1,train
6106,Khyber Pakhtunkhwa,0,6,26218.8003287319,22108.98473848018,66.9288388315947,0,1,train
6107,Punjab,0,3,64206.832150773815,39405.948926789766,49.6879928146751,1,0,train
6108,Punjab,0,7,7106.002413491154,7812.821840168312,71.045887183691,1,1,train
6109,Punjab,0,4,50765.664083147414,47449.08197394829,78.28907406952175,0,0,train
6110,Sindh,1,6,18403.538433543843,13113.130976448661,117.65599788124845,0,1,train
6111,Khyber Pakhtunkhwa,1,8,45978.53994440366,31305.520045511523,108.42462634083493,0,0,train
6112,Punjab,0,3,17763.534341693674,19644.465001025575,83.4565918830221,0,1,train
6113,Balochistan,0,1,17571.844895192953,15706.66278362592,52.803215871131655,0,1,train
6114,Punjab,1,5,65685.22478211203,38597.9661231287,87.97175663362398,1,0,train
6115,Punjab,0,6,18147.81988185317,13314.242886652384,69.27738311571323,1,1,test
6116,Sindh,0,4,21791.106913679945,24536.727829287316,113.39898308473491,1,1,train
6117,Sindh,1,3,52400.645817516786,46806.07067708204,74.09525394704262,1,0,train
6118,Punjab,1,4,35980.839023253866,29015.21168321179,106.09698076132338,0,1,train
6119,Punjab,1,5,10869.559637519413,10920.969956049386,97.26414434251942,1,1,train
6120,Khyber Pakhtunkhwa,0,6,10808.823338868187,7800.414997824476,61.99287823926641,1,1,train
6121,Punjab,0,6,38253.245406829075,37214.354862071574,67.74667318088902,1,1,test
6122,Sindh,1,5,28797.449778863484,25652.859802375773,31.011406250426262,0,1,train
6123,Sindh,1,13,39714.07580442843,33741.92367216818,173.97345157384595,0,1,train
6124,Sindh,0,2,49035.272083935524,36583.770866928535,33.27723642653564,0,0,train
6125,Punjab,0,4,19615.075708174565,18372.646378801954,80.73332821734662,0,1,test
6126,Punjab,0,9,15247.356449391109,14806.014432346918,62.99291642172237,0,1,test
6127,Sindh,0,2,38558.18119744758,31541.52773390097,17.3731659033688,0,1,train
6128,Punjab,1,5,12190.972973660653,7866.413197002712,25.833207898255615,0,1,train
6129,Balochistan,0,2,53016.92895379852,52344.86125990431,110.23367006881057,0,0,train
6130,Khyber Pakhtunkhwa,1,5,16215.011373100902,19814.02295924841,100.1413636518963,0,1,train
6131,Punjab,1,6,31306.249473404827,22953.590196697445,70.5944721109544,1,1,test
6132,Punjab,1,6,33614.673229588014,32569.458307386834,70.1402409370635,0,1,train
6133,Punjab,0,2,35386.506807243626,28888.55395617856,39.31434048121827,0,1,test
6134,Balochistan,0,3,12964.330486501409,9108.959043624245,26.44950092552859,1,1,train
6135,Sindh,0,5,16388.601225147893,19037.440153835287,22.659358530553305,0,1,train
6136,Sindh,1,7,24175.727483484676,18887.60340684455,67.0850796925725,0,1,test
6137,Sindh,0,4,16855.04645698311,12464.430071575402,45.63490270796615,0,1,train
6138,Balochistan,0,10,16381.247540301654,17640.47225612067,98.47433898216623,1,1,train
6139,Punjab,1,7,8523.890137516375,7967.649945490044,33.10997178041167,0,1,test
6140,Sindh,0,5,27060.16023338727,27873.929671387214,72.48287657792818,0,1,train
6141,Sindh,0,12,18408.18801496898,15598.106339583626,132.90832001802983,0,1,test
6142,Punjab,0,8,18068.648206523136,15082.465443701094,85.11141664401653,0,1,test
6143,Punjab,0,2,15404.763428033639,18355.696714905636,88.67884891271116,0,1,test
6144,Khyber Pakhtunkhwa,0,7,48884.06193901755,36199.1547764645,147.38903326836345,0,0,train
6145,Sindh,0,1,6989.601052667245,7657.710197293875,32.13373886154115,0,1,train
6146,Khyber Pakhtunkhwa,0,4,25450.654417821974,24988.871702789613,65.61125631255311,0,1,train
6147,Punjab,1,4,19366.47016973196,23759.1950330248,77.88280142825899,1,1,test
6148,Punjab,0,4,17193.500799406524,10205.731136151215,26.65727401313661,0,1,train
6149,Khyber Pakhtunkhwa,0,6,85561.59639805196,77644.0730347847,170.1661115425116,1,0,train
6150,Punjab,0,1,76689.62725382538,61295.37250276022,93.48471889921815,0,0,train
6151,Sindh,0,7,12944.265275593398,10638.162242020224,85.54897185131423,0,1,train
6152,Punjab,0,4,13649.779385622436,9015.23473057843,41.838956921070874,0,1,test
6153,Punjab,0,4,30949.95120433143,29932.319437037924,79.9270300111491,0,1,train
6154,Punjab,0,4,29542.41623275418,28951.757724324078,57.55215208901885,0,1,train
6155,Khyber Pakhtunkhwa,0,5,17535.218686368113,13266.191794045131,30.416402890389605,1,1,test
6156,Punjab,1,1,28862.592544730458,23027.558450759174,10,1,1,train
6157,Sindh,1,7,72645.61169427318,52864.799794977516,111.06785218212151,0,0,test
6158,Khyber Pakhtunkhwa,0,6,47710.82336506313,36384.50115742242,90.3730093097296,0,0,train
6159,Sindh,0,2,22724.700329881536,21091.906881851653,10,0,1,train
6160,Khyber Pakhtunkhwa,0,4,9675.0297558721,10995.44440829598,72.73724156107971,1,1,train
6161,Sindh,0,3,76209.31191664087,56145.742814995516,67.19212059282633,0,0,train
6162,Punjab,1,7,30513.593009743217,24805.655417512062,97.48958428073071,1,1,train
6163,Punjab,1,4,13101.86386108619,11851.416673110009,10,1,1,train
6164,Punjab,1,5,33430.65882967203,26387.912999894546,19.855427209500533,1,1,train
6165,Sindh,1,5,16717.94701909949,18560.38077292109,67.44248108304623,0,1,train
6166,Punjab,1,3,34633.07930080186,27809.384457738728,31.06133924174066,0,1,train
6167,Punjab,1,10,48029.66439569118,43046.45477293508,152.38154092349524,0,0,train
6168,Punjab,1,1,25384.05868819335,20132.562178152868,10,1,1,train
6169,Punjab,0,5,25476.69301355664,25986.99914834773,55.92192858423445,0,1,train
6170,Punjab,0,5,20869.602901861803,20625.993231822635,44.80106117514255,0,1,train
6171,Sindh,0,2,40638.80354941691,28270.974597928856,38.22310808047579,0,0,train
6172,Punjab,0,1,9469.102411554046,3000,10,0,1,train
6173,Khyber Pakhtunkhwa,0,3,20844.650418531106,18547.635173148614,49.91983897381612,0,1,train
6174,Sindh,0,6,72247.55713022829,63901.31848276632,158.8680284226559,1,0,test
6175,Punjab,0,7,11745.251552356685,12594.804275224953,47.60439581004609,0,1,train
6176,Punjab,1,1,40894.564302816056,24904.27004908549,19.930362656594582,1,0,train
6177,Khyber Pakhtunkhwa,0,7,12251.70041990975,13371.474762846603,124.96788106428134,1,1,train
6178,Punjab,0,4,12259.965799718138,6132.651957959478,102.70698182955306,0,1,test
6179,Punjab,1,6,34705.89706996439,31003.867867608038,106.81984875015453,1,1,test
6180,Punjab,1,4,22616.133588445424,22996.441993891953,29.600885557258646,1,1,test
6181,Punjab,1,5,146609.9619126484,125152.87065142003,151.03407754741545,1,0,train
6182,Punjab,0,2,11288.71178932261,12113.99334178445,19.19213759327203,0,1,train
6183,Punjab,0,1,69053.19038403542,50213.94885545132,46.590870692513136,0,0,train
6184,Punjab,0,5,26088.181597161438,20266.020405493193,42.01885143285149,0,1,test
6185,Punjab,1,5,31936.374832582413,30662.61798711777,127.26307344031304,1,1,train
6186,Sindh,1,5,39570.775666439076,33150.02214505154,69.41420936869746,1,1,train
6187,Punjab,0,4,56488.85812022941,49392.14871282312,104.31938540794027,0,0,train
6188,Punjab,0,5,15026.243592919474,11994.861091990224,24.636605767939116,0,1,train
6189,Sindh,0,6,60503.497764577354,53117.66042619733,183.4778767096863,1,0,test
6190,Sindh,0,3,24084.977732445048,21345.558189587835,62.64987474912661,0,1,test
6191,Punjab,1,4,16665.98448381663,19098.524586863485,66.19966050930599,0,1,test
6192,Sindh,0,8,83084.692475623,65220.24862703306,175.19910204762482,0,0,train
6193,Punjab,1,5,19684.248876981575,19475.958986807418,37.86379121616271,0,1,test
6194,Punjab,1,8,83169.86064931504,69133.66393909344,145.4960943586562,0,0,train
6195,Sindh,0,5,65365.03386263492,47624.45181694999,121.28614325913682,1,0,train
6196,Khyber Pakhtunkhwa,1,1,15306.11574354309,12536.831682280805,10,0,1,test
6197,Punjab,0,6,23642.502392458566,18465.168892123125,14.458012714308794,1,1,test
6198,Khyber Pakhtunkhwa,1,3,54254.3750807252,41909.59191107638,92.0159336255746,1,0,train
6199,Punjab,0,4,39089.730460561346,34427.43141505541,47.36441351832276,1,1,train
6200,Khyber Pakhtunkhwa,1,3,45288.319863829776,39233.535010114305,81.93093349219954,1,0,test
6201,Khyber Pakhtunkhwa,0,6,40496.638862779335,39301.328149804525,108.67430984312537,0,0,train
6202,Sindh,1,3,68702.45985559795,56902.731846591254,65.67909714054608,1,0,train
6203,Punjab,1,5,34296.24332180403,26147.900876615648,88.6001403122255,1,1,train
6204,Balochistan,1,2,23356.606471219067,16441.608967299697,56.13233895757622,1,1,train
6205,Khyber Pakhtunkhwa,1,3,50743.7897364299,36464.726587498066,77.96900200787786,1,0,train
6206,Khyber Pakhtunkhwa,0,11,16112.878483232145,17852.261208445554,78.99753462357958,0,1,train
6207,Khyber Pakhtunkhwa,0,6,18901.194180926384,11738.88243187438,147.99479136188978,0,1,test
6208,Sindh,0,2,36612.03422534586,26763.67076653445,10.109067916674526,0,1,train
6209,Khyber Pakhtunkhwa,1,4,30659.5247002385,32683.91242746868,35.554759753109025,0,1,test
6210,Punjab,1,6,18677.63438605971,15434.44550374433,62.10923496850105,1,1,test
6211,Punjab,0,7,19538.62124358875,13483.209177409075,43.118080903321754,1,1,train
6212,Punjab,0,5,51838.80041197124,46227.686199979304,42.09098886640052,0,0,train
6213,Khyber Pakhtunkhwa,0,6,47510.7044578723,26873.772220267623,85.11312114707746,0,0,train
6214,Sindh,1,3,22241.0383694826,24346.487213644068,10,1,1,train
6215,Sindh,1,5,61892.770339740615,47851.87200891448,93.78550747760568,1,0,train
6216,Punjab,1,1,6826.586294706949,3246.2576356906584,10.357198367775322,0,1,train
6217,Punjab,0,4,12718.289094535163,14272.025580464107,27.19103548135061,0,1,train
6218,Balochistan,0,8,21856.37066453761,22864.35394447588,105.49164252256084,0,1,train
6219,Sindh,1,5,19857.210939608507,17376.763310028884,79.7933841273739,1,1,train
6220,Sindh,0,2,42464.46492398088,34648.86332059734,69.58991506290839,0,0,train
6221,Sindh,0,2,11436.101213626298,11179.79170746262,12.22347223322786,1,1,test
6222,Punjab,1,6,18817.336795259966,13884.693616552568,36.363695145415285,1,1,train
6223,Punjab,1,4,15387.467762377211,11292.527957227374,62.52408862632269,0,1,train
6224,Punjab,1,2,61894.16955447833,44419.34603926444,60.71328574087066,1,0,test
6225,Punjab,1,6,23051.42859484599,18675.73838387537,63.61782837229065,0,1,train
6226,Khyber Pakhtunkhwa,0,8,21669.19564287374,15914.228362323764,62.36250145612724,1,1,train
6227,Punjab,1,6,39166.56559902863,35839.74279197815,75.5670442031958,0,1,train
6228,Sindh,0,7,9495.1383364677,7706.06851937796,45.495215839697245,0,1,test
6229,Sindh,0,6,40554.92252887971,31375.92349669208,41.393058279802325,1,0,train
6230,Punjab,1,6,18307.178373208848,21447.755388090594,10,1,1,train
6231,Punjab,0,5,45943.38473804847,32930.701800772615,80.90803906600134,0,0,test
6232,Punjab,0,3,26248.319747144466,24481.659511062702,60.82891925869805,0,1,train
6233,Punjab,0,4,20457.42628450436,22003.547237285176,62.60344438160214,0,1,train
6234,Punjab,0,6,66458.94522459063,45392.060302913764,105.61223430678827,1,0,train
6235,Sindh,0,2,25873.48603598374,21679.6123073142,39.814700104816,0,1,train
6236,Sindh,0,3,22943.787453166624,21480.61816458899,50.70312302932732,0,1,train
6237,Punjab,1,6,31760.12838037374,26027.372698062714,138.69773768939032,1,1,test
6238,Sindh,0,3,67313.65090613591,50217.18572209322,119.89969958231458,1,0,test
6239,Sindh,1,6,17044.106948700464,10326.37914349448,56.7691681704581,0,1,train
6240,Khyber Pakhtunkhwa,1,5,30410.36819446996,23871.407902243533,84.99770287643082,1,1,test
6241,Punjab,1,6,24154.56776457531,23393.876370180136,104.88180435707288,0,1,train
6242,Balochistan,0,5,39036.39119725765,34852.58202091953,94.80541453524351,1,1,test
6243,Punjab,1,2,41706.67241443139,35918.699720601006,65.6863324357254,0,0,train
6244,Punjab,0,6,17316.498903661086,17501.48877685966,50.65061034608568,0,1,train
6245,Punjab,0,4,20695.17697663509,19896.36191894292,73.6839303448156,0,1,train
6246,Punjab,0,7,52022.70178560081,45717.786104888364,64.38732382408584,0,0,train
6247,Punjab,1,2,67040.40957161105,53260.997551358196,77.59185077015695,0,0,test
6248,Punjab,1,3,39088.13378414947,35706.664837327,84.22017681466696,1,1,train
6249,Sindh,1,3,9027.681243461047,9601.808810564544,60.8468153646069,0,1,train
6250,Sindh,0,4,33398.71495122902,24858.122997541013,69.43165086136229,0,1,train
6251,Punjab,0,6,18617.181689888504,16581.345972768344,47.20930014563144,0,1,train
6252,Khyber Pakhtunkhwa,1,4,50224.217514700504,37410.62377693648,71.56193032944464,1,0,train
6253,Punjab,0,1,38954.02594261834,40031.81826127152,30.12780053627799,1,1,train
6254,Punjab,1,3,54479.22839081602,36295.160627110075,106.754327262603,0,0,train
6255,Punjab,0,6,10401.917034124872,10932.995705454845,64.02661485306638,0,1,train
6256,Sindh,0,2,42941.686220577445,42229.802768744106,19.915368946791304,0,0,train
6257,Punjab,1,1,79932.32690889822,61532.29690241942,145.90624657845456,1,0,train
6258,Islamabad,1,7,31565.62302615184,29972.259252974196,77.43058352214302,0,1,train
6259,Punjab,1,4,15748.247916957996,12391.605923997911,123.62536566277763,1,1,test
6260,Punjab,0,8,48664.39061468464,38937.2278533586,131.1654875226548,0,0,train
6261,Punjab,0,4,62582.7656277895,43583.27506277553,120.41038444809318,0,0,train
6262,Punjab,0,6,48971.872907591845,40713.22544898399,106.68926528901675,0,0,train
6263,Punjab,1,2,50288.619905445186,41046.4871865717,53.51885529953096,0,0,test
6264,Punjab,1,3,64215.78464406818,48653.62252486768,103.1605659318603,0,0,train
6265,Punjab,1,7,60913.33249339053,36273.34336247864,119.70438009948356,1,0,test
6266,Punjab,0,9,17996.90236740298,13389.991869250833,71.22991733659438,0,1,test
6267,Punjab,0,3,32401.161523245166,33889.5201850941,84.56859290076173,0,1,train
6268,Punjab,1,6,12587.948329858757,10804.250103569635,89.77519942258701,1,1,train
6269,Sindh,1,6,22699.042656113685,23974.687527596525,11.45298164299767,0,1,train
6270,Balochistan,1,2,25361.423424214136,24362.907070727535,35.78493459975773,1,1,test
6271,Punjab,0,5,41525.85591902665,34939.13880225249,34.16580125273734,1,0,train
6272,Punjab,1,8,14595.798300188777,13913.85478916298,56.95517542006684,0,1,test
6273,Punjab,1,7,16433.588780091046,13034.782915717122,77.31489515444916,0,1,train
6274,Khyber Pakhtunkhwa,0,6,47855.16069628817,46097.82995898928,97.1156371844317,1,0,train
6275,Khyber Pakhtunkhwa,1,8,15397.548651857891,13973.598422310572,99.22186639489495,1,1,test
6276,Sindh,0,6,32766.93259992486,28584.667291985228,45.13815560846321,0,1,train
6277,Sindh,1,4,26878.899114520857,23650.59997297482,62.73016499853238,0,1,test
6278,Sindh,0,5,7792.4770282927375,6673.757301444473,112.97967564300103,0,1,test
6279,Punjab,0,7,34401.924310684895,31270.28573088789,82.39285575456431,1,1,train
6280,Punjab,0,4,51806.78084245588,44412.929653898806,122.10745926947122,1,0,train
6281,Khyber Pakhtunkhwa,0,10,26946.353905137166,19265.453236665602,82.59256557189556,0,1,train
6282,Punjab,0,7,20857.305464919835,12735.092967497156,68.95151177301835,0,1,train
6283,Punjab,0,7,41604.01201164372,29440.686611707973,84.99575042341591,0,0,test
6284,Sindh,0,6,27955.02110823574,28187.99976500377,64.20231632115082,0,1,train
6285,Punjab,0,6,17393.753723327012,16359.737829870584,132.23891328908547,1,1,test
6286,Sindh,1,6,26094.779730507704,23006.88922857356,96.90518325825454,1,1,train
6287,Sindh,0,6,72167.66832175835,58665.99144127926,49.00187730549881,0,0,train
6288,Punjab,1,2,62134.98206523698,54794.88490123467,84.41350306207607,0,0,train
6289,Sindh,0,4,17884.32523223152,16154.720233952054,67.01195369839601,0,1,train
6290,Punjab,0,10,50642.021685727945,26505.832769687662,147.85993530246432,0,0,train
6291,Punjab,1,3,36791.36403742926,37238.374794775824,48.189153704520734,0,1,train
6292,Khyber Pakhtunkhwa,1,7,21870.100026949553,22131.52943548002,97.22427971383489,1,1,test
6293,Punjab,1,3,38914.6488705911,24688.91783948261,102.638372404953,1,1,train
6294,Punjab,0,2,3391.0555151273584,3000,21.546917072733034,0,1,test
6295,Sindh,0,4,30248.744501458605,27802.892129153457,47.16617541120176,0,1,train
6296,Sindh,0,3,19781.592460896678,15931.724312366041,49.046453635168284,0,1,test
6297,Khyber Pakhtunkhwa,1,3,60270.33916788193,41977.97484770297,85.31370424882991,1,0,train
6298,Punjab,0,8,37391.832775211435,39323.225202098496,65.71790840000875,0,1,test
6299,Punjab,0,5,67068.96874760531,52457.48152755403,105.13564722850032,0,0,test
6300,Khyber Pakhtunkhwa,0,5,75025.8388561307,58550.381560223235,164.4130485353254,0,0,test
6301,Khyber Pakhtunkhwa,0,4,6008.367324169486,7722.918974257394,79.30108151034074,0,1,train
6302,Punjab,0,6,16327.105918448422,14067.682387907502,120.58140968804321,1,1,train
6303,Punjab,1,3,23141.109011904602,20485.87045965739,10,1,1,train
6304,Punjab,1,4,13055.439337709015,12417.309731973584,75.23848850276418,0,1,train
6305,Balochistan,1,3,19689.524295932668,18187.709646987376,49.15775624286109,0,1,train
6306,Khyber Pakhtunkhwa,1,3,18767.62555810384,15636.364887551981,65.81636611776287,1,1,train
6307,Khyber Pakhtunkhwa,1,4,12282.452980090386,9617.597013141594,51.40512998126889,0,1,test
6308,Punjab,1,6,24855.24341110248,24357.856306118225,146.96610991231455,0,1,train
6309,Punjab,1,4,19033.84497116912,15768.147713047782,82.91161020700443,0,1,test
6310,Khyber Pakhtunkhwa,1,4,22453.086899377562,13976.923114597263,51.49780555802537,0,1,test
6311,Punjab,0,2,22652.58700509156,18214.361932816042,15.453835915639846,1,1,train
6312,Balochistan,1,5,19880.77008348149,14991.088656841963,38.21246510798714,0,1,train
6313,Punjab,0,1,17531.812917027502,14309.788022727273,10,0,1,test
6314,Punjab,0,7,14652.354817850879,12846.939417742937,86.8790924009483,0,1,train
6315,Punjab,1,5,76204.05391558171,61183.46917782813,118.50400177180634,1,0,train
6316,Sindh,0,4,43654.01676510208,38047.86038924192,115.25893589665826,0,0,test
6317,Khyber Pakhtunkhwa,0,8,35566.32121146494,33659.75869220368,117.22225485319049,0,1,train
6318,Khyber Pakhtunkhwa,0,4,41293.23739122425,28350.03582424394,82.51369526799057,0,0,train
6319,Sindh,0,11,50939.45168985546,43677.59969930733,120.84115221418676,1,0,train
6320,Sindh,0,6,88084.39201044396,57449.17246871429,73.95581184064395,0,0,test
6321,Punjab,1,1,31896.59929440122,27049.97184373698,56.25091190509357,0,1,train
6322,Khyber Pakhtunkhwa,0,4,23114.836366225485,20167.604071882506,111.58173424855038,0,1,test
6323,Sindh,0,3,21797.293004068535,23328.89321026761,94.62345112495802,0,1,train
6324,Punjab,0,9,76203.93485796294,61353.64639776616,160.32348744734566,0,0,test
6325,Punjab,0,7,47712.45137513272,32061.12432310115,67.76351426182373,0,0,test
6326,Balochistan,0,9,26839.978661463156,28453.77816553304,106.47291282366272,0,1,test
6327,Punjab,1,5,12932.828111630175,8085.775093408259,24.708927217104197,1,1,train
6328,Punjab,1,5,50480.56927645793,46668.81731820132,43.23495334332073,1,0,test
6329,Khyber Pakhtunkhwa,0,4,10937.122174752432,9737.239441999234,70.085047495466,0,1,train
6330,Punjab,0,3,24382.50190600612,16465.237048666557,51.26411586350203,1,1,train
6331,Sindh,0,6,45869.1129339904,33630.33435491735,81.03292257583213,1,0,train
6332,Punjab,1,4,23362.424594431053,22204.69265415331,63.12806684248023,0,1,train
6333,Punjab,0,7,39146.75764490266,35398.16763563754,122.37282854225248,0,1,train
6334,Sindh,0,3,17132.73210724601,11071.263798757049,42.229131993577504,0,1,test
6335,Khyber Pakhtunkhwa,0,6,28554.343586103878,21242.585534008635,94.27532912863016,0,1,train
6336,Khyber Pakhtunkhwa,0,5,14401.413457835053,13828.297599644275,64.37564877078412,0,1,train
6337,Punjab,1,2,31472.590490315848,26942.517777615038,53.398694073442485,1,1,train
6338,Balochistan,0,1,46576.87812648618,38539.9211068297,128.31427041575432,1,0,test
6339,Punjab,0,9,20316.677807493357,18217.959110895015,115.99716515309377,0,1,train
6340,Punjab,0,6,29753.121602615854,26764.23780948713,10,0,1,train
6341,Khyber Pakhtunkhwa,1,5,16772.81985558926,16607.655393943976,66.75839166751912,1,1,train
6342,Balochistan,0,2,11196.18178799554,12092.463513694009,69.1274305059168,0,1,train
6343,Punjab,1,15,59837.264519661905,50148.933640876894,170.12008616893138,1,0,train
6344,Sindh,0,3,54495.89558424406,44453.458100964825,104.42371615854435,1,0,train
6345,Sindh,0,5,43507.40325348941,39891.36459143687,70.36271596685755,0,0,test
6346,Punjab,1,4,16479.844759504023,13770.525208663808,58.82186484252621,1,1,train
6347,Punjab,1,7,54760.954732934704,44343.58482115706,91.56454781146877,1,0,test
6348,Khyber Pakhtunkhwa,1,5,46320.02090388719,40864.97109108812,142.6838500217749,0,0,train
6349,Punjab,0,6,18247.725694701272,15984.127359742653,79.58535061562114,0,1,train
6350,Khyber Pakhtunkhwa,0,2,25117.507196547715,20199.032453779208,76.51652141302218,0,1,train
6351,Sindh,1,4,49664.45731556194,43522.76355329045,96.84151515613623,0,0,train
6352,Punjab,1,2,14585.946705278508,13542.751914308763,10.409752329232877,0,1,test
6353,Punjab,1,8,22197.223825228524,18682.914503258897,145.5889194768717,1,1,train
6354,Punjab,0,3,8643.102522434967,5275.381641423541,17.624596235656703,1,1,train
6355,Punjab,0,6,11990.735429051452,9753.536528046894,73.97632618387723,0,1,train
6356,Sindh,1,4,34646.31387564853,30895.58178438622,100.36306607847591,0,1,test
6357,Sindh,0,3,24298.090943985986,19744.751139150187,32.34406758043281,0,1,train
6358,Sindh,0,4,10407.92513650709,7915.977966784889,88.52552806769495,0,1,train
6359,Punjab,1,3,34832.26308692128,29064.95831539773,52.06546394140178,0,1,train
6360,Punjab,1,5,31093.950712337104,25632.321479814287,126.1650469121142,0,1,train
6361,Punjab,0,2,32300.267850719112,27452.260451661306,62.45007741975627,0,1,test
6362,Punjab,0,2,21060.060071733787,22287.306472123324,10,0,1,test
6363,Khyber Pakhtunkhwa,0,2,23726.94899042765,24950.0815239676,30.754726590140848,0,1,test
6364,Khyber Pakhtunkhwa,0,5,8577.737463188909,8306.179109145773,75.39151583095894,0,1,test
6365,Punjab,0,5,14336.95770093772,18128.751887404273,10,0,1,test
6366,Balochistan,0,2,22360.362338069124,21618.330150474354,85.46697109007317,0,1,train
6367,Punjab,1,3,28497.630392051782,23023.629485973084,90.79173071785291,1,1,train
6368,Punjab,0,3,72614.84299703754,48979.819158104576,93.28296825401218,1,0,train
6369,Punjab,1,7,33303.7298573283,29741.16451219023,52.79416798361565,0,1,train
6370,Khyber Pakhtunkhwa,1,5,26183.973395044442,23917.981271355628,112.91396242041566,1,1,train
6371,Punjab,1,4,39244.41470989336,33814.8822491578,70.18965351077101,1,1,train
6372,Punjab,0,5,18914.164056834277,11616.358585993756,56.28704344323048,0,1,train
6373,Punjab,0,6,20844.266826810686,14888.279999568524,36.015973650678546,1,1,test
6374,Punjab,0,5,12810.007886194879,16859.886894568866,44.42212358213061,0,1,train
6375,Punjab,1,3,40855.92859724486,30844.534030232026,86.3116786800154,1,0,train
6376,Sindh,0,7,64512.51847207234,57573.723000203696,171.35506299449872,0,0,train
6377,Punjab,1,1,47236.62852813608,34909.075206235895,20.789349159630426,1,0,train
6378,Sindh,1,3,8063.289940304262,7835.2976483059465,18.92082270932355,1,1,train
6379,Khyber Pakhtunkhwa,1,6,11500.299350879819,10987.736070899835,93.57183310777721,1,1,train
6380,Punjab,0,5,15656.24722033021,8658.282458358393,42.138518478081494,0,1,train
6381,Punjab,1,5,68894.23962147774,69546.6308628282,142.01233777577337,1,0,train
6382,Punjab,1,5,80934.5313706848,67430.82175539565,181.07493448953892,1,0,train
6383,Sindh,0,7,26005.363610234337,22662.471268691053,104.81950568087893,0,1,train
6384,Punjab,0,7,29334.783413127036,23923.17487272606,96.34515020787376,0,1,test
6385,Punjab,1,4,75859.58036454221,69766.27370819275,133.64341517335387,0,0,test
6386,Punjab,1,11,22631.395179786578,15855.601167113424,100.599916612813,0,1,test
6387,Balochistan,0,3,25440.91811164755,25975.201311479803,37.709594820249876,0,1,test
6388,Punjab,0,7,10731.540846783848,7536.501950795704,100.83213953817071,0,1,train
6389,Sindh,1,2,37033.27293736809,34018.60206460492,40.398093952814776,1,1,test
6390,Balochistan,0,4,85167.72904532847,61362.86183648563,131.889966748977,0,0,train
6391,Punjab,0,7,23862.55799274754,24306.3556145384,96.74472238385731,1,1,train
6392,Punjab,0,6,14453.635421339633,12488.37943978939,133.31055158877948,0,1,train
6393,Punjab,1,3,70465.5571403775,49413.861292642214,92.44076584770276,1,0,train
6394,Punjab,0,3,34080.40713000326,27547.976055687337,45.56355566713175,0,1,train
6395,Punjab,0,4,60850.90679187749,42613.583353771566,91.87464183642733,0,0,test
6396,Punjab,1,2,23264.54919177479,19422.589588310988,14.425454593904128,1,1,train
6397,Punjab,1,4,30972.712506689495,28125.591303745266,64.74056581855514,0,1,test
6398,Punjab,0,7,60217.899632721164,39787.297500063745,134.37353820515952,1,0,train
6399,Sindh,1,2,63535.447919028535,52757.99952464919,47.17855081079087,1,0,train
6400,Punjab,0,5,9277.552223979224,8721.371923715837,80.28834410397405,0,1,test
6401,Punjab,1,1,29628.7800246582,22514.121172930056,80.19256703308386,1,1,train
6402,Khyber Pakhtunkhwa,1,5,55611.122604682394,35435.23521087564,127.67504629939555,1,0,train
6403,Sindh,0,4,20441.777627475465,18548.947509519763,29.354838420927013,0,1,train
6404,Punjab,0,3,14234.903334723083,10821.70853892265,10,0,1,test
6405,Khyber Pakhtunkhwa,0,5,9738.994930309032,7722.0053814477305,112.26984137573183,0,1,train
6406,Khyber Pakhtunkhwa,0,5,12764.719518871341,12520.243825279304,29.21429169579762,0,1,train
6407,Punjab,1,4,29258.23589712949,22929.73506346614,86.14834798475957,1,1,train
6408,Balochistan,1,2,37646.96354021709,33323.281888751575,39.10731509823066,1,1,train
6409,Punjab,1,6,9567.8696251833,6212.370865292707,81.01670227028272,1,1,train
6410,Punjab,0,2,17694.053537440926,11755.429064748121,38.2268633171265,0,1,train
6411,Sindh,0,5,11671.385322820195,13244.583728778576,105.30429426517469,1,1,train
6412,Punjab,0,4,24602.53504981524,22132.867775068735,10,0,1,train
6413,Punjab,1,6,43578.35624126465,31700.537598301016,92.68759517891243,1,0,test
6414,Punjab,1,2,16239.075169001604,10852.128586910247,28.13922334524301,1,1,train
6415,Balochistan,1,2,13600.75022279658,14777.728271073334,38.15211821904086,1,1,test
6416,Khyber Pakhtunkhwa,1,8,69794.86102674186,56028.60480463757,111.05306463167322,0,0,train
6417,Sindh,0,4,12804.153227181878,11466.934794961297,32.15068092428115,0,1,train
6418,Punjab,1,4,22452.692581729505,14468.238668432385,62.67542545260944,0,1,train
6419,Balochistan,1,6,37146.79455071503,30093.83351462296,92.85210214027668,1,1,test
6420,Punjab,0,5,27843.986676532273,23104.358405575655,38.30464410916056,0,1,train
6421,Punjab,1,5,13611.455001286262,13829.64381357532,19.344334358235947,0,1,train
6422,Punjab,1,3,70288.83614656639,55875.832008383346,65.84985311094624,1,0,train
6423,Khyber Pakhtunkhwa,1,8,12639.185156537673,7463.060218330747,103.71051805820265,1,1,train
6424,Sindh,1,2,65202.24319007416,49531.688866221644,121.2796454531427,0,0,test
6425,Khyber Pakhtunkhwa,0,6,33203.62646965537,28234.12835795932,25.215644923918283,1,1,test
6426,Punjab,0,7,18622.399861510654,15162.206042619402,107.64656510798507,0,1,train
6427,Sindh,1,6,49400.51390958397,34728.27589854889,161.46492801884563,0,0,train
6428,Sindh,1,3,64914.40237057306,43671.32664011474,54.95324894466612,0,0,test
6429,Balochistan,0,7,40047.95327537078,35215.23733991746,117.50520760590739,1,0,test
6430,Khyber Pakhtunkhwa,1,6,60389.765698261705,41658.915992216986,139.61555997197905,0,0,train
6431,Khyber Pakhtunkhwa,0,5,29785.38427965032,25043.88181754915,58.218178326058464,0,1,train
6432,Punjab,0,6,11390.693298819679,11133.28859737244,43.52077464509384,0,1,train
6433,Khyber Pakhtunkhwa,0,4,34351.65897977221,30481.343235628126,118.62063089044983,0,1,train
6434,Punjab,0,4,37193.77717737261,30997.627155686885,20.59681139841181,0,1,train
6435,Khyber Pakhtunkhwa,0,7,94461.294944504,76869.27383596127,132.40947801992905,1,0,train
6436,Punjab,0,7,7530.103580885551,5876.680847650041,35.85288307853648,0,1,train
6437,Punjab,1,5,5600.86961224767,6311.995957777409,83.34631900745512,1,1,train
6438,Punjab,1,6,20705.415697110933,16547.694658222183,47.25439781151843,0,1,train
6439,Sindh,0,9,19259.471078389743,21124.755327822902,144.0818298383639,0,1,test
6440,Khyber Pakhtunkhwa,1,11,25337.130637370665,22049.41069041235,130.81977645582083,0,1,train
6441,Khyber Pakhtunkhwa,0,5,12408.333735821148,7484.283322935176,51.58155138022291,0,1,test
6442,Punjab,0,5,33684.7509627091,32639.777454042403,48.715678679009514,0,1,train
6443,Punjab,0,2,50731.247279205265,46727.96532049095,73.30517313083811,0,0,train
6444,Punjab,1,5,33216.471692851424,30915.583281707095,87.33322592284942,1,1,train
6445,Khyber Pakhtunkhwa,0,6,54691.627607166105,46681.76468130378,104.78237157212524,0,0,test
6446,Punjab,0,4,27594.10781946011,23685.339313561166,10,0,1,train
6447,Punjab,0,1,44074.95344447077,37107.6034506958,25.701431991996316,1,0,train
6448,Khyber Pakhtunkhwa,0,2,50580.646636426376,45230.564854638906,84.2871992033494,1,0,train
6449,Punjab,0,4,26448.045333088852,22385.126588490682,49.17603817560168,1,1,train
6450,Punjab,1,5,16231.850032874197,13625.036655603411,85.29806945871552,0,1,train
6451,Punjab,0,6,44710.20781366733,38370.50675606561,132.48448037393058,0,0,train
6452,Punjab,1,2,42321.13119051167,34034.747290022504,32.76231478252234,1,0,test
6453,Punjab,1,5,22090.170056766612,20469.4613805569,76.05677558084196,0,1,test
6454,Punjab,1,5,54579.62154500432,40133.12302781998,117.20451838074526,0,0,train
6455,Punjab,1,10,27854.360079993163,24369.822032879485,121.34252566381448,1,1,test
6456,Punjab,0,6,30897.665131259593,24263.69541530092,62.48856874106808,0,1,train
6457,Khyber Pakhtunkhwa,1,5,13232.105800514282,17031.805465249152,68.13770326527673,1,1,test
6458,Punjab,0,3,155907.23196678507,101301.06601529359,134.50027481428316,0,0,test
6459,Punjab,1,6,29629.44141303514,26664.04034333747,74.40497384109908,1,1,train
6460,Punjab,1,3,39459.981982713136,33341.12480554904,72.81451318521225,1,1,test
6461,Khyber Pakhtunkhwa,0,4,20672.89237064003,15971.10761599718,83.57647008441606,1,1,test
6462,Punjab,0,11,15586.536848210813,13207.393647548693,149.04046910037542,0,1,train
6463,Sindh,0,3,27913.291855723106,22943.879530249644,70.38342703222962,0,1,test
6464,Punjab,1,5,37706.64657702634,36219.759786791496,56.08514670402863,1,1,test
6465,Punjab,0,7,14462.970884355738,15188.922562353422,72.90770153941311,1,1,train
6466,Punjab,0,8,87349.31372132253,63031.52758771049,139.77397088035872,1,0,test
6467,Punjab,0,6,94456.29665017276,67358.41757284617,151.9058528772444,0,0,test
6468,Khyber Pakhtunkhwa,0,4,12930.46984479959,10889.883883272305,63.64444340397927,0,1,train
6469,Sindh,0,5,55816.42868032532,37471.00662535515,73.63302618704104,0,0,train
6470,Punjab,0,10,37110.82225417289,34720.986609512845,141.7835408903456,1,1,train
6471,Punjab,0,4,106449.86102073756,78340.78645286086,123.95111330595115,1,0,train
6472,Sindh,1,3,16452.51155944846,11119.552422804529,118.37712880787497,1,1,train
6473,Khyber Pakhtunkhwa,0,6,18204.53347378291,12123.939856999388,95.73531282431665,0,1,test
6474,Punjab,0,5,18514.73894780652,17890.007219303043,30.71735061829152,0,1,train
6475,Sindh,0,7,33665.15438321479,35082.354536787316,33.29016202383005,0,1,train
6476,Sindh,0,4,36217.043388484795,29777.70715761502,56.010481801876935,0,1,test
6477,Punjab,0,5,46846.15752409091,41194.33507385193,84.8055603859581,0,0,test
6478,Sindh,0,4,60559.30177665412,39699.136164752206,104.85959940722849,0,0,train
6479,Punjab,1,5,18401.650812950695,19446.405594365362,102.00043187765735,1,1,test
6480,Sindh,0,3,69897.33563714976,53992.39339876171,130.49055372048812,0,0,train
6481,Khyber Pakhtunkhwa,0,6,12907.386932594613,8985.757432370565,56.1247608835683,0,1,train
6482,Punjab,0,4,69343.4342624268,52126.46760158376,135.21470504520477,0,0,train
6483,Punjab,1,4,43579.34332250182,38571.57192677189,124.41329238202374,1,0,train
6484,Punjab,0,5,20910.893342407755,18219.745520085697,64.46978996090706,0,1,train
6485,Punjab,0,3,105912.48483945194,69429.83665497038,119.03218589849084,0,0,train
6486,Punjab,0,3,31799.214816820262,31544.427416182658,37.20663143624794,0,1,train
6487,Sindh,0,8,28543.263103412137,27057.979542129073,51.568927338663514,1,1,train
6488,Punjab,0,4,16664.439942793575,22531.632808932998,109.38147464521326,1,1,test
6489,Sindh,1,6,84613.44061738622,58495.365545298395,82.3830575729264,1,0,train
6490,Punjab,1,2,46511.428374508076,32404.491156883443,63.63792147454464,1,0,train
6491,Punjab,0,6,50850.71069851031,38727.62971268066,122.0698187494317,0,0,train
6492,Sindh,0,7,29288.620283804365,25764.08289695987,87.26538412221775,0,1,test
6493,Punjab,1,3,31198.78498239374,30545.29028894285,64.04064021151675,0,1,test
6494,Khyber Pakhtunkhwa,1,4,14047.310990275122,14579.493533437346,18.08321417935003,0,1,train
6495,Sindh,0,5,23787.35868794343,17730.038040485466,42.02121303129093,0,1,train
6496,Sindh,1,5,43532.17127074237,34589.55375791448,80.07782324830139,1,0,train
6497,Punjab,1,4,34098.93517274299,27439.44945539642,94.32740835385547,1,1,train
6498,Punjab,1,1,75485.78473964342,60051.98695051761,34.068489974085836,0,0,train
6499,Sindh,1,3,23365.34799840628,18300.371220646688,93.53139481672913,0,1,test
6500,Sindh,0,9,41480.6294813118,24973.887478164383,109.5202810947946,0,0,test
6501,Punjab,1,3,34995.50285855325,33775.11865036498,10,0,1,train
6502,Khyber Pakhtunkhwa,0,3,60260.62972618738,44694.97385721715,125.16947171503702,0,0,test
6503,Punjab,0,2,74652.70242744025,68627.01355871804,116.10623901862823,0,0,train
6504,Punjab,0,10,56646.83636000623,44231.44468402383,125.85775587731933,1,0,test
6505,Sindh,0,5,45282.8396309132,37470.840505635184,138.35849004673767,1,0,train
6506,Punjab,0,8,27527.441564765784,24888.58062464429,61.549261714392095,0,1,train
6507,Punjab,0,4,33185.71895195759,28805.116456977372,66.66015663518093,1,1,train
6508,Sindh,1,4,61485.80245674666,50724.871046688015,74.76652089285797,1,0,train
6509,Punjab,1,2,14301.942529821108,14921.102190380801,16.547849622011455,0,1,test
6510,Punjab,1,1,12496.236814538386,7867.388826754908,15.684872222252595,1,1,train
6511,Punjab,1,6,22221.64589981217,23098.431133844322,110.976186034217,1,1,test
6512,Punjab,0,3,66608.77978198271,47820.7028351923,65.58260295509646,0,0,test
6513,Punjab,1,2,51967.568616905395,41787.749899100985,72.2442595803735,1,0,train
6514,Khyber Pakhtunkhwa,1,4,13184.784852307575,14630.484140859086,56.160030848039355,0,1,train
6515,Punjab,0,4,218889.8772303249,161569.36618848034,201.88484662107226,0,0,train
6516,Khyber Pakhtunkhwa,0,5,29698.62877423308,26189.194061699127,101.16841454425716,0,1,train
6517,Punjab,0,2,39219.63603948416,30748.485326497317,49.50714302851902,1,1,train
6518,Punjab,0,9,34655.51192339035,24781.575042093475,113.18735751320202,1,1,test
6519,Islamabad,0,6,42460.495015683315,32786.27873809138,133.9466392558195,1,0,train
6520,Khyber Pakhtunkhwa,0,8,44500.05813255155,41132.26965076195,133.39138622842233,1,0,test
6521,Sindh,1,7,69841.7325189189,46140.31759714624,141.79854980530075,1,0,train
6522,Punjab,0,4,36003.46600254499,31137.727105906753,52.42574479408823,1,1,train
6523,Sindh,1,6,40950.2545367749,35158.260266013785,46.09426213791562,0,0,test
6524,Punjab,0,5,27583.68625932156,26355.65402172944,80.94418583434447,0,1,train
6525,Sindh,0,10,60016.76458634099,50366.28161597254,159.6165022675358,0,0,train
6526,Punjab,0,7,25470.232515424268,24566.11579108696,90.62303869995038,0,1,test
6527,Punjab,1,1,17083.407499337616,18414.4784510304,10,1,1,train
6528,Punjab,1,2,14384.305774696792,12850.38981794256,55.52869729055719,0,1,test
6529,Punjab,1,4,25059.61630705177,26528.532796925847,35.137240122107116,0,1,train
6530,Sindh,0,7,12052.865086924852,9396.681875863867,83.97314516652318,1,1,train
6531,Balochistan,0,8,29094.122450764007,22751.6761140081,84.4166648409946,1,1,train
6532,Punjab,1,7,80666.94069929552,60742.12146656177,151.64731793170705,1,0,train
6533,Punjab,1,6,12139.050162341966,12005.184423105336,76.88093440641391,0,1,train
6534,Punjab,0,5,18115.849221466313,12968.336766962717,58.53633082414035,0,1,train
6535,Punjab,0,4,27387.974922052,19496.476346301235,62.765531087779884,1,1,train
6536,Sindh,0,3,190705.19301362117,161992.28535817322,157.8276104880207,1,0,train
6537,Punjab,1,5,72496.6460818523,61723.270807320645,121.31315451200841,1,0,test
6538,Punjab,1,8,25875.447576617313,22813.770757130806,125.60373993118867,0,1,test
6539,Khyber Pakhtunkhwa,1,8,32036.8526150883,27220.73453055154,131.7310205749051,0,1,train
6540,Khyber Pakhtunkhwa,1,9,18396.42321341286,15812.390357791295,89.96808977621485,1,1,test
6541,Sindh,0,4,24526.72538896818,21933.026100659794,53.65449557957151,0,1,test
6542,Khyber Pakhtunkhwa,0,9,36542.400047781404,34727.14091443074,162.0551725402672,0,1,train
6543,Khyber Pakhtunkhwa,0,3,66104.88423608599,54595.9089300501,103.93082666892667,0,0,train
6544,Punjab,0,2,9949.738365167734,6242.754363538385,26.27045807293533,0,1,train
6545,Sindh,1,5,59898.04089345282,44050.496208773955,111.23443970607929,0,0,train
6546,Khyber Pakhtunkhwa,1,5,35807.96532671347,28169.234981414465,38.768387424890484,0,1,train
6547,Punjab,1,9,38471.75179506313,34247.54372642576,149.48809238571147,1,1,train
6548,Khyber Pakhtunkhwa,0,2,8612.222310303918,6134.827405211363,27.685443798307034,1,1,test
6549,Punjab,1,1,17064.224792051904,19593.640811373665,50.00864987388309,0,1,train
6550,Punjab,1,4,46654.988156895415,34072.83977683556,96.16355012909966,1,0,test
6551,Punjab,0,7,16429.357798458917,17393.65878220243,48.91226262673633,1,1,test
6552,Khyber Pakhtunkhwa,0,9,12441.183643232498,10950.426433988529,114.06541556349693,0,1,train
6553,Sindh,0,6,54305.29612199919,47424.71826680596,150.7657897265961,1,0,train
6554,Punjab,0,4,26959.77355366757,20139.388789681067,85.62633560775369,0,1,train
6555,Punjab,1,2,87533.41795769946,62330.21908903653,47.520297839620184,0,0,train
6556,Sindh,1,6,21851.592454567955,22937.779334676237,74.49999499061224,1,1,test
6557,Punjab,0,10,81229.47017894738,69539.13472171305,142.97498971466615,0,0,test
6558,Punjab,1,8,77633.08047186014,58271.6712270991,118.05695664766742,0,0,train
6559,Khyber Pakhtunkhwa,0,5,50373.43342425582,34645.016597486625,86.59913012948724,1,0,train
6560,Punjab,1,4,69665.26308437277,54677.807150537585,113.20192053698064,0,0,test
6561,Khyber Pakhtunkhwa,1,4,39357.80904001196,28909.220223851888,55.72004077256762,1,1,train
6562,Khyber Pakhtunkhwa,1,6,37905.74646525343,33848.429762329586,66.26814787024057,1,1,train
6563,Islamabad,1,6,36972.72441566003,29972.07193379832,97.00209294311644,1,1,test
6564,Punjab,1,8,22850.74275529632,22552.330716008953,60.45921519974803,0,1,test
6565,Sindh,0,10,27643.601951937104,20942.63015894247,153.09399042585036,1,1,test
6566,Punjab,1,7,83333.7831092452,52771.45753797026,174.21789121008126,1,0,train
6567,Punjab,1,7,17302.82751136418,8861.208721584815,13.944998055432677,1,1,train
6568,Khyber Pakhtunkhwa,0,3,20758.240234261306,15794.467074831422,56.526868770688694,1,1,train
6569,Punjab,1,3,22406.479738524824,16679.406525366514,49.68140597109568,1,1,test
6570,Punjab,1,4,23772.245361429214,14126.870622505303,88.67814208301576,1,1,test
6571,Punjab,0,2,68993.99215876433,56953.53191400888,105.53931590293278,1,0,train
6572,Khyber Pakhtunkhwa,1,8,48158.14675785725,44400.96847749495,78.89387615552599,0,0,test
6573,Balochistan,1,5,19080.6420699681,17195.356361280326,10.439957810546794,0,1,train
6574,Sindh,0,3,9553.378019346746,7861.17249594367,58.20607399533171,0,1,train
6575,Punjab,0,6,62954.70978899739,40957.933029658576,130.2883931401319,1,0,test
6576,Sindh,1,3,29062.51393427375,27065.565425991343,46.97315496923602,1,1,train
6577,Balochistan,0,3,48567.35265552968,46654.98158084683,88.33847565036997,0,0,train
6578,Punjab,0,8,23120.86296759669,24139.928415518403,114.73743976532765,0,1,train
6579,Punjab,1,4,57186.327047223036,44606.9862513861,84.1471423862543,1,0,test
6580,Punjab,0,8,41213.17927656574,27914.568725042624,160.8914032321449,0,0,train
6581,Sindh,1,3,23616.65225263632,20506.418279447724,94.98298136350235,1,1,train
6582,Punjab,1,5,7726.92387318532,12444.688291348912,61.45691604161152,1,1,train
6583,Islamabad,1,3,34922.333939104974,30996.146237710458,22.586286089926254,1,1,train
6584,Punjab,0,5,15525.251622724198,17809.753468309842,78.40738230127404,1,1,train
6585,Punjab,1,4,26397.488952371783,19498.08000740762,116.35539341268772,0,1,train
6586,Punjab,0,6,20336.757461990408,21676.19956358745,90.43014145910306,0,1,train
6587,Punjab,1,10,15048.466396374019,11576.708349628998,97.66627609924872,0,1,test
6588,Sindh,1,3,18815.34104719864,19547.85904503029,27.196972944554574,0,1,train
6589,Punjab,1,3,22293.450896530023,17247.603303471362,54.40563872601966,1,1,train
6590,Punjab,0,7,14445.135728784888,12114.316130724477,132.74333519325148,0,1,train
6591,Punjab,0,8,42529.93134252098,38421.785616389054,122.49506431196751,0,0,train
6592,Punjab,1,7,7900.570301332643,9641.783348706875,48.781238673238775,0,1,train
6593,Punjab,0,5,90075.42219071224,74336.26100678433,119.66948027612096,1,0,train
6594,Khyber Pakhtunkhwa,0,7,25629.596791953194,18974.476595439883,96.48106649566742,0,1,test
6595,Punjab,1,4,18275.830252772947,20399.518541598638,94.33044411017372,1,1,train
6596,Punjab,0,7,36976.94812702137,34213.21638676266,94.13360844817473,1,1,test
6597,Sindh,0,5,28016.361338360795,24695.75312857079,108.66957193623088,0,1,train
6598,Punjab,0,4,23811.069809966397,24690.539440863366,71.17514871123596,0,1,train
6599,Balochistan,1,9,22948.735471035845,14645.30756784151,116.40323939392584,0,1,train
6600,Punjab,0,6,20724.710970126907,14986.767679102017,126.24595982728556,1,1,train
6601,Punjab,0,8,6978.490043493717,5219.038424953718,97.9431900194514,0,1,train
6602,Punjab,0,3,68771.14558931679,61730.51484710477,136.107443210926,1,0,train
6603,Punjab,0,4,22915.712458426096,13383.611078762136,54.940503777059575,1,1,test
6604,Balochistan,0,3,16374.772126474078,11047.187170110408,22.9439636898853,1,1,train
6605,Punjab,0,4,21372.130992744518,18081.154072564266,29.897964924616687,0,1,train
6606,Balochistan,1,1,40308.397191489676,26421.47825615212,54.38453869127173,0,0,test
6607,Khyber Pakhtunkhwa,0,5,63687.51277850391,43068.57195984257,69.89079054853252,1,0,train
6608,Punjab,1,8,23502.116329019882,16241.29825713703,87.72025771575652,1,1,train
6609,Sindh,1,4,28009.28031042694,21801.18170677524,59.84152447842994,0,1,train
6610,Punjab,1,3,8786.055422538078,12189.074045472003,26.5476498965909,1,1,test
6611,Punjab,0,4,3246.1114113295093,3000,114.96479456644846,0,1,train
6612,Punjab,1,2,54567.620259098076,36771.605800210236,72.45802649686881,0,0,train
6613,Balochistan,1,6,29258.40635516944,30354.72851993924,89.1868909933952,0,1,test
6614,Sindh,1,6,17064.628453738966,15933.751723669708,118.49554882737289,1,1,test
6615,Punjab,1,5,53961.74399105262,49213.18960725036,37.72517532287548,0,0,test
6616,Punjab,0,2,13032.85674537767,9162.776319944254,58.211031127791784,0,1,train
6617,Balochistan,0,7,27909.672525587972,21145.415788350958,112.67749526844511,0,1,train
6618,Punjab,1,6,32898.90574739151,30943.644343061085,107.35941180512862,1,1,train
6619,Punjab,0,7,41242.84319583916,29344.239284931817,84.71579339182617,0,0,train
6620,Punjab,1,6,54197.495982120265,46009.792422497005,100.6388333327127,1,0,train
6621,Sindh,0,4,22299.70810621592,19603.84253200974,18.945028509222233,1,1,train
6622,Punjab,0,2,28600.745790056262,24892.41364614581,27.070409507867762,0,1,train
6623,Khyber Pakhtunkhwa,0,2,28189.554978493365,25385.629257777447,41.68934595375769,0,1,train
6624,Khyber Pakhtunkhwa,1,7,16394.114490539465,9048.647375646106,77.83539278112816,1,1,train
6625,Khyber Pakhtunkhwa,0,6,44108.38138628836,29992.923149126415,87.09919845469126,1,0,train
6626,Punjab,0,3,59457.13777260612,49637.62868173249,98.11498842974399,0,0,test
6627,Punjab,0,4,25545.341484376168,24304.683568623117,10,0,1,train
6628,Punjab,0,2,9213.258379614079,5207.372490222922,10.441037007006837,0,1,train
6629,Punjab,0,4,24905.1173993811,25971.913757682014,55.90561395189504,0,1,train
6630,Punjab,0,2,20394.649293811606,18122.300452078296,55.51085812631552,0,1,train
6631,Punjab,1,4,68302.04491523303,57870.74731681191,100.14385916184594,0,0,test
6632,Khyber Pakhtunkhwa,0,2,51715.52628996963,41687.198479326784,67.89945268917705,1,0,train
6633,Punjab,0,6,53655.68151788293,41059.10872758648,89.88544679764016,0,0,test
6634,Punjab,0,6,82968.93292696933,64376.2100109439,116.9639003576682,0,0,test
6635,Punjab,0,7,38899.614118648875,36193.79275185715,84.62776625895766,0,1,train
6636,Punjab,0,4,20286.503313992605,19836.246691292734,107.04422267097752,1,1,train
6637,Khyber Pakhtunkhwa,0,11,22956.30356910873,19831.7721311372,161.24266374654673,0,1,test
6638,Islamabad,1,6,89872.5981733555,74465.81794801934,168.94061552686597,0,0,test
6639,Sindh,0,3,26715.067606207955,27986.411039251518,58.11060511206807,1,1,train
6640,Punjab,0,3,39095.618600797476,43169.10516585732,10,0,1,train
6641,Punjab,0,5,38849.22389251615,33765.16098181071,129.3580581212189,0,1,train
6642,Khyber Pakhtunkhwa,0,3,52999.0429959092,37612.76233328712,97.79659730518414,0,0,train
6643,Khyber Pakhtunkhwa,0,4,16335.452157973756,14355.429143099878,34.20975470460445,1,1,train
6644,Punjab,0,9,55766.20611988111,44255.850713298685,81.39687126366107,0,0,train
6645,Punjab,0,7,15634.878515586777,11734.790150374705,118.91980887989098,0,1,test
6646,Sindh,0,3,95223.81565807351,70668.88601091801,100.24898942518772,1,0,train
6647,Khyber Pakhtunkhwa,0,5,17576.34963240724,16048.939834228697,85.61468088170358,0,1,train
6648,Punjab,1,7,77372.69212432485,59833.06828115465,136.10242589550916,0,0,test
6649,Sindh,0,3,39435.97060575972,28546.39590470333,34.51450603353888,0,1,test
6650,Punjab,0,2,57338.98153726297,50799.29738923125,60.07682778542201,0,0,test
6651,Sindh,0,4,103797.35381012222,77453.09930666898,95.75948460098063,0,0,train
6652,Punjab,0,4,18479.655226503306,23380.632527772494,104.92801856370178,0,1,train
6653,Khyber Pakhtunkhwa,1,6,32333.47789885717,30573.736789002563,38.067602151625124,0,1,train
6654,Punjab,1,2,60873.61174065604,54591.74135509036,102.67489382027887,0,0,train
6655,Punjab,0,5,78081.53001611025,67622.48162498084,89.30571031810724,0,0,train
6656,Punjab,0,3,53199.190641163055,43120.13412406081,73.14254104916039,0,0,train
6657,Punjab,0,4,98351.25851081993,75702.25401788758,104.66191413512848,1,0,train
6658,Punjab,0,9,9758.7906266489,8116.58630976379,129.8414422230533,1,1,test
6659,Khyber Pakhtunkhwa,0,10,43761.023577960106,27860.115235237405,155.0142782107371,0,0,test
6660,Khyber Pakhtunkhwa,1,5,54398.583051297486,41179.23431691714,105.88118022483548,1,0,train
6661,Punjab,1,8,16619.186405773748,11185.087667900401,90.99585965739814,0,1,test
6662,Punjab,1,7,28370.93634845027,19840.57108540494,88.09454668006786,1,1,train
6663,Punjab,1,7,8802.308886041918,8588.753212314754,122.78512633325715,1,1,train
6664,Balochistan,0,7,12501.339695129713,12657.152045596784,65.23174300145608,1,1,test
6665,Punjab,0,6,25166.511290620816,25247.591133661048,75.0692319050942,0,1,train
6666,Sindh,0,10,8007.863412737144,7727.651854999482,109.51395411038786,0,1,train
6667,Sindh,1,5,22547.740349655814,15281.946968535107,41.95316667748304,0,1,train
6668,Punjab,1,4,184341.50895138673,137612.56062523555,226.84527680144248,1,0,test
6669,Sindh,1,4,21560.993020706752,16901.478457470843,69.02756337988517,0,1,test
6670,Punjab,1,7,51381.8017518721,29981.69179099479,104.92500207359338,1,0,train
6671,Punjab,0,7,39795.297950807784,39336.27082744023,120.17287615518369,0,1,test
6672,Khyber Pakhtunkhwa,1,4,51678.825415655716,38043.69799522886,33.806102984542484,0,0,train
6673,Sindh,1,4,51098.60678579117,41790.21944565888,141.7006752263539,1,0,train
6674,Punjab,1,2,20147.046628645345,21094.99340161934,21.10189574343041,1,1,train
6675,Punjab,0,2,11343.172183789522,15109.933361265943,46.38551746531657,0,1,test
6676,Punjab,0,4,32261.15813892858,28587.19333286033,107.40464532365736,1,1,train
6677,Balochistan,0,5,10483.918610025527,11928.795873129304,46.033426501085614,1,1,train
6678,Punjab,1,5,13320.214297195389,12229.84132907789,80.60319701745208,0,1,test
6679,Punjab,0,4,51689.429517091,40242.99416709859,70.16852523438382,0,0,train
6680,Khyber Pakhtunkhwa,1,8,32149.848198841297,23065.988782438428,139.4373612452424,1,1,test
6681,Balochistan,0,3,24434.97404241517,22559.698158900435,37.87977047347033,1,1,test
6682,Punjab,0,4,37153.497918449364,32384.12986914327,10,0,1,train
6683,Punjab,1,2,18106.70894990306,12882.126743327392,63.248108113801855,0,1,train
6684,Khyber Pakhtunkhwa,0,9,11788.822315187572,10123.464332233443,127.92842811989782,0,1,train
6685,Sindh,0,7,12605.74028952447,11616.596219408646,120.04967113386276,0,1,train
6686,Punjab,0,4,11637.693554043004,10274.610937111787,53.24961506938987,0,1,test
6687,Punjab,1,6,43894.41998348792,41963.00030180343,105.25028719522712,0,0,train
6688,Khyber Pakhtunkhwa,0,4,16171.480004695226,13416.80187373348,84.05628317773073,0,1,train
6689,Punjab,0,1,16559.157790017485,12961.67027237104,10,0,1,train
6690,Punjab,0,3,11046.22393357154,10568.655179560068,40.656862846985334,1,1,train
6691,Sindh,0,5,36665.77592657489,26949.475651520628,85.9380685635119,0,1,test
6692,Punjab,0,5,17058.594389997343,18478.111199531362,59.9299249273552,1,1,test
6693,Khyber Pakhtunkhwa,1,7,20320.563750821508,22940.598198000753,84.69614700206863,1,1,train
6694,Punjab,0,3,65712.54483793543,45552.58092249084,64.98873366258131,1,0,train
6695,Punjab,0,2,50234.56310191786,45580.65650021949,107.77136828798022,0,0,train
6696,Sindh,1,3,123633.01738270995,85766.18864565979,124.94232816662606,1,0,train
6697,Punjab,1,3,15613.982455087538,10700.77135651671,30.49620635173456,0,1,test
6698,Punjab,0,5,42306.369358768236,29102.705396050143,99.78101562255495,0,0,test
6699,Punjab,0,3,6364.7409606889105,5914.963085811074,21.372034107138134,1,1,train
6700,Khyber Pakhtunkhwa,1,4,80464.61772261019,71857.21876858102,71.71312747424818,1,0,train
6701,Sindh,0,3,21806.155012809333,16280.685136915017,56.93602898318724,0,1,train
6702,Punjab,1,2,90705.24058727108,76627.30833886549,95.95303983265597,0,0,train
6703,Sindh,1,4,82072.20159214345,59029.220293142855,85.58174514301582,1,0,train
6704,Sindh,0,9,19892.018796218752,18598.67737476204,108.31724467587367,0,1,test
6705,Punjab,0,7,35184.630941111725,24708.794015063642,88.63920983681007,0,1,train
6706,Sindh,1,2,18869.557576981326,18437.864724434217,10,0,1,test
6707,Punjab,0,9,44643.98028307174,36323.501250865746,71.81890141727365,0,0,test
6708,Punjab,0,6,7233.083897848517,8012.018255199704,19.114820118982394,0,1,test
6709,Punjab,0,6,25639.53611905026,16300.781482586042,46.72742187001525,1,1,train
6710,Punjab,1,4,17407.865906053637,16942.475927902375,42.77201731535162,1,1,test
6711,Punjab,0,11,19927.27926561567,12967.953326411041,95.55920205667694,0,1,test
6712,Punjab,1,8,101647.90643175537,82251.254337791,150.27737321605375,0,0,train
6713,Balochistan,1,4,13119.179477915954,12154.4885578367,49.320597194161756,1,1,train
6714,Punjab,0,6,41036.795546365196,33183.35739251907,67.86417433835038,0,0,test
6715,Punjab,0,6,58914.316228644886,47165.6387099613,179.7281650928135,1,0,train
6716,Punjab,0,4,21993.120368453037,16000.696602539672,119.02159439059571,0,1,train
6717,Khyber Pakhtunkhwa,1,5,23077.72199603061,24855.064883459632,75.75938427826236,0,1,test
6718,Sindh,1,8,9938.93317859799,9535.279190686504,49.953172850970276,0,1,train
6719,Islamabad,0,6,76919.22512261265,58774.970699602716,128.83623439712738,0,0,train
6720,Punjab,1,4,7639.389488309268,9766.679185435925,16.73600676844745,1,1,test
6721,Punjab,1,6,8863.539779051587,7629.564014153062,105.11045664128352,1,1,train
6722,Khyber Pakhtunkhwa,1,6,56277.845041554865,48257.426354006944,124.4205486483633,0,0,test
6723,Punjab,0,6,68133.36144515741,51669.39084497992,128.69503082598155,0,0,test
6724,Khyber Pakhtunkhwa,1,9,23074.772417895863,21057.83612249396,159.8794978070485,0,1,test
6725,Punjab,1,8,85586.65862287417,57103.572289217416,171.176414894326,1,0,test
6726,Punjab,1,7,34499.019252385995,26003.981169914772,129.92939927653526,1,1,test
6727,Khyber Pakhtunkhwa,0,5,32929.06154944313,28399.645770062205,63.54213057298967,1,1,train
6728,Khyber Pakhtunkhwa,0,7,6497.630950143486,6647.911583963905,118.04880558957198,0,1,train
6729,Punjab,1,5,24799.024525727385,19607.73105589982,53.59838401517392,1,1,test
6730,Khyber Pakhtunkhwa,0,3,9430.16870335858,4391.364306565316,28.92967339781677,1,1,train
6731,Sindh,1,3,104561.08940010205,94536.40874669146,161.87661474566943,1,0,test
6732,Sindh,0,7,9830.17081907649,3000,36.414783509778545,0,1,train
6733,Sindh,1,3,39737.76306255269,34224.18238807163,87.47048654804416,0,1,test
6734,Punjab,0,2,11314.637579855651,7034.782009943607,33.04522802774616,0,1,train
6735,Sindh,1,1,181697.97660417215,129856.79217420952,116.14405656606388,1,0,test
6736,Sindh,0,4,59915.40948965938,47012.6820453043,105.44920139754404,1,0,train
6737,Punjab,0,4,33007.35860405462,31116.699448421066,29.29071103110295,0,1,train
6738,Khyber Pakhtunkhwa,0,8,46226.6211720758,37288.37025079916,117.10517154595748,1,0,train
6739,Islamabad,1,4,20917.110705497602,24811.864917339393,115.41094176126435,1,1,test
6740,Punjab,0,3,13165.711289880343,15995.333132058291,56.15061014842159,1,1,train
6741,Punjab,0,9,22171.199841704838,19451.723333743874,142.2714488161849,0,1,train
6742,Sindh,0,6,31655.247218479897,29123.432650622064,67.46060081378653,0,1,test
6743,Punjab,0,5,49688.8275755241,39769.37708301254,64.56724265189044,1,0,train
6744,Khyber Pakhtunkhwa,0,5,23492.113783315937,30512.511092017652,68.0883638907783,0,1,train
6745,Sindh,1,8,23408.106094375813,19140.686797121438,90.38331271371288,0,1,train
6746,Khyber Pakhtunkhwa,0,2,18664.02295299715,19094.522164321184,26.737430265472376,0,1,train
6747,Sindh,1,7,36762.625346583736,29350.566296171255,144.7531514074848,1,1,test
6748,Punjab,1,3,35648.89976628457,27846.17573788958,76.14473633404796,1,1,test
6749,Punjab,1,5,67296.65392274913,45671.170188825265,117.35465450553878,1,0,test
6750,Balochistan,0,7,25110.79666732889,17883.21676083231,119.46392874937135,0,1,test
6751,Punjab,1,5,15526.349452874676,13109.67609890579,56.86694410622896,1,1,test
6752,Punjab,0,5,24110.9470419049,25341.381321929242,10,0,1,train
6753,Punjab,0,7,35259.21538117177,30021.430350867606,97.02584290846636,1,1,test
6754,Punjab,0,5,16569.580216816186,14928.479962906642,43.02293987635338,0,1,train
6755,Khyber Pakhtunkhwa,0,3,117500.96603508848,103869.29351180412,141.3989582370413,1,0,test
6756,Punjab,0,6,15176.7346350651,12731.514907779796,73.56794679027172,0,1,train
6757,Punjab,0,5,61359.934747189924,41895.715916851594,122.33402258951143,0,0,train
6758,Sindh,1,4,24326.10600531125,25069.018991194585,24.572576687363707,1,1,train
6759,Punjab,1,7,45793.35734313634,39326.99764254896,114.39237134427259,1,0,train
6760,Khyber Pakhtunkhwa,0,5,35912.349443005296,31076.408305277248,69.86531760107624,0,1,train
6761,Punjab,1,4,22632.87520386275,22411.4332889134,44.80172944787894,1,1,test
6762,Khyber Pakhtunkhwa,0,3,22433.635957033985,20521.656484782547,54.01430913755958,0,1,test
6763,Punjab,1,6,36059.75193270377,32514.15151484389,96.33329101781358,0,1,train
6764,Khyber Pakhtunkhwa,1,5,41216.15786026223,34545.40059208735,109.19667384250096,1,0,test
6765,Sindh,0,7,21460.90864622866,21650.04710723444,174.23415464296244,0,1,train
6766,Sindh,1,7,38678.60443283495,31106.47737621319,100.11315567302773,1,1,train
6767,Punjab,0,6,27839.518739282117,24337.87339944591,61.11456296497833,0,1,test
6768,Sindh,0,4,14071.565048344359,12939.948785630368,41.352953484391875,0,1,train
6769,Punjab,0,6,15696.961310161083,12626.984459348481,66.45380528449088,0,1,train
6770,Punjab,1,2,21142.144237142078,21247.57673226175,88.11711340395699,1,1,test
6771,Punjab,0,6,27733.546487634194,24379.446200165872,86.77675750658702,1,1,test
6772,Sindh,1,8,7470.053348846847,9732.28425459567,72.98901268134136,0,1,train
6773,Punjab,0,7,28064.295108168244,25955.591428250926,108.346368246631,0,1,test
6774,Balochistan,1,1,18379.052909112088,15047.06164293958,51.652248858148,1,1,test
6775,Khyber Pakhtunkhwa,0,4,4706.471228118599,7090.128861192854,10,0,1,train
6776,Punjab,0,4,32167.73158853513,27863.386978522536,58.97749100200954,1,1,train
6777,Balochistan,0,6,61949.044505695194,43540.087197633635,78.96104765429772,0,0,test
6778,Khyber Pakhtunkhwa,0,6,52370.94233673926,34803.62943181005,139.91888358478025,0,0,train
6779,Khyber Pakhtunkhwa,0,1,16302.678251261486,15241.953512713979,10,0,1,train
6780,Punjab,1,5,33103.412444577836,31363.864706281347,119.84043580225685,1,1,test
6781,Punjab,0,7,21883.205158980563,19602.754206734462,110.17599406192525,1,1,train
6782,Punjab,0,1,60869.00166012654,44705.61380019272,72.09509579354189,0,0,train
6783,Sindh,0,6,62778.356125064944,52693.150794290035,124.28681967574589,0,0,train
6784,Khyber Pakhtunkhwa,0,7,25061.10706236728,22682.936347081195,118.34979687813474,0,1,test
6785,Sindh,0,9,17490.290460617976,11032.243169914145,163.73737606390637,0,1,test
6786,Punjab,1,4,26432.08762690448,19983.9173934534,70.26682187986407,1,1,test
6787,Punjab,1,6,18912.548309187867,17102.405817269326,43.63536344211558,0,1,train
6788,Khyber Pakhtunkhwa,1,1,32709.2891617925,32531.895274065715,36.90450926181076,1,1,train
6789,Sindh,1,4,36473.51182794495,31485.105002482505,130.4654706885604,0,1,train
6790,Sindh,1,12,21820.025076813,16822.466584325106,128.89661441408515,1,1,test
6791,Khyber Pakhtunkhwa,0,1,23883.68433316726,20224.561164225666,17.325501349597815,1,1,train
6792,Sindh,0,9,16171.39994676198,12518.333851375975,27.390315858909105,1,1,train
6793,Khyber Pakhtunkhwa,0,1,31112.05062307532,26297.584663778252,36.574885878996696,0,1,train
6794,Punjab,0,5,71368.82784922185,54263.043549153765,108.45877296792916,0,0,train
6795,Khyber Pakhtunkhwa,1,7,14383.239799732397,16278.390741216168,35.8911191152417,1,1,test
6796,Sindh,1,3,36701.19081789422,33068.97658962309,66.47951286452505,0,1,test
6797,Punjab,1,6,25108.60397590565,23644.80621802254,142.63508221547008,0,1,train
6798,Khyber Pakhtunkhwa,1,3,30421.312567270546,30492.624950429756,92.01687276566211,0,1,test
6799,Sindh,0,8,22054.066688502757,18846.60477479998,96.90626515118443,0,1,train
6800,Punjab,1,3,6751.714635599025,8508.016269847209,10,1,1,test
6801,Punjab,1,10,69689.85960880811,50235.292277702174,193.11618267275446,0,0,train
6802,Punjab,1,3,19061.875663076753,19412.99904525159,97.436216552398065,0,1,train
6803,Punjab,0,6,32860.83442689198,24405.028642604175,128.1009750394403,0,1,test
6804,Sindh,0,10,49883.205447822045,45251.50320577329,134.01379293230903,1,0,train
6805,Punjab,0,3,34079.32851030334,33213.58689823707,29.8977056646613,0,1,test
6806,Sindh,0,8,18098.125940520033,9036.949797279185,95.09949744851403,1,1,train
6807,Punjab,0,3,14711.086226981944,14716.341358729986,34.37321856714458,0,1,train
6808,Punjab,1,6,73624.50574804694,47602.61571527679,165.32425924654663,0,0,train
6809,Sindh,1,5,47496.73360668207,34574.00942205789,86.9504074097701,0,0,train
6810,Sindh,0,2,54074.03906922402,47168.10719958322,41.21513199184062,1,0,train
6811,Khyber Pakhtunkhwa,1,3,56871.31454856086,38749.07882668428,98.85974166810541,0,0,train
6812,Punjab,1,4,88510.70705629863,61641.52389109412,99.44966291778559,1,0,test
6813,Khyber Pakhtunkhwa,0,4,16239.079159731826,14024.044065583972,64.05327752026642,1,1,train
6814,Khyber Pakhtunkhwa,0,4,9685.133376395768,5868.522976777277,56.01515954817004,0,1,train
6815,Punjab,0,6,91123.23558760359,71126.23139921905,102.10473933476149,0,0,train
6816,Punjab,0,8,18058.983616965532,13092.84972875392,67.75407405852415,0,1,test
6817,Sindh,0,7,17055.969001283524,13329.305678966684,86.61366660467237,0,1,train
6818,Punjab,0,2,29686.70248972667,22119.43205477753,10.545556273506982,0,1,train
6819,Punjab,0,7,63367.4462272628,49517.06615456014,71.59894221369574,1,0,train
6820,Sindh,0,1,37742.21278704811,30955.5481955017,22.596731407241947,1,1,test
6821,Khyber Pakhtunkhwa,1,6,71946.06131717253,53117.01690471047,151.33263003009026,1,0,train
6822,Punjab,0,3,9590.643238683826,10443.951677069525,82.4366102740625,0,1,test
6823,Punjab,1,5,49871.94894881787,35531.52597413997,83.4426251998847,0,0,test
6824,Khyber Pakhtunkhwa,0,9,32911.97834714007,27850.864751841396,160.828943512742,0,1,train
6825,Punjab,1,8,54890.50671363047,48844.57562232594,153.12298345616625,0,0,train
6826,Sindh,0,4,41109.75852075071,32215.70984257324,47.370825739105634,0,0,train
6827,Punjab,1,5,17057.972342203826,15933.378080856737,65.08754024416629,0,1,train
6828,Punjab,0,5,40538.84566118987,33577.96206650391,109.74916307213981,0,0,train
6829,Punjab,1,4,43808.37260202,30220.379596745526,99.64256755695718,0,0,test
6830,Khyber Pakhtunkhwa,0,5,85130.43378890438,60853.05664871751,61.59932821214619,1,0,train
6831,Khyber Pakhtunkhwa,0,7,4809.181289340488,3000,10,0,1,train
6832,Khyber Pakhtunkhwa,1,8,31873.57305393144,29681.90045678755,128.8219323870155,1,1,train
6833,Punjab,0,5,56852.063269076905,45376.19890153058,66.8779148692231,1,0,train
6834,Sindh,0,10,35009.830127010515,28189.915595963917,137.53640340374702,0,1,test
6835,Sindh,1,1,33482.84674590645,34223.675867654456,10.999249734473587,0,1,train
6836,Khyber Pakhtunkhwa,1,11,23795.786017259576,20436.176836671508,185.056789953112,0,1,train
6837,Khyber Pakhtunkhwa,0,7,29176.236373119693,21769.427509871373,112.49662298528689,0,1,train
6838,Khyber Pakhtunkhwa,0,3,72341.12942900555,61177.02223858603,79.80734156457929,0,0,test
6839,Punjab,1,5,43777.99461144228,35793.441661818564,81.64938973171508,1,0,train
6840,Punjab,0,5,42545.17845345875,40739.76960800242,116.11803715198583,0,0,train
6841,Sindh,0,10,50824.53978900153,34639.53907156216,119.47334960897547,0,0,train
6842,Punjab,0,8,28555.210363096136,20663.68959033262,105.4450251234988,0,1,train
6843,Punjab,0,2,38746.44124489957,29907.325149135027,86.81397700413996,1,1,train
6844,Punjab,0,5,60440.02027841295,42505.09037579664,97.63951435136522,1,0,test
6845,Punjab,0,7,13932.915925884798,12981.905569491915,144.1961923267382,0,1,train
6846,Islamabad,1,10,29363.565784490333,25683.635360216118,159.38851984428885,1,1,train
6847,Punjab,0,5,9493.249295110778,10666.845768127852,59.463437981158215,1,1,train
6848,Sindh,0,6,23066.55463060614,20155.122324156408,127.64463126954314,0,1,train
6849,Punjab,0,2,3498.7974299755792,6311.662956495007,15.461845222449774,0,1,train
6850,Punjab,0,4,48176.276386949176,42169.922837570404,76.42932096814046,1,0,train
6851,Sindh,1,6,79759.12609690073,50173.50750957656,143.69242139139982,0,0,test
6852,Punjab,0,5,20922.95685816569,17402.9694594539,88.979020532071,0,1,test
6853,Punjab,1,4,25586.980244575097,27246.722716033946,60.97320975753317,0,1,test
6854,Punjab,0,8,30235.110210409603,22959.845448702272,146.4143321286465,1,1,train
6855,Punjab,0,3,28960.986963283547,28129.62704072973,26.03890935290071,0,1,test
6856,Sindh,0,6,12148.228255758102,11644.892341760058,86.78642879651203,0,1,train
6857,Punjab,0,6,32282.104753728236,27381.488576700416,32.780272347725706,0,1,train
6858,Punjab,0,2,33588.03133913958,31716.269634139262,70.51211700724292,0,1,train
6859,Punjab,1,2,40980.96879688878,34802.19929248692,59.04477680917092,0,0,test
6860,Balochistan,0,7,48678.02332409653,38380.02544847591,32.665004015699765,0,0,train
6861,Khyber Pakhtunkhwa,0,3,17671.402337339,18206.390593863012,51.22083586822499,0,1,test
6862,Sindh,0,9,56986.137132141266,44572.15321382744,133.9362241730265,0,0,train
6863,Punjab,0,4,61641.952693252024,44668.418385637044,56.66590115940979,0,0,train
6864,Punjab,0,12,9349.682795585051,10852.171532445243,107.41207321024471,0,1,train
6865,Punjab,1,4,17855.439514422982,11742.934918633973,77.47907415206467,0,1,train
6866,Punjab,0,8,17513.055457515202,14437.084940100573,110.74166417743564,0,1,train
6867,Sindh,0,7,76908.34885284273,59192.985793707056,122.56573766452092,0,0,train
6868,Sindh,1,6,60066.91685987618,43403.85601987746,127.40765657774674,1,0,test
6869,Punjab,0,5,30106.687345386745,29522.33043588831,76.44027054460695,0,1,train
6870,Punjab,0,5,22643.191827294857,23331.13306782822,81.12879087418388,0,1,train
6871,Khyber Pakhtunkhwa,1,4,13741.019696182697,8355.041836182805,51.0679187873262,1,1,train
6872,Punjab,0,5,14575.135653355996,17583.375468126025,75.66628040174751,0,1,train
6873,Sindh,1,4,9017.165634053963,5417.821664666955,47.92860566808788,1,1,train
6874,Punjab,0,5,44391.169142659535,36907.04843245718,121.17026724287649,0,0,test
6875,Sindh,0,4,7261.395748838429,7321.170073504141,27.078918232243428,1,1,train
6876,Sindh,0,5,17341.802376231124,19477.825287277585,81.23555125800195,0,1,test
6877,Khyber Pakhtunkhwa,1,4,9519.575672549277,10091.581971672793,10,0,1,train
6878,Sindh,0,4,19922.39199268953,17607.776166010695,64.59077611410873,1,1,train
6879,Khyber Pakhtunkhwa,0,3,70787.5400793362,50067.607901954696,101.18804581269261,0,0,train
6880,Punjab,0,4,23068.451282630856,23500.26815930691,81.25033119598181,0,1,test
6881,Sindh,0,3,76887.23070556318,54356.52926985281,46.526664632818516,0,0,train
6882,Punjab,1,6,11978.9069167857,14794.308302616213,64.12683050155475,1,1,train
6883,Islamabad,1,3,135485.99064493153,94358.61516425994,190.94644649961137,0,0,test
6884,Sindh,1,7,40648.67545513683,31084.518011784847,119.83795285622477,1,0,train
6885,Punjab,0,3,29923.70581490409,19307.63931929799,17.72844603556412,1,1,train
6886,Punjab,1,3,14635.837473784257,14624.243071589246,61.3829656590946,0,1,train
6887,Balochistan,0,6,14448.460030816404,10887.432905913523,10,0,1,train
6888,Punjab,0,3,16716.306704593524,19847.209506393287,35.37922296995512,1,1,train
6889,Punjab,1,5,74913.83411949861,53444.93520210151,117.89562100306844,1,0,train
6890,Punjab,0,3,11096.250273005537,11958.992156155698,24.431567565153387,0,1,train
6891,Punjab,0,4,39717.702682575386,36177.12072502216,17.78172727431768,0,1,test
6892,Sindh,0,4,16818.923534176178,15545.703730590685,42.4795751362397,0,1,test
6893,Punjab,1,5,31258.716542983384,36400.2506821516,75.8155599312944,1,1,train
6894,Sindh,0,6,25244.297167700228,23643.814770895282,80.8870631283163,0,1,train
6895,Punjab,1,7,66267.57859121244,44521.402087209666,141.59675517610586,1,0,train
6896,Punjab,0,4,25671.371015291643,23569.167008314394,37.47224503885292,0,1,test
6897,Punjab,1,10,49311.15813116863,35917.19308325832,113.82839079455846,1,0,train
6898,Punjab,0,6,18834.611499431085,12460.63744698673,90.19469468223599,0,1,train
6899,Sindh,0,5,16413.413829775785,10717.064068417749,92.14147138062198,0,1,test
6900,Khyber Pakhtunkhwa,0,1,17735.776916511415,15136.598151979064,62.18595348575883,1,1,train
6901,Punjab,1,4,30962.24720848092,22397.84596959449,60.81393252569311,0,1,train
6902,Sindh,1,5,36379.82389377442,32453.599366950308,26.15851843818868,0,1,train
6903,Sindh,1,6,53557.03765722624,47920.95914357586,119.45225044366738,1,0,train
6904,Punjab,1,4,19826.24894526292,12985.540514950531,52.31246037563376,0,1,test
6905,Sindh,1,6,25007.618739756865,21458.441985319092,46.20665477200677,1,1,train
6906,Sindh,1,4,22018.05622737067,20514.240756965723,10,0,1,train
6907,Punjab,0,5,26753.93072398969,24079.404680575484,77.055243408911835,0,1,test
6908,Sindh,1,4,8286.223354061707,8348.83144515746,103.7034506537639,1,1,train
6909,Punjab,0,5,61153.94391385835,38579.03660444726,122.90565306623154,0,0,train
6910,Sindh,0,7,14201.669737905408,17409.380438874698,77.68682847571597,0,1,train
6911,Punjab,1,2,37789.7092176574,25908.35068957392,62.03786340556645,0,1,train
6912,Punjab,1,8,25074.16491134058,22779.019300060634,110.49334339260389,1,1,train
6913,Punjab,1,4,14732.935153629567,15097.171808961692,72.4440827597974,0,1,train
6914,Punjab,0,1,17384.491402704785,20339.88089865883,10,0,1,train
6915,Sindh,1,7,56745.28462082556,40944.13203150588,110.18245151113183,1,0,train
6916,Punjab,0,5,122374.37463170236,107606.57640143049,166.2274314676925,0,0,train
6917,Balochistan,0,4,21047.397647303198,23330.63958593987,83.69649539393015,0,1,train
6918,Balochistan,1,3,45510.648885557595,40733.03617835565,113.44237870888168,1,0,test
6919,Punjab,0,5,28971.396406481086,34387.64435604762,45.88511162532616,0,1,train
6920,Punjab,1,4,16708.06803229219,13557.432532578661,10,1,1,train
6921,Khyber Pakhtunkhwa,0,7,101888.3790004763,86524.6926164743,137.18762098440888,0,0,train
6922,Punjab,0,7,27589.45702286508,23716.03126830568,67.96511762480657,0,1,train
6923,Punjab,1,6,60936.01514894876,46550.299914462565,145.48657323688795,0,0,test
6924,Punjab,0,5,38923.97301576669,30112.286763911685,64.91671925214075,0,1,train
6925,Punjab,1,7,28114.87880127142,23694.37879033706,61.85405656357037,0,1,train
6926,Punjab,1,4,61708.16325337276,45162.48194989166,97.85622360030258,0,0,test
6927,Punjab,1,5,125267.66562397557,99460.21339828662,152.18225625518562,1,0,test
6928,Sindh,0,3,16213.061768608093,9754.715671648206,34.813942802887134,0,1,train
6929,Punjab,1,4,62388.00296411646,52548.80433429114,109.05253494630927,0,0,train
6930,Khyber Pakhtunkhwa,0,5,16360.80929945353,10693.864921463273,97.44621879044213,0,1,train
6931,Sindh,0,4,23885.979380178695,20705.170309976842,32.0990107220917,1,1,test
6932,Sindh,1,4,23344.42337123096,20947.731420004257,40.6642316783735,0,1,test
6933,Khyber Pakhtunkhwa,1,3,50497.412245498286,42489.83742177766,101.29976424695927,0,0,train
6934,Islamabad,0,9,18156.973282818966,13350.392247929874,116.00950931920289,0,1,train
6935,Khyber Pakhtunkhwa,1,3,16309.52533790822,20469.852748114936,39.2058576839403,1,1,train
6936,Balochistan,1,10,17464.788276486302,13935.584669656544,111.94470958641845,0,1,train
6937,Sindh,0,6,45146.26788352056,27541.759746927506,128.33004194831565,1,0,test
6938,Khyber Pakhtunkhwa,0,5,10078.667176784267,9164.680784825754,51.778518115593634,0,1,train
6939,Punjab,1,8,12756.7479502052,13956.528124981776,108.99245875449667,0,1,train
6940,Punjab,1,7,14289.954154482915,8977.075781339992,52.884084991886645,1,1,train
6941,Punjab,1,5,27312.339186016277,24669.37914539385,57.850328638115855,0,1,train
6942,Balochistan,0,3,10420.707754026673,11603.943964884065,10,0,1,train
6943,Punjab,0,4,9794.151700492572,9547.137983440054,11.572107773635949,1,1,train
6944,Sindh,1,8,63839.10105724187,56620.72594192733,116.41744854392931,1,0,train
6945,Sindh,1,7,27259.717504880904,26459.212325221182,43.6051831167062,1,1,train
6946,Khyber Pakhtunkhwa,0,7,46578.49290168441,29622.607848903386,97.3633044490375,1,0,train
6947,Punjab,1,7,32193.13148679238,29308.54017657182,67.92542831973202,0,1,train
6948,Punjab,0,4,18971.276184068247,14899.317441091456,63.27678293780771,0,1,train
6949,Punjab,1,6,23838.932344698398,20580.292930838536,69.89695503392521,0,1,train
6950,Sindh,0,4,8776.573620215122,7465.391525300887,37.43996898781449,0,1,train
6951,Sindh,0,3,11591.560632049039,9030.20206613329,58.5315172965023,0,1,train
6952,Balochistan,0,4,73762.13457738,54382.79477918021,84.5718478640082,0,0,train
6953,Khyber Pakhtunkhwa,0,6,8574.729006861224,4288.715218289104,68.86818696239774,0,1,test
6954,Sindh,1,4,114470.68968164852,89598.42431709034,139.49367843586526,1,0,train
6955,Sindh,0,10,18979.782104197413,19213.71046069911,164.52601119095388,0,1,train
6956,Punjab,1,5,120913.1204530286,81893.42298388525,109.54215353587296,1,0,train
6957,Balochistan,1,4,41135.80189801174,32306.506789607796,71.42777885986604,1,0,train
6958,Sindh,1,3,36302.57623851749,28028.003265716405,38.933275570883595,1,1,train
6959,Punjab,1,6,8174.845750148114,3603.6963645535666,55.008572687510124,1,1,train
6960,Sindh,0,4,25054.86420340484,19731.109133652073,115.54406834642083,0,1,train
6961,Sindh,1,4,77620.5278458013,58150.83795439838,117.3602284238135,0,0,train
6962,Punjab,0,3,59293.11029035255,46065.34333156409,16.28889841466348,0,0,test
6963,Punjab,0,4,35818.47088797968,30187.800119032487,47.353172395006766,0,1,train
6964,Punjab,1,1,26912.529507231928,18720.48786115845,10,1,1,test
6965,Punjab,0,2,120770.63663076572,101110.41319474511,29.999243114114336,0,0,test
6966,Sindh,1,3,111617.54858206761,91766.37008249354,158.33180525265908,1,0,test
6967,Punjab,1,1,25221.17588736462,26257.13625806444,10,1,1,train
6968,Punjab,1,5,18551.89661225517,20180.084552093253,82.98721817947927,0,1,train
6969,Sindh,0,7,88877.79661274258,63304.814573044394,116.85153214856194,1,0,train
6970,Sindh,0,5,20033.210962378223,22181.950887264473,122.72793907032171,0,1,test
6971,Khyber Pakhtunkhwa,1,3,31940.630759737855,25960.46856357395,51.78089745349106,0,1,train
6972,Sindh,0,4,27102.214081335558,19934.856150464002,114.30839270022429,0,1,test
6973,Sindh,1,3,36177.67521282358,28258.66162136258,76.99764368039949,1,1,train
6974,Sindh,1,4,85445.93770327151,59067.670960526324,96.26433934068602,0,0,train
6975,Sindh,1,3,33410.57239634578,32102.469249271147,74.2408061509723,1,1,train
6976,Sindh,0,3,57172.09021649524,44516.2107521991,99.96302079669704,1,0,train
6977,Punjab,1,5,16292.532652215818,14920.32762297297,82.65009704015289,0,1,test
6978,Sindh,0,5,81187.00421081185,66568.97898775796,89.88325850681693,1,0,test
6979,Punjab,0,2,13490.814458650759,8452.420026424857,58.49552514266017,1,1,train
6980,Sindh,0,6,101007.9795517313,69409.70577484078,187.12473982435029,0,0,test
6981,Punjab,1,3,173973.77693566418,116798.1132755857,117.5692460644393,0,0,train
6982,Punjab,0,5,35603.443345294094,27715.00114138241,49.39774961374802,0,1,train
6983,Sindh,0,2,30414.20273591005,25547.823326197755,70.44407898195543,0,1,train
6984,Khyber Pakhtunkhwa,0,7,22597.369506970215,18331.247362709302,143.45887862601285,0,1,train
6985,Sindh,1,10,42248.78569568171,26286.52133077602,115.79670343150823,1,0,train
6986,Punjab,1,1,24997.396443881746,23484.322656978544,66.73746799980051,1,1,test
6987,Punjab,1,1,42608.150892539765,36413.007559682075,46.021242171754224,1,0,train
6988,Khyber Pakhtunkhwa,0,7,20164.12445185855,18057.79821751234,110.26448475329632,0,1,test
6989,Sindh,1,3,57834.40620754486,42510.66414625973,94.47417628482982,0,0,train
6990,Punjab,1,1,76640.63041634402,56033.94781294842,86.89181005824739,0,0,train
6991,Sindh,1,5,28835.64455524974,24669.35609350387,77.66536309919192,0,1,test
6992,Balochistan,1,7,7398.800564022279,7623.731341465275,87.50071873234035,1,1,train
6993,Punjab,0,3,17292.256554733634,7894.44057990198,80.89934951529966,0,1,train
6994,Punjab,0,9,14621.143269643662,12880.739245587129,80.05258718192074,0,1,test
6995,Sindh,1,2,33224.58728373136,28844.19869979595,10,1,1,train
6996,Balochistan,1,5,19700.489722514234,13070.010297866445,40.17128143156934,0,1,test
6997,Punjab,0,7,47850.87385045659,34747.85871836442,135.5590737214402,0,0,test
6998,Sindh,0,7,33196.869916421994,35001.98366459017,105.14570299023023,0,1,train
6999,Punjab,1,4,31736.049255448008,29750.06491763697,10,0,1,train
7000,Khyber Pakhtunkhwa,0,3,42511.0403249999,38693.04276645152,41.26501104600689,0,0,test
7001,Sindh,0,5,15155.535511392321,16277.56457869488,71.43293275922386,0,1,test
7002,Khyber Pakhtunkhwa,1,1,25776.60151517228,23597.85476819839,23.990083939335918,1,1,train
7003,Punjab,0,2,13723.73100570707,14315.500646029082,29.253235736683113,0,1,train
7004,Punjab,0,3,27012.406817153915,19542.413983283608,37.76216571320718,0,1,test
7005,Punjab,1,8,9028.512526511275,11222.84841767762,86.34163935017679,1,1,train
7006,Sindh,1,10,17582.742847847625,14209.626211208175,140.08790227070833,0,1,train
7007,Punjab,1,6,25831.59828366608,26827.827061102715,80.73272664162445,0,1,train
7008,Sindh,0,3,49607.82407132781,37425.304804891064,75.13059329464899,0,0,train
7009,Punjab,1,5,166712.56400786227,130316.00363144881,196.06889394811643,1,0,train
7010,Punjab,1,3,26115.149670583232,25335.551210341793,23.004168455373097,1,1,train
7011,Punjab,1,3,23240.08418940992,19530.104002073516,41.84088998837546,0,1,train
7012,Punjab,0,4,10362.832257963644,9421.722791798245,19.593321333956276,1,1,test
7013,Sindh,1,5,34357.99209338343,29586.593350323816,74.50855183160564,1,1,train
7014,Sindh,0,8,62700.6255264807,50079.87080402747,118.03850454998476,0,0,train
7015,Sindh,1,6,63843.265038823,46095.6772489258,125.33769577950626,1,0,train
7016,Sindh,0,6,24040.05680136961,15403.396522237723,40.53191105968366,0,1,train
7017,Punjab,1,7,35948.00182898832,36391.67835324934,67.74238919995915,0,1,train
7018,Sindh,0,4,22201.888749121677,14862.987167171956,16.563067512402455,0,1,test
7019,Sindh,1,6,20424.165980542683,13736.550883039079,55.47622090668522,0,1,train
7020,Punjab,1,13,8800.459874932005,8970.825053307324,126.4703503732502,1,1,test
7021,Punjab,1,4,14808.900386352467,15086.687705181865,17.585088184980293,0,1,train
7022,Punjab,0,8,29961.637209296616,25704.077687685513,89.38804000047716,0,1,test
7023,Punjab,1,7,27140.835420628417,21058.1108681955,115.26596760266837,0,1,train
7024,Punjab,1,7,28393.441577959708,26804.41513110708,39.079860496833476,1,1,train
7025,Sindh,0,2,29585.578273818104,26092.95306517505,31.96147201239192,0,1,train
7026,Sindh,0,9,26075.13438015801,25169.12945221508,121.14039315214349,1,1,train
7027,Sindh,0,8,22736.062825344452,14185.238216597847,87.4723643153336,0,1,train
7028,Khyber Pakhtunkhwa,1,9,20273.193659559023,18532.077182370314,95.95474632136535,1,1,test
7029,Sindh,1,5,49698.83061771419,41103.82164188533,136.8845049044529,1,0,test
7030,Sindh,1,4,18805.87575547953,14893.090753707645,47.52961106760877,1,1,train
7031,Khyber Pakhtunkhwa,0,4,48007.46609784142,39719.11247892163,43.67994548241911,1,0,test
7032,Sindh,0,6,16069.116337069183,9345.428823991493,34.6647288244206,0,1,train
7033,Punjab,0,3,51289.384862178296,47822.547576312565,16.80199579030672,0,0,train
7034,Khyber Pakhtunkhwa,0,3,10254.155057452172,8001.672328795711,36.989551221857234,0,1,train
7035,Khyber Pakhtunkhwa,1,4,35737.958504658374,30875.05680220691,67.2253451682969,1,1,train
7036,Punjab,0,3,22583.47625989013,16338.834731949504,35.083058507154334,0,1,train
7037,Sindh,1,4,38145.324128800334,27615.517313249773,95.2485995230748,0,1,test
7038,Punjab,1,8,63476.49419613895,48243.686350422904,154.24708693975185,1,0,train
7039,Punjab,1,8,38812.27548654457,29586.80724741466,126.98917955113961,1,1,train
7040,Khyber Pakhtunkhwa,1,4,19450.801626930952,18436.698803718413,10,1,1,train
7041,Punjab,0,7,53408.213295934554,41670.94976394492,134.17607734592812,1,0,train
7042,Sindh,0,5,26869.765317326106,17763.25748947084,101.1879521234444,0,1,train
7043,Punjab,0,5,29005.781695838705,32578.821683235255,79.67788261629174,0,1,train
7044,Punjab,1,4,19341.53247781042,14849.883586698508,31.997078964496914,1,1,test
7045,Sindh,1,10,54639.03093545843,45217.62913983051,145.0059445521466,0,0,train
7046,Sindh,0,5,61018.79925326758,44121.196233499366,43.11663234754332,0,0,train
7047,Sindh,1,5,24841.781322535742,19486.61169629388,68.03324602751557,0,1,train
7048,Khyber Pakhtunkhwa,1,7,57961.45853773531,39484.474083720546,153.05304494965665,1,0,test
7049,Punjab,0,3,32937.82593626353,28323.09198317218,55.592974649773296,1,1,train
7050,Sindh,0,3,12586.777025352934,11633.531391617405,16.713243065252275,1,1,test
7051,Balochistan,1,10,38647.46685215344,33091.47729279264,157.4429448007242,0,1,train
7052,Sindh,0,6,50709.68890025126,38529.68247922365,104.34944073849691,0,0,test
7053,Punjab,1,1,54260.67088826609,40754.65835318307,77.49441271734568,1,0,test
7054,Khyber Pakhtunkhwa,1,4,60855.4584410406,45194.2404519093,57.58628244963395,0,0,train
7055,Sindh,0,8,22807.804527893284,19494.730041748113,63.44281010286484,0,1,train
7056,Khyber Pakhtunkhwa,1,1,19930.744384943715,16308.149813388041,10,1,1,train
7057,Punjab,0,6,21712.728178903646,12756.41106686673,67.25562176368778,1,1,train
7058,Punjab,1,5,48719.40133673871,43992.9010181359,54.26421442439938,0,0,train
7059,Khyber Pakhtunkhwa,0,2,12657.97783598029,12672.255290801713,10,0,1,train
7060,Khyber Pakhtunkhwa,0,5,27069.65043323874,21072.678609601375,34.03250983859707,0,1,train
7061,Sindh,1,9,36826.79493629922,39688.24265661051,129.5426381076956,0,1,train
7062,Khyber Pakhtunkhwa,0,3,21044.77781634012,18797.38620724302,10.209767366157067,0,1,test
7063,Khyber Pakhtunkhwa,1,2,29566.173194723735,27193.795002999443,10,0,1,train
7064,Sindh,1,4,66437.41064055973,47466.29093242316,103.44670864773975,1,0,train
7065,Punjab,1,5,55006.22280311643,39093.90792290069,108.66092031541521,1,0,train
7066,Khyber Pakhtunkhwa,0,3,30211.753089859907,28485.555963915733,31.027719041074313,0,1,train
7067,Punjab,0,3,3417.7019938683393,3000,10,0,1,train
7068,Punjab,1,5,37031.8635337911,29097.146742282097,90.78588280441492,1,1,train
7069,Punjab,1,5,51062.77144597023,36911.88380618753,53.85014409321389,0,0,train
7070,Punjab,1,6,21862.05339516916,21182.151243003405,106.34703237415246,0,1,train
7071,Punjab,1,7,24234.442405736125,16348.871226366593,99.93380513175985,1,1,train
7072,Sindh,0,7,31937.22451252786,29171.800527099644,123.98123606478023,1,1,train
7073,Khyber Pakhtunkhwa,0,6,63760.90391568722,49425.546150113565,109.5513751489187,0,0,train
7074,Punjab,1,5,124698.72614919183,100149.9843099284,113.07762207236475,1,0,train
7075,Punjab,1,4,95494.93603909167,68780.45144333589,139.54405448137956,1,0,train
7076,Sindh,1,7,25896.53987254865,17504.382561171864,71.00921515054647,0,1,test
7077,Punjab,1,6,31002.854422360746,22655.992095921836,116.60722741993837,0,1,train
7078,Sindh,1,3,73492.25510382964,60741.8255458341,106.20099510793442,0,0,train
7079,Punjab,1,3,17326.7212495842,10841.517177272413,58.87410679783113,1,1,train
7080,Punjab,0,3,16153.271876008708,10741.852840803276,58.45574262086813,0,1,train
7081,Khyber Pakhtunkhwa,0,5,53541.0599999764,40362.464056730445,103.30183346298477,0,0,train
7082,Punjab,1,5,41691.58076139391,34092.38647473546,72.8029122228773,1,0,test
7083,Punjab,0,5,28634.100506408875,24819.42766456283,118.32164440190084,0,1,train
7084,Punjab,0,3,68850.84081875464,56052.457076683,82.55449940732424,0,0,test
7085,Khyber Pakhtunkhwa,0,1,18170.28680380555,14091.977779915173,10,0,1,test
7086,Punjab,1,3,34687.41448436226,29083.09229466422,78.24598684977511,0,1,test
7087,Khyber Pakhtunkhwa,0,2,29700.159814988194,25705.951084436245,21.59929096254054,0,1,train
7088,Punjab,0,4,27477.90453816054,22491.670078354728,42.95826256553626,0,1,test
7089,Punjab,1,3,37627.46124043647,37837.74319270677,86.68647593180052,0,1,test
7090,Punjab,0,2,14009.515395561295,11295.64780242702,33.5985005024487,0,1,train
7091,Khyber Pakhtunkhwa,0,7,46105.63581989861,34968.92148722972,51.16100432133632,0,0,train
7092,Sindh,0,8,10270.40567416593,10519.365162520182,101.1712782543262,0,1,train
7093,Sindh,0,7,49795.61414053966,39778.82516258621,104.86729875325261,1,0,train
7094,Sindh,0,6,52006.31796969124,44004.64206683699,117.8636783708919,0,0,train
7095,Punjab,0,4,16128.60608704299,16095.487933114486,32.84544983426756,0,1,train
7096,Punjab,0,2,25791.90424955204,28551.840153120815,56.878834085563795,0,1,train
7097,Punjab,0,1,22529.01370740722,22468.34227472167,61.283786190257445,0,1,train
7098,Sindh,0,7,104891.39552657855,77549.27525707065,201.8197700639932,0,0,train
7099,Punjab,1,3,25021.715957890166,22632.585375128117,10,1,1,train
7100,Punjab,0,4,25571.01862107223,18589.11669789047,108.0735879978429,0,1,test
7101,Balochistan,0,4,11206.727353887407,10426.115599498473,94.58390830992599,0,1,train
7102,Islamabad,1,8,41537.26216469525,33177.95126361719,108.15488969644657,1,0,train
7103,Khyber Pakhtunkhwa,0,10,42836.42360500414,37963.83282122523,106.58997384160674,0,0,train
7104,Punjab,0,4,24905.841144735055,24974.497234038725,59.60053284456102,0,1,train
7105,Khyber Pakhtunkhwa,0,4,13564.90520629227,10519.19511488987,61.854854081897564,1,1,test
7106,Punjab,0,7,53190.76277392487,47568.57771315074,94.22412578285504,1,0,test
7107,Punjab,0,4,21837.653219676,21488.18592246669,45.875173064485864,0,1,train
7108,Sindh,0,4,54972.9614865884,33895.410349227524,10,0,0,test
7109,Punjab,1,8,73934.60513860358,63161.4942638931,109.16380330198803,1,0,test
7110,Punjab,0,8,24098.5605485963,23600.307990139278,154.95921012321017,0,1,train
7111,Punjab,0,4,59581.86526172144,40619.72811968002,44.11075917950326,0,0,train
7112,Sindh,0,7,18695.62076252835,14989.173943751024,13.957049315247943,0,1,test
7113,Punjab,0,6,36077.25379358383,36940.45435036589,88.11068292260127,1,1,train
7114,Punjab,1,6,62774.8904446831,43298.14293905442,102.98121476663351,0,0,train
7115,Punjab,0,5,45450.218280383946,29426.993361202494,43.95429588503431,0,0,train
7116,Sindh,0,2,21035.106420533702,28002.45275001059,70.23600180489974,0,1,test
7117,Punjab,0,3,21297.31835529537,20168.473023173126,70.21104185129587,0,1,train
7118,Balochistan,0,8,37579.41514177476,35250.36103944777,97.18836517910498,0,1,train
7119,Sindh,1,5,20971.561451833004,15120.474151223094,10,1,1,train
7120,Khyber Pakhtunkhwa,0,3,18675.76060666263,15261.178167631486,28.417897330668136,0,1,train
7121,Punjab,0,5,55495.51384749324,45083.18161056079,76.57888363355423,1,0,test
7122,Khyber Pakhtunkhwa,1,5,41861.599826766615,27271.210756251854,45.640273477173366,1,0,train
7123,Sindh,0,7,27325.217805677796,27991.768048248225,67.11156165675604,0,1,train
7124,Punjab,1,4,39032.088341480434,36858.14687754979,70.64600860515986,1,1,train
7125,Punjab,0,5,58090.18247086323,44905.67382542223,116.1627243219371,0,0,train
7126,Sindh,1,4,28698.77427491382,21823.624592166467,66.56614632174934,1,1,test
7127,Balochistan,0,4,69071.82596249662,50825.0669324109,138.0301568723192,0,0,test
7128,Punjab,0,3,23827.373734502115,21219.45398191443,30.281139298336818,0,1,test
7129,Islamabad,1,3,45844.19389072443,31488.123198756562,69.77499781494436,0,0,test
7130,Punjab,1,2,25311.770220847233,18540.48806916944,17.575213393758787,0,1,test
7131,Khyber Pakhtunkhwa,0,6,86256.05062511354,69927.92655285783,89.91949991710061,0,0,test
7132,Punjab,1,7,14960.774066170263,13896.862717124844,91.08877333884362,0,1,train
7133,Punjab,0,4,23058.03253121424,26825.689112662403,72.72774872736431,1,1,test
7134,Punjab,1,3,25403.129623769535,22977.79276304823,74.90811602139878,1,1,test
7135,Sindh,0,6,27711.50068607771,25010.052548384487,67.02897946639906,0,1,train
7136,Punjab,0,2,7899.890711241503,3896.36056131051,28.07437460308603,1,1,test
7137,Punjab,0,4,40400.759629683096,26967.609077917474,88.04739780290635,0,0,test
7138,Punjab,0,6,12970.42744009085,14354.739446361637,65.06083898336924,1,1,train
7139,Punjab,1,4,18821.766186908277,20200.044079730684,68.09106976371758,0,1,train
7140,Punjab,0,4,18244.08357443881,21931.661562666086,93.08887758705342,0,1,train
7141,Punjab,1,2,17268.596453002185,15179.862151789892,48.30814032161337,1,1,train
7142,Punjab,0,4,13190.925951715211,15951.087446090212,19.94335229300094,0,1,train
7143,Balochistan,0,6,21646.27307428127,28003.277172391976,40.267577324053306,0,1,train
7144,Punjab,1,7,20828.599216492898,17911.73658945447,116.96387877331834,1,1,train
7145,Punjab,0,7,54871.349269942795,44031.00227716085,113.19321007317986,1,0,test
7146,Punjab,0,10,7854.573337076724,7547.171749783469,112.72374873584272,0,1,test
7147,Khyber Pakhtunkhwa,1,3,43971.9965060102,37552.55740665255,49.92381426805699,1,0,train
7148,Sindh,1,3,72501.02482887571,67008.63413056187,96.87229430280813,0,0,test
7149,Punjab,0,10,52766.5439231408,33347.293042549296,202.65636038633474,0,0,test
7150,Punjab,0,1,24411.586876455705,16243.21163614362,61.809151661696646,0,1,train
7151,Punjab,1,5,32436.68253341156,28704.81068289125,45.35817320824642,1,1,test
7152,Punjab,0,6,30213.165724673843,27023.89436748015,147.8926430064924,0,1,train
7153,Sindh,0,2,51814.815393450364,32701.344177720435,65.66809262520592,0,0,train
7154,Punjab,1,8,38719.43155471769,33471.12783074863,91.44997025988523,1,1,test
7155,Punjab,1,6,16764.402618588458,11069.248224618032,42.46170339551544,0,1,train
7156,Punjab,0,8,89807.42313490529,64317.06150601872,124.08659341194843,0,0,train
7157,Khyber Pakhtunkhwa,1,6,26512.961339556427,20300.651095696572,61.886959912460625,0,1,test
7158,Khyber Pakhtunkhwa,0,4,11051.712213390458,8741.278701976065,27.94008476059455,0,1,train
7159,Punjab,0,4,13037.676790158264,15527.093979198093,10,0,1,test
7160,Sindh,0,5,45567.00007493517,34203.410638496745,113.43608632416482,0,0,train
7161,Punjab,0,6,16033.377588569849,19362.886148857244,32.85064567099633,0,1,test
7162,Punjab,1,2,38025.5684086031,41048.111510572315,60.172235163697536,1,1,train
7163,Punjab,1,6,126433.82890224956,91594.19025135972,140.26189765512206,1,0,train
7164,Punjab,1,1,6215.931992243259,3000,32.31810890080749,1,1,train
7165,Punjab,0,6,23752.455351638466,17498.87639930627,79.11359757286971,0,1,train
7166,Punjab,0,7,33224.35230742004,30105.397941004074,81.5491229453485,0,1,train
7167,Punjab,1,3,19169.16753025062,15471.407548125155,18.54270737094293,0,1,train
7168,Khyber Pakhtunkhwa,0,5,5744.398888929145,10816.423721482586,18.480225312400925,0,1,test
7169,Sindh,1,7,18413.415666123867,14268.602291728252,133.3193639686666,0,1,test
7170,Punjab,1,4,19001.347161977257,19388.743854294804,99.44873390685191,1,1,train
7171,Punjab,0,4,23917.247673612037,19553.330917228628,112.23152730199902,0,1,train
7172,Khyber Pakhtunkhwa,0,5,19143.024633522746,15162.759130206741,29.7086891026131,1,1,test
7173,Sindh,0,3,16629.896027393217,15400.76158574397,27.17435482691986,0,1,test
7174,Sindh,0,5,44841.58021519685,36182.92480881213,46.75546517151613,1,0,train
7175,Punjab,0,8,6356.4975952746245,5745.306805370274,131.02679357319704,1,1,train
7176,Punjab,1,4,41300.0482669866,31202.316008472706,47.77859196853176,0,0,test
7177,Khyber Pakhtunkhwa,1,1,21226.50666805436,22751.45000112519,34.00342831955257,1,1,test
7178,Khyber Pakhtunkhwa,0,2,24077.85782301573,18475.146079874525,45.78358167640926,1,1,train
7179,Sindh,0,7,37488.57607859068,32885.01882914416,119.5072012321895,0,1,test
7180,Punjab,1,4,26865.25115546646,32082.89457218506,32.68107542690858,1,1,train
7181,Punjab,1,1,24638.222438826204,12982.664735223238,69.18790753487465,1,1,train
7182,Khyber Pakhtunkhwa,1,11,32503.24142656451,29351.200325367812,171.9309005706442,0,1,train
7183,Punjab,0,6,34631.4110955842,29280.950598453062,92.80087540884999,0,1,test
7184,Sindh,0,5,26483.83173135111,24759.516645251475,58.968955182676524,0,1,train
7185,Punjab,0,6,21055.68247472704,15360.08641581501,107.31559523081481,0,1,train
7186,Sindh,0,7,44192.00719932335,37640.23064673612,125.69554142127124,1,0,test
7187,Punjab,0,4,7805.064243245806,6078.137886365536,23.688846736442066,1,1,train
7188,Sindh,0,5,13217.853330299926,11480.8575196225,55.83641520780086,1,1,train
7189,Khyber Pakhtunkhwa,1,2,20450.759164877953,22322.669979286187,97.52455925022028,0,1,train
7190,Punjab,1,5,60564.012949103024,45413.47883528426,79.75229890995963,1,0,train
7191,Punjab,1,4,43496.70990374458,28028.935957415677,106.9650025010491,0,0,train
7192,Sindh,0,2,26975.18077261784,26667.323094704367,61.00303998577806,1,1,train
7193,Punjab,1,6,96597.66192050713,66410.5702528471,163.66585167593763,0,0,train
7194,Khyber Pakhtunkhwa,0,8,29081.383991001883,29903.667924689405,56.529555950462,0,1,train
7195,Punjab,0,11,28364.097112756546,31397.01338446315,118.28766223553124,1,1,train
7196,Punjab,0,3,48325.76560419625,41523.849727939225,56.88145724315386,1,0,train
7197,Punjab,0,3,19621.837593384396,23129.500466412672,74.45834870868478,0,1,train
7198,Punjab,0,2,23045.872342699644,20279.006295024494,44.46656110817877,0,1,test
7199,Punjab,0,6,14367.982443507324,16637.610564037488,78.3169077004589,0,1,train
7200,Khyber Pakhtunkhwa,0,8,49363.19332935691,37127.849724859945,109.90112546130153,0,0,train
7201,Punjab,0,3,65094.010357268955,47096.8221336678,58.56380716076085,1,0,test
7202,Khyber Pakhtunkhwa,0,2,21008.195696872986,16811.492588683945,51.514741792865586,0,1,test
7203,Punjab,0,1,20242.644503008112,25398.22019581628,10,1,1,test
7204,Balochistan,1,6,32990.13179219873,27037.192233028207,47.87508311243355,0,1,train
7205,Punjab,1,3,60065.99958071254,44777.437522329594,66.76679149386294,0,0,test
7206,Sindh,1,7,15382.239240920984,13325.507111451778,94.78972835134323,1,1,test
7207,Punjab,1,8,23043.608053586944,24032.50925732726,114.63627870861468,1,1,train
7208,Balochistan,1,9,38683.1557676595,35062.69525441761,116.71186056092216,0,1,train
7209,Punjab,1,4,15340.527832807706,17952.719331696288,20.807685365088094,0,1,test
7210,Punjab,0,8,13226.562952747996,10148.489901062509,63.41326769628452,1,1,train
7211,Khyber Pakhtunkhwa,0,7,15903.172499388866,14029.246569487881,100.53558798330715,0,1,train
7212,Balochistan,0,5,23888.56295922192,14817.10899910078,48.05174290237677,0,1,train
7213,Balochistan,0,2,18128.993767949654,11983.468059076535,42.789510147166624,0,1,test
7214,Punjab,0,8,25824.3196269999,26916.11183230981,171.47981466942815,0,1,train
7215,Khyber Pakhtunkhwa,0,5,25882.262073458936,26839.775697240282,104.86366320655571,0,1,train
7216,Punjab,1,6,26309.386208119216,25429.83451016704,81.86061067891171,0,1,train
7217,Punjab,0,4,13616.348482835387,7882.038295268574,28.595371114529286,0,1,train
7218,Punjab,1,5,17512.806190932835,11203.948175037049,71.40747394895351,0,1,test
7219,Punjab,0,5,22958.79959318991,16891.389348085864,32.161113381201005,1,1,train
7220,Punjab,0,2,32141.017093382634,28146.918921072454,30.273947977419837,0,1,train
7221,Khyber Pakhtunkhwa,0,7,8999.95940281155,3011.6575589517715,93.15139097002401,0,1,train
7222,Punjab,0,6,19244.988027714564,15450.888728545207,89.88147981710748,0,1,test
7223,Khyber Pakhtunkhwa,0,1,33246.44511073891,31058.19963804349,34.946968136291645,0,1,train
7224,Punjab,0,6,27520.564499864588,21290.90434418665,72.11775211716686,0,1,test
7225,Punjab,0,6,23029.16723782168,15873.069343375686,86.12362872307301,0,1,test
7226,Punjab,1,2,33985.04853240095,35261.639059531706,10,1,1,train
7227,Punjab,1,7,14567.042134966638,14529.990444061688,128.24479526275624,0,1,train
7228,Punjab,0,8,57486.66567118918,50897.167767158215,123.6408229001722,0,0,train
7229,Khyber Pakhtunkhwa,1,5,41569.20517782369,32290.886132566648,48.93618747748018,1,0,train
7230,Sindh,0,7,37276.6053687685,32013.426294730445,155.5583219143445,0,1,test
7231,Sindh,0,7,30242.528184138602,22888.182143270664,140.78155341863433,0,1,train
7232,Khyber Pakhtunkhwa,0,6,19783.920645392252,13942.79469187934,105.2278708095997,1,1,train
7233,Balochistan,0,10,14608.673078263793,9567.916685586122,92.53507793830548,1,1,test
7234,Punjab,0,6,33466.62740578222,23065.81538598831,110.54900841042458,0,1,test
7235,Punjab,0,6,22934.233432500183,18656.46413187235,63.290871313662976,0,1,test
7236,Sindh,1,5,103083.31571135408,80387.15110930511,149.32329028483062,1,0,test
7237,Punjab,0,4,93194.53534083205,83884.84869850654,133.8169214248327,0,0,train
7238,Punjab,0,6,41568.83312119945,30235.216340733237,39.26982204021061,0,0,train
7239,Khyber Pakhtunkhwa,1,6,60647.724654244834,50931.05146004229,125.80601627400777,0,0,train
7240,Sindh,1,1,42001.067984924935,34132.54004311638,54.26568976304553,1,0,train
7241,Sindh,0,4,14233.891274328731,9408.813162856015,19.88080964292257,0,1,test
7242,Punjab,1,6,18376.938460033165,14370.515154307574,32.15671134818681,1,1,train
7243,Punjab,1,5,10062.277244060457,5035.87373546356,22.300874294185654,0,1,train
7244,Punjab,0,5,23861.00721533638,22764.366530272942,100.68418909407237,0,1,train
7245,Punjab,0,1,12446.564102930979,6059.206190232466,47.37964746439245,1,1,train
7246,Sindh,0,10,50455.75915741879,47709.942476571145,149.6047616901272,0,0,train
7247,Khyber Pakhtunkhwa,0,3,43375.42138084102,31347.771906551763,91.6368067790987,0,0,train
7248,Punjab,0,7,27752.056661479615,19529.899237632802,73.46646793098657,0,1,train
7249,Sindh,0,6,6703.18134513897,3000,67.76431950883426,0,1,train
7250,Sindh,1,7,33198.20177579259,25077.521924486085,115.44422281166794,0,1,test
7251,Sindh,1,9,48234.50868635721,45662.6556511014,123.8143702075281,1,0,test
7252,Punjab,0,6,72325.0662649073,51232.3979502161,107.60129483228314,0,0,train
7253,Khyber Pakhtunkhwa,0,3,76577.05885217164,61347.654788301006,125.78458329093982,0,0,test
7254,Sindh,0,9,43216.86603963793,28043.544232020868,188.8840686333562,0,0,train
7255,Punjab,1,7,42014.60729933291,34678.700841442616,89.07812625026072,1,0,train
7256,Punjab,0,6,16442.432998531352,19762.560635183174,57.21137580990448,0,1,test
7257,Sindh,1,5,26760.147096816137,22638.9065134166,110.47868632671592,0,1,train
7258,Islamabad,0,4,69647.7711622821,55010.90322268968,101.07508981056868,0,0,train
7259,Punjab,0,4,113074.68097829427,70936.02331629368,135.2028434122201,0,0,train
7260,Punjab,1,5,15437.675106901335,15284.8216931387,10,0,1,test
7261,Sindh,0,5,38534.79194271876,35954.91568415057,85.8430149332645,0,1,train
7262,Khyber Pakhtunkhwa,0,5,22938.666612320954,20537.212903917814,104.63498722851176,0,1,train
7263,Sindh,1,6,42319.52228352205,31782.0321153767,107.89418038669828,1,0,train
7264,Khyber Pakhtunkhwa,0,6,59078.2903988875,46275.54823293705,128.3936759778431,1,0,test
7265,Punjab,1,9,18300.696448529252,15044.291361493557,137.589282379464,0,1,train
7266,Punjab,0,4,25143.580196584284,22578.049486905355,69.45913718709026,0,1,train
7267,Punjab,1,5,16304.049110293536,10000.153798543608,81.79194504589275,0,1,train
7268,Punjab,1,5,48211.454819723476,39841.53255088735,78.65692200677364,0,0,train
7269,Punjab,1,8,77843.43704709764,52980.886490375684,196.62622906019925,1,0,train
7270,Punjab,0,4,28472.71561313391,26742.686495147762,80.56022265876314,0,1,test
7271,Khyber Pakhtunkhwa,1,5,28209.966381946273,21684.43954129506,40.052168017673836,1,1,train
7272,Punjab,0,2,33451.65505420063,28032.70849797206,76.19184144769895,0,1,train
7273,Punjab,0,6,78240.6317185806,61272.44278953409,132.88566823915858,0,0,test
7274,Sindh,1,7,59334.38949449894,49702.24088090568,95.60035152244174,0,0,train
7275,Punjab,0,2,21643.987199886647,13564.600648088293,20.81727762259888,0,1,train
7276,Punjab,0,8,18212.97696096876,19382.556595343754,64.00357034485077,1,1,train
7277,Sindh,0,4,18018.84343833687,16561.001227824396,80.87149451945754,0,1,train
7278,Sindh,0,5,57021.747501498154,55860.30702830896,88.47577267860416,0,0,train
7279,Punjab,1,5,33816.36411100293,21264.65632183191,34.91896613992355,0,1,test
7280,Khyber Pakhtunkhwa,0,4,41491.47496181372,31117.269188281993,111.807183250343,0,0,train
7281,Punjab,1,9,32334.802124177193,33008.193835006416,171.94063243084383,1,1,test
7282,Khyber Pakhtunkhwa,1,9,54326.046688946255,49214.45035687384,146.6681351415139,0,0,train
7283,Punjab,0,3,21947.940733338688,20075.71510426371,27.0298832701603,0,1,train
7284,Punjab,0,4,47055.81359258854,39697.80809538056,114.93066492364892,0,0,train
7285,Punjab,0,5,24406.68649976503,27270.88653535029,59.832608479575654,0,1,train
7286,Punjab,0,3,15583.383389381017,16228.315093345589,45.45379455330562,0,1,test
7287,Sindh,0,6,30082.975189086017,28758.027159002766,70.20418419601243,0,1,train
7288,Punjab,0,1,43176.80766063284,33056.95584687966,10,1,0,train
7289,Balochistan,1,6,35494.70439432797,31789.05507700792,94.3060815737115,0,1,train
7290,Punjab,0,11,21821.71395857342,21592.61065116342,169.83300804182363,0,1,train
7291,Sindh,1,5,34695.215513302675,32142.27772083717,17.278185026133045,0,1,train
7292,Punjab,1,7,83221.8198136657,57411.6828928131,104.18303657231755,1,0,test
7293,Punjab,1,5,26951.99005661529,27294.099520117896,85.99976392432774,1,1,train
7294,Punjab,0,4,13583.362935177169,12246.16760958073,21.053084035857903,0,1,test
7295,Punjab,0,1,29242.65044958411,26545.604525389175,39.38448629183988,1,1,train
7296,Punjab,1,7,19626.375043222655,18091.685318508495,112.62792188946472,1,1,train
7297,Punjab,0,4,115525.2637065639,98767.02572773721,125.0260062443012,1,0,test
7298,Khyber Pakhtunkhwa,1,6,56644.5377926973,37258.34085374832,163.99093277752513,0,0,test
7299,Punjab,1,3,57079.028616120675,44747.57221522229,106.77730788889909,1,0,train
7300,Punjab,0,5,15403.952156832092,12277.36670495353,89.3172875532677,0,1,train
7301,Punjab,1,4,68446.28997589115,57263.84518603209,89.93534442693856,1,0,train
7302,Punjab,1,5,10731.683809036915,12263.403946601458,100.91456114410707,1,1,train
7303,Khyber Pakhtunkhwa,0,5,20638.22069152676,23169.85374901888,68.28042786828767,1,1,train
7304,Sindh,1,4,11335.752616050102,9046.221499277246,67.9821553035504,1,1,train
7305,Sindh,1,7,16166.028660986516,9855.840771130981,89.29652110075764,0,1,test
7306,Sindh,0,4,50120.66558777991,36202.853165705936,107.6749840461798,0,0,train
7307,Punjab,1,7,25379.50557065618,25453.01182827405,129.1406392308939,0,1,test
7308,Sindh,0,4,10281.160470519724,7227.967683038684,16.90478999855701,0,1,test
7309,Khyber Pakhtunkhwa,0,5,24395.923351305046,19541.69312551797,73.13391818440499,0,1,train
7310,Sindh,0,1,28702.1251217744,20140.63310152457,31.902848856826395,0,1,train
7311,Khyber Pakhtunkhwa,1,3,28435.464774952758,25308.53709404376,11.86390102362757,0,1,train
7312,Punjab,1,5,7086.773981438868,6988.81458515747,48.16463092015216,1,1,train
7313,Punjab,1,5,39142.29372848566,41501.92785750441,100.59318637904708,1,1,train
7314,Punjab,0,9,14605.082631105905,10341.72858207527,138.1778269262969,0,1,train
7315,Khyber Pakhtunkhwa,1,2,49535.98228872739,30821.589913910095,43.921427531857546,0,0,train
7316,Punjab,0,1,15694.079945079264,14802.785512836,40.5395252562849,0,1,train
7317,Sindh,0,4,34196.02605843557,29733.349774179933,68.07722942790386,0,1,train
7318,Punjab,1,6,25056.106074331583,23833.90515042178,55.47422018907006,1,1,train
7319,Sindh,0,4,28139.949991327183,25120.577311762496,120.78404278988472,0,1,train
7320,Khyber Pakhtunkhwa,1,7,44786.890233937585,36057.36319089659,144.2437282810389,0,0,train
7321,Punjab,1,4,28037.164589834614,33196.944753991665,52.063665695776315,1,1,train
7322,Punjab,0,5,148542.96928384772,127483.6137620467,171.37238566444742,1,0,train
7323,Khyber Pakhtunkhwa,0,5,56763.50875279123,38570.221573285475,77.91569793015603,0,0,test
7324,Punjab,0,3,47139.72508818739,35108.78948117436,37.386670806481945,1,0,train
7325,Punjab,0,3,32006.079828201662,21952.58967588859,74.69547197891421,0,1,test
7326,Punjab,1,5,14715.352036378277,17499.81917072167,98.43247465270065,0,1,test
7327,Punjab,1,3,22191.405248020757,18634.156974519065,109.16038785684985,0,1,test
7328,Punjab,0,9,56153.23840936333,43291.867382345474,85.86350569710807,1,0,test
7329,Sindh,1,2,41211.03307614529,25855.642222062626,10,0,0,train
7330,Sindh,0,11,105192.4427917469,72183.42566905823,224.4152039278271,0,0,train
7331,Punjab,1,7,47218.045671237014,45315.42494240613,77.14466800763635,0,0,test
7332,Punjab,1,9,44415.205083486784,38499.43137858847,95.36108481353219,0,0,train
7333,Punjab,0,8,30550.346723186776,27874.26683796646,89.79417069451318,1,1,test
7334,Punjab,0,4,21880.720963854557,21155.437483925,82.68781132749268,0,1,test
7335,Sindh,1,3,20371.542838907124,14129.382462620226,60.56570631754927,1,1,train
7336,Punjab,1,9,31644.657078169086,30958.691393640744,115.51739591482755,0,1,train
7337,Punjab,0,4,27077.053173953227,21913.173111095683,64.75663950424968,0,1,train
7338,Sindh,1,5,29781.785443498487,23132.746109405693,55.21994864693889,1,1,train
7339,Punjab,0,8,56458.28604348524,41272.15895513485,142.8143053385287,0,0,train
7340,Punjab,0,4,20400.512568751707,21880.7113196339,52.76037859552279,0,1,train
7341,Punjab,0,7,18924.843525178643,13976.710743859443,95.22581772052942,1,1,train
7342,Sindh,1,7,16762.21770466161,13340.72802771426,87.1902738890141,0,1,train
7343,Punjab,0,7,29079.348773630256,20114.40837219115,52.10981765819368,0,1,test
7344,Punjab,0,5,16768.871455940694,9537.607212144623,25.556122147210644,0,1,train
7345,Balochistan,1,4,48620.3400901127,42073.413206584075,125.0411217139926,0,0,train
7346,Punjab,1,2,41802.236081438125,30020.819906779085,88.90419260818899,0,0,train
7347,Punjab,0,10,16632.74628546402,12885.21824219416,125.5483038943548,0,1,train
7348,Punjab,0,2,10870.433131844167,10782.687380024032,30.711995779654874,0,1,test
7349,Punjab,1,2,18295.364068259005,18102.121611807797,39.41792858713035,1,1,train
7350,Balochistan,0,5,45098.63674332579,40530.58206724584,77.91612077069995,1,0,train
7351,Punjab,0,5,18448.19018283993,13287.797045532048,10,0,1,train
7352,Sindh,0,4,101315.86922683679,76140.41743824755,178.56962657315296,1,0,train
7353,Punjab,0,5,24835.07062382402,19447.150034758397,90.99129387173805,0,1,train
7354,Sindh,0,6,85386.27614392442,66613.34441970004,104.89200381759034,0,0,train
7355,Punjab,1,8,22094.295074130478,20237.572121935867,110.00816221051565,1,1,train
7356,Khyber Pakhtunkhwa,0,3,12165.22970091417,14573.202013544467,58.49216821078357,1,1,train
7357,Sindh,1,2,34147.73048729539,33442.43901499024,39.49396659729431,0,1,train
7358,Khyber Pakhtunkhwa,1,4,18900.59467812021,17915.230547676354,29.922728040126604,1,1,train
7359,Sindh,1,5,12145.004829156564,11923.465821365196,123.68456534628638,0,1,train
7360,Punjab,1,5,25277.462406729872,23641.887081493143,54.54877056654016,1,1,train
7361,Punjab,1,2,23305.622092112946,20949.972567168523,58.40200223422044,1,1,test
7362,Punjab,1,3,85524.97737413253,56562.90565489107,125.3066424810727,1,0,train
7363,Punjab,0,3,17914.498498923705,14381.07187152494,14.636184495119863,1,1,train
7364,Sindh,0,1,59862.41395736789,49424.93877730043,55.19748526554986,0,0,train
7365,Punjab,1,2,16298.239536348668,16537.451712270784,15.94647960658499,0,1,test
7366,Punjab,0,8,56707.045454157174,41136.38081905714,123.33528154427394,0,0,test
7367,Balochistan,0,11,55551.62712725178,38388.369363032565,184.44989789027605,1,0,train
7368,Sindh,0,4,52754.89982199123,43201.33152342451,107.91156428903511,0,0,train
7369,Punjab,1,5,64700.46294927713,46445.551244240036,47.195759210762944,1,0,train
7370,Sindh,1,1,3260.7992558250216,3000,10,0,1,test
7371,Punjab,1,2,52155.92369025812,35095.64448582735,47.92698274927257,1,0,test
7372,Punjab,1,5,36728.62987057989,30409.603525995637,97.99544669196996,1,1,train
7373,Punjab,0,6,39544.32592457639,35288.93268739124,102.09215139357039,0,1,train
7374,Balochistan,1,8,11997.980309201652,11565.564469426183,60.46221795440175,1,1,train
7375,Punjab,1,7,19734.412259726916,15222.862964651284,85.53506325496994,0,1,train
7376,Punjab,1,6,47384.94422203619,31305.246848133047,85.53578331653455,1,0,test
7377,Islamabad,0,4,23158.90884288067,19891.713479093916,83.66482923786938,0,1,test
7378,Punjab,0,2,19520.299814414677,13988.89571129621,35.646334392217625,0,1,test
7379,Punjab,0,8,11170.1291568978,6024.056608357396,54.34083813488938,0,1,train
7380,Sindh,0,5,7240.292964688438,4051.0741737705466,27.47120058531034,0,1,train
7381,Punjab,0,4,102232.24404793404,87181.59699848668,98.96049846003221,0,0,test
7382,Punjab,1,3,16546.995420704752,14050.629724399743,32.77743737680109,1,1,test
7383,Sindh,0,7,53863.06000505129,47259.15478440867,188.69318478191917,1,0,train
7384,Punjab,1,2,25631.96085102588,12787.276684947554,41.15727871474494,0,1,train
7385,Khyber Pakhtunkhwa,1,1,15489.580739865221,18429.98709797562,46.431418617189685,1,1,test
7386,Punjab,1,7,32691.78961379557,28320.74086151181,95.24437726799556,0,1,test
7387,Punjab,0,4,116435.9301432347,83671.15989308199,150.4166278011582,1,0,train
7388,Punjab,0,5,27536.563928816435,20759.225029745,85.3912921780836,1,1,train
7389,Balochistan,0,9,21839.418681240557,24527.047992568467,113.87681869347804,0,1,train
7390,Sindh,0,3,20061.349910397836,19459.178278770676,49.66993390168261,0,1,test
7391,Sindh,0,2,65602.69156376415,43898.60773356602,37.89424257316535,0,0,train
7392,Punjab,0,3,29369.2093932658,22520.41813964588,49.0612386345228,1,1,train
7393,Punjab,0,3,50703.651136673834,33398.76605879274,57.54307228198843,1,0,train
7394,Punjab,0,6,96075.76302348067,65121.37018248055,143.22377509499896,0,0,test
7395,Khyber Pakhtunkhwa,0,4,15057.331935450973,10509.935577301221,38.758016439674314,0,1,train
7396,Punjab,0,9,44702.727598788966,37816.98612335268,166.21760259820158,0,0,train
7397,Punjab,1,2,32133.812639692078,29775.209826373364,51.754503500311124,1,1,test
7398,Punjab,0,3,58591.83873514432,43949.37665418871,86.5286437988969,0,0,train
7399,Khyber Pakhtunkhwa,1,9,18263.084579853698,21815.27828477326,62.526188904383396,0,1,test
7400,Khyber Pakhtunkhwa,0,5,12718.274880296089,10127.111190030075,81.10362792078466,0,1,train
7401,Punjab,0,5,20844.29238626966,19886.949113408817,103.30104102987809,1,1,train
7402,Sindh,0,3,42713.35960695115,38890.741451691436,66.50236772474459,0,0,train
7403,Punjab,0,7,41415.15884478133,32203.546510638436,85.95282741330307,0,0,train
7404,Sindh,0,4,9155.415884397236,8759.995863791946,88.33115662487984,1,1,test
7405,Punjab,0,4,29115.796997739435,27973.80736041075,26.864969590414816,1,1,train
7406,Sindh,1,7,50965.99268399255,40822.09139648931,143.8103463511212,0,0,train
7407,Punjab,0,8,32274.6310542693,27817.112048234867,102.0443383246536,0,1,test
7408,Punjab,1,4,32087.535256163515,30025.51419902565,50.8574568877173,0,1,train
7409,Punjab,0,6,36141.63057397195,32109.049582656913,64.92923406477284,0,1,test
7410,Sindh,0,4,19458.687801538254,17058.328902089965,58.47559074786987,1,1,train
7411,Punjab,1,4,29218.560383664197,34659.264710238036,100.42864208471323,1,1,test
7412,Khyber Pakhtunkhwa,0,6,28525.83545294518,24447.55996816859,67.96545858351064,1,1,train
7413,Sindh,0,5,83317.09151106808,67717.19701238081,136.66572493883217,1,0,test
7414,Punjab,0,6,59896.47524379661,38800.295884822044,145.79477597053892,0,0,train
7415,Khyber Pakhtunkhwa,0,5,29215.774754445567,27036.54535154144,78.01229818963132,0,1,train
7416,Punjab,1,4,27728.03168546334,23002.543035436585,80.28506191288909,1,1,train
7417,Punjab,1,9,31807.251548670567,30645.860997838707,127.06259560288873,1,1,train
7418,Punjab,0,4,29042.196804309773,22484.897241592742,57.34099452964618,0,1,test
7419,Sindh,0,5,35687.42603702002,30328.88826169862,57.16011144472266,1,1,test
7420,Sindh,1,10,7423.633006055518,3210.325255233926,132.0386322913269,1,1,train
7421,Sindh,1,4,44993.971946552076,36888.20781991095,102.74026344771191,0,0,train
7422,Punjab,0,3,14847.720259376041,16407.606601228785,69.08374516222486,1,1,test
7423,Punjab,1,1,69477.159096572,64649.141819371216,22.838596034061197,1,0,test
7424,Khyber Pakhtunkhwa,1,3,41410.982938815796,34519.47383651797,25.37988304990744,1,0,test
7425,Balochistan,1,2,14959.615862166323,17218.70881196067,38.81850160329731,1,1,train
7426,Punjab,0,6,7531.109529787481,11701.884623280683,77.0123635418931,0,1,test
7427,Punjab,0,5,5378.474510285967,3000,63.30354246644003,0,1,train
7428,Sindh,0,6,38729.31916666423,35008.61004191957,90.9660287820409,1,1,train
7429,Punjab,1,4,22735.740061298948,19653.64979764792,105.63260933710544,1,1,train
7430,Punjab,0,4,45786.40010489373,38130.51698921325,80.96574753978317,0,0,train
7431,Balochistan,1,5,14184.876679153302,10106.214996427487,106.49623218968881,1,1,test
7432,Sindh,0,3,34003.074166092796,32309.438344840746,56.50664432166461,0,1,train
7433,Sindh,1,5,8002.040348015985,6777.692007917883,22.0553554440257,0,1,test
7434,Punjab,0,2,55908.38141390822,39930.31848214715,61.36980468110248,0,0,train
7435,Punjab,1,8,27073.586776400964,20540.62619896612,64.01324019137371,0,1,train
7436,Punjab,1,8,22042.391707318908,19382.612901135668,137.92419969048072,1,1,train
7437,Punjab,1,2,41111.75059259088,31006.308425950865,10,0,0,train
7438,Punjab,0,5,27850.537295572925,25154.486839249465,97.60267748737094,0,1,train
7439,Punjab,0,3,13361.820265375336,12736.759144965672,46.765217789543335,0,1,train
7440,Sindh,0,4,48189.143521104226,43046.03742481746,128.43707541223915,0,0,train
7441,Punjab,0,3,15313.841247147328,12318.8566560811,47.19367194698173,0,1,train
7442,Khyber Pakhtunkhwa,1,5,18578.592547880442,10138.313418231159,103.27043221176712,0,1,train
7443,Punjab,1,5,46800.88981656497,42116.25590121741,38.9746511681803,1,0,train
7444,Punjab,0,3,27191.667572183695,25634.214991652636,65.61035069765207,1,1,train
7445,Balochistan,1,4,7172.179408177369,5755.363107623218,49.00995091510584,1,1,test
7446,Punjab,0,4,53106.57232595002,41638.34458775844,123.21737378982233,1,0,train
7447,Punjab,1,5,18865.45063816237,15024.171975494579,111.76871295273476,1,1,train
7448,Punjab,1,3,27538.378484234523,31539.007578952016,82.46290654019987,0,1,train
7449,Punjab,0,7,14047.332204255941,8711.376303792884,98.07920281327998,0,1,train
7450,Khyber Pakhtunkhwa,1,1,23174.535088702,23145.766197752968,21.992691469024003,1,1,train
7451,Sindh,1,8,39390.57306947087,31874.765595606725,82.60446679931009,0,1,test
7452,Sindh,1,3,21114.3959536605,15994.865416360171,51.24839333213157,0,1,train
7453,Sindh,1,6,41314.19327735402,36521.827867740474,47.05392488769531,1,0,train
7454,Punjab,0,7,21194.582746366046,18112.988145469815,63.54112025369125,0,1,train
7455,Punjab,0,6,20198.826974754807,17027.35560437915,25.434760821942255,0,1,train
7456,Punjab,0,2,16090.748158160593,11435.552482327439,10,0,1,train
7457,Khyber Pakhtunkhwa,1,7,32378.67529017147,33348.5164946137,108.95932016219234,0,1,train
7458,Khyber Pakhtunkhwa,0,7,28932.665963951004,29178.210351454894,120.33520054163357,1,1,train
7459,Khyber Pakhtunkhwa,0,1,17948.312311549224,13197.722526051282,10,0,1,test
7460,Sindh,0,5,50084.99270041941,46069.772571535264,94.44007211846639,0,0,train
7461,Khyber Pakhtunkhwa,1,5,25636.426673013433,22639.376592001587,83.46236555697678,1,1,train
7462,Balochistan,1,8,25616.893446031856,25417.89965003088,128.4166887839453,0,1,train
7463,Punjab,0,4,26319.952215772402,19658.444820022156,71.19852435983826,0,1,test
7464,Punjab,1,6,19249.96532853681,18325.96714523599,76.96132744404538,1,1,train
7465,Punjab,1,6,23428.325270621728,19836.869412317465,64.30067835527893,1,1,train
7466,Punjab,0,1,27152.280532223976,21563.33879570629,10,0,1,train
7467,Punjab,1,3,52817.131615698956,42690.775526166035,52.749146710635834,1,0,train
7468,Punjab,1,5,50049.61298050956,33177.70707322218,113.86661390265158,0,0,train
7469,Punjab,1,2,34757.52358250255,26621.074891578308,32.670888129433465,0,1,train
7470,Punjab,1,2,17724.402895793457,16130.749254184253,19.396600302049077,1,1,train
7471,Punjab,0,11,19678.739086827773,17508.03766893956,120.03423177494479,1,1,test
7472,Balochistan,0,1,45387.19443518691,43488.10791043682,10,0,0,train
7473,Sindh,0,4,21113.583409139515,19781.033598544112,73.90655217384949,0,1,train
7474,Punjab,1,2,46224.20082834414,38023.286316003134,10,1,0,train
7475,Punjab,1,6,14543.519275085251,11065.153091463098,96.63167063832037,0,1,train
7476,Punjab,0,8,22085.90930149012,24658.72134347906,101.68620213895177,1,1,train
7477,Punjab,0,5,24004.717685242642,18801.312223947458,71.00746415850904,1,1,train
7478,Punjab,0,2,24373.397173590267,18637.90572386071,67.81916950291048,1,1,test
7479,Khyber Pakhtunkhwa,0,2,58238.76275199009,43559.73023436818,97.76371175060501,1,0,train
7480,Balochistan,1,3,42310.50606920468,34427.293713622705,57.69761771918671,0,0,test
7481,Punjab,1,5,31187.203805711644,23005.36018268939,76.734522503384,1,1,test
7482,Punjab,0,5,56533.43714600678,48303.54030689473,95.07578274204029,0,0,train
7483,Balochistan,1,7,73334.15773838059,57312.423186257955,122.98118633171966,1,0,train
7484,Punjab,0,5,102764.37398282313,71976.8607360869,78.18804688389255,1,0,test
7485,Punjab,1,5,51340.526006777945,43565.51493344792,10,0,0,train
7486,Sindh,1,5,25129.8081300486,18464.822899773666,56.30493044431669,1,1,test
7487,Khyber Pakhtunkhwa,1,3,48856.624480922175,45341.37657710635,27.675907584725827,0,0,test
7488,Punjab,1,3,95302.3092287893,82830.0146879328,40.01132584138347,1,0,train
7489,Punjab,0,7,28973.951513455053,18091.960627406625,45.57977523364424,1,1,train
7490,Khyber Pakhtunkhwa,0,2,19259.264430409137,17619.638369614604,57.1767043104984,0,1,test
7491,Sindh,0,9,89960.75791362415,67878.21417184641,193.92555862665128,0,0,train
7492,Punjab,0,5,110583.11648290485,96607.30092406791,142.26760542913473,0,0,train
7493,Punjab,1,7,35890.8490394341,35515.311365299014,102.23628219526994,1,1,train
7494,Khyber Pakhtunkhwa,0,7,18561.050795709296,21702.948537543074,130.19982030741406,1,1,test
7495,Punjab,1,4,7115.071229237735,6551.998254971801,72.46010128307674,0,1,test
7496,Punjab,1,9,24070.153075819966,23401.89450960575,118.19006292134529,1,1,train
7497,Punjab,0,5,111960.78536423296,81667.55720647445,124.36470777128513,0,0,test
7498,Punjab,1,8,41760.124707359144,37063.4214531601,114.18871958116925,1,0,train
7499,Punjab,0,3,21907.411743283174,21865.149568726196,77.52891365153246,0,1,train
7500,Sindh,1,7,13640.071655961654,12964.234827206365,94.72092971383826,1,1,train
7501,Sindh,1,9,27660.990683744294,25219.08126509691,134.72140326141252,0,1,test
7502,Punjab,1,7,16113.147478504836,13513.043830988421,88.99639225220784,1,1,train
7503,Punjab,1,7,121062.59013396209,101813.01774472164,205.4176606944606,1,0,test
7504,Punjab,1,6,59105.578718311015,48231.860390907066,112.78224915114916,1,0,test
7505,Punjab,1,5,50674.20482944146,35331.5231454794,78.4823082257221,0,0,train
7506,Punjab,0,4,15821.696574405905,13518.533079533516,26.983730903704828,0,1,train
7507,Punjab,1,3,57077.20543483084,41746.54868798807,74.54152657681801,0,0,train
7508,Sindh,1,3,12006.500358467745,12184.153202953474,72.44685038766647,1,1,train
7509,Sindh,0,5,16174.59362888865,13512.093007171768,95.23871760160716,0,1,train
7510,Balochistan,0,6,38813.76961964294,41261.02047886352,56.85072175427275,0,1,train
7511,Khyber Pakhtunkhwa,1,5,39705.82764810951,38804.1769143147,18.028530424959534,0,1,train
7512,Punjab,1,9,10870.523753986306,8228.816662725822,84.8729934740777,0,1,test
7513,Punjab,0,6,20412.26247695999,17702.83891521466,122.4478964012064,1,1,train
7514,Sindh,0,7,34665.11752038294,27918.691536126036,118.03199005616953,0,1,train
7515,Punjab,0,4,20227.087182266037,18071.355689964526,67.79456584415603,0,1,train
7516,Punjab,0,6,25739.84657274959,20466.90772031896,34.80003872210065,0,1,train
7517,Khyber Pakhtunkhwa,0,8,45497.23494599277,29252.403594002288,140.40775078693855,1,0,train
7518,Khyber Pakhtunkhwa,1,5,45890.81345529048,36882.85096031164,104.37547650678819,1,0,test
7519,Khyber Pakhtunkhwa,1,2,17848.684422281676,12174.343913242566,34.62016398585027,0,1,train
7520,Punjab,1,2,27539.27221998307,24313.969977972938,50.89853091090575,1,1,train
7521,Sindh,1,7,32437.460284680234,26924.088054597858,104.11216795611975,0,1,test
7522,Punjab,1,4,31661.373249470143,26258.665161372784,84.7246688678151,1,1,train
7523,Punjab,0,9,49258.551190709026,34483.75035331412,186.350292425625,0,0,train
7524,Sindh,1,6,44289.40927930658,26538.22686536799,79.4999737116553,1,0,train
7525,Sindh,0,4,25420.909822751095,21596.862906816375,44.81554930632868,1,1,train
7526,Khyber Pakhtunkhwa,0,7,14587.539543419336,15309.897497213045,103.65961238535118,0,1,train
7527,Sindh,0,4,35887.781040731265,31212.223282639145,38.188606823740415,1,1,train
7528,Punjab,0,9,8980.354191843442,3161.07295343247,136.21036131443634,0,1,train
7529,Sindh,0,5,57241.17195121154,44228.25521638995,72.67865562912866,0,0,test
7530,Punjab,0,2,93312.61404846914,63646.23209973762,97.76431243103461,1,0,test
7531,Sindh,1,7,72482.09845642433,60356.90401682292,92.3134623640053,1,0,train
7532,Punjab,0,3,12176.056644299155,11797.574014051363,17.553074178024236,0,1,test
7533,Khyber Pakhtunkhwa,1,5,25838.39736547957,24097.23006310562,86.0823555245678,0,1,test
7534,Punjab,1,3,22182.36728677365,17243.549000144554,27.71713555857774,0,1,train
7535,Sindh,1,4,33911.53923761026,29404.382322469963,99.18802697928301,0,1,train
7536,Punjab,0,7,30160.486271105852,27190.858455558067,98.1915628126728,1,1,train
7537,Punjab,0,4,38230.82465715822,30505.933727546293,119.83395523945865,0,1,train
7538,Punjab,0,8,79216.56627081138,60884.991569404665,163.92152788012882,1,0,train
7539,Khyber Pakhtunkhwa,1,5,79503.39423065598,66948.35019878745,108.68572098215792,1,0,test
7540,Punjab,0,7,25438.96475215542,19810.105388870794,92.39998488934846,0,1,train
7541,Punjab,0,5,42926.15639512951,24462.927839940927,69.58845412500597,0,0,test
7542,Punjab,1,4,90795.92542310405,67952.66160785989,125.160454888818,1,0,train
7543,Punjab,1,5,81332.9150468823,60708.596880346835,167.14994374119698,1,0,train
7544,Punjab,1,2,10445.214578412615,7222.51218270446,10.235245762755284,0,1,train
7545,Punjab,1,6,24157.741215568676,22297.41265477104,123.94581552044932,1,1,train
7546,Sindh,0,8,33758.85895436775,34516.80159082229,81.18460646135559,1,1,test
7547,Sindh,0,7,81575.07317649054,70710.22897719502,139.43046726343945,1,0,train
7548,Sindh,1,8,17959.150464412203,14273.78146413015,74.77447967290097,1,1,train
7549,Sindh,1,3,32767.164763389028,23410.866056679286,107.55325968770947,0,1,train
7550,Sindh,1,2,10186.386665154661,11797.539260991707,55.098513914379794,0,1,test
7551,Punjab,1,3,125977.17724230688,99717.51291160299,113.02565909920543,1,0,test
7552,Sindh,1,6,83245.24426604639,67340.74750894871,131.03650037069116,1,0,test
7553,Islamabad,0,2,25015.592279198325,18079.821002891957,35.162439521658385,1,1,train
7554,Khyber Pakhtunkhwa,0,6,12944.248951310925,11029.09446374025,79.56493486649896,1,1,train
7555,Punjab,0,5,47224.87772749479,33788.723327694504,90.13770212568703,0,0,train
7556,Punjab,1,6,39143.3919566448,29776.019424337064,70.83425855599658,1,1,test
7557,Punjab,0,4,84864.48356568514,69753.42925702581,109.43072255414043,1,0,train
7558,Sindh,1,8,22849.112164832917,21401.449077697096,84.1297522718859,1,1,train
7559,Punjab,0,7,44364.148309692275,30473.269199964743,117.48849742061908,0,0,train
7560,Khyber Pakhtunkhwa,1,1,34043.06148911334,28479.417671089363,73.16528334884143,1,1,train
7561,Sindh,0,4,90773.26384055249,71172.12823291768,92.99246666970467,0,0,train
7562,Punjab,1,3,17238.116652199995,18686.09372884012,23.801655643429516,0,1,test
7563,Punjab,0,7,21588.921876919423,22381.113614579397,30.962935606791916,0,1,train
7564,Punjab,0,10,21974.45476345926,18090.662043414995,153.0697427128841,1,1,train
7565,Sindh,0,4,33887.930715772716,30611.072557399988,53.86763954944179,0,1,train
7566,Punjab,1,4,30012.36418817794,27785.54182112411,52.22835714000323,0,1,test
7567,Punjab,1,3,15003.226578458472,14372.218084115082,82.80153036704755,1,1,test
7568,Punjab,0,5,32742.957108802133,30232.269849708824,56.91506498075018,0,1,test
7569,Sindh,1,5,24508.07772727926,23059.56013690226,36.154812627566166,1,1,train
7570,Punjab,0,5,65500.36540205458,46660.823175105405,125.8154566618757,1,0,test
7571,Sindh,0,3,13499.278181038524,12693.416227968153,65.602922758358,0,1,test
7572,Punjab,0,7,58326.95729589805,42363.6131865415,106.684579149039,0,0,train
7573,Balochistan,0,2,22413.17350129185,23465.2775630271,10,0,1,train
7574,Balochistan,0,10,27134.353761601848,21410.81056435216,143.77851841937002,1,1,train
7575,Sindh,0,6,33829.13754315077,28016.098832708944,114.5419470689376,0,1,train
7576,Khyber Pakhtunkhwa,1,4,66347.10438830355,63118.387609380385,68.86840585284727,1,0,test
7577,Punjab,0,2,31089.880936515226,22886.481227620916,94.89672267676181,0,1,test
7578,Sindh,0,5,49422.32607324635,42716.18903579611,92.86186944421827,0,0,train
7579,Sindh,0,4,47372.84833019347,34800.46481673615,58.51422134346711,0,0,train
7580,Punjab,0,5,50236.13876186907,39704.92147379739,60.68642543897841,0,0,train
7581,Sindh,1,3,24691.780223806676,23000.663295123388,75.23235704916607,1,1,train
7582,Punjab,0,2,66248.68356160939,50528.1151411162,68.76795223054565,0,0,train
7583,Punjab,0,7,37073.16295291529,36791.91124898221,96.32070512174988,0,1,train
7584,Punjab,0,5,17306.313131915154,10090.308801690859,83.13126061294034,1,1,train
7585,Punjab,0,4,59383.01820842196,47867.34318169546,66.73506854410029,0,0,train
7586,Punjab,1,5,40961.746679239135,36134.05377160048,76.204024509894,0,0,train
7587,Khyber Pakhtunkhwa,1,5,42466.12322996055,23313.78903635445,82.68190561706314,0,0,train
7588,Punjab,0,3,58134.1287329111,49297.17971597424,110.15567159737503,0,0,train
7589,Punjab,1,8,12159.552950872276,10009.802627642564,123.25062175808364,0,1,test
7590,Punjab,0,6,35094.29598586669,31467.56064461713,122.41693346038241,0,1,train
7591,Punjab,0,3,54648.68322131762,47487.68526151039,59.845423482295374,1,0,train
7592,Punjab,0,6,47198.53837040838,33827.01859448252,10,0,0,train
7593,Punjab,0,3,33298.065299926006,26789.671362494417,64.59734077496816,0,1,train
7594,Sindh,0,7,65235.91154777053,54157.269721579905,117.21034125863973,1,0,test
7595,Punjab,0,6,14322.10925003356,12280.603211565596,38.470527877315625,0,1,train
7596,Sindh,1,3,25045.298114554054,27384.874897352955,96.26816484979844,0,1,test
7597,Khyber Pakhtunkhwa,0,10,17650.117944063695,17388.995629551555,143.33913298399537,0,1,test
7598,Punjab,1,7,90187.16490064135,72539.53892510438,132.41470410950936,0,0,train
7599,Sindh,1,8,42022.70257522794,32210.735448631753,111.31097518625866,1,0,train
7600,Balochistan,0,7,19024.60042537052,17532.335109659845,87.94479951360442,1,1,train
7601,Punjab,0,7,37103.07847890188,34011.80988823411,107.0206627069826,0,1,train
7602,Punjab,0,3,9891.173801258466,4714.839159134679,79.29708183072539,0,1,train
7603,Punjab,0,4,85916.52991746829,76981.81068253297,127.97311582387205,0,0,test
7604,Punjab,0,7,39303.85966646037,43216.192380038425,167.77687368576005,1,1,train
7605,Punjab,0,5,99188.60880738955,65683.44120968804,152.16657539160278,1,0,train
7606,Punjab,1,1,17173.28482172281,12871.254332529603,37.05052437334578,1,1,test
7607,Punjab,1,5,48590.79332894383,35817.4866223486,71.37102546253723,0,0,test
7608,Punjab,1,6,30723.51047497754,29525.94636703399,70.52414289969546,0,1,train
7609,Sindh,0,3,50292.38941669526,40554.48954928553,53.086322156407604,0,0,train
7610,Punjab,0,9,41911.3924072688,33027.48667512083,158.0560415373113,0,0,test
7611,Punjab,0,3,25477.28520733926,20154.988852104867,42.03858150138155,0,1,test
7612,Punjab,1,4,85466.88292578975,72281.44677222308,58.16519433903675,1,0,test
7613,Sindh,1,7,16213.656516691774,14220.08742760036,89.03825774381586,0,1,train
7614,Punjab,1,5,22178.65397627787,17598.057978623576,34.06307394223009,0,1,test
7615,Punjab,0,4,54552.55646691676,41326.29069967235,113.04046103814281,0,0,train
7616,Punjab,0,1,26194.134016279153,24363.427655634125,10,0,1,train
7617,Sindh,1,3,19201.752931235067,14734.047364214799,33.40771062368985,1,1,train
7618,Balochistan,1,6,40935.95964556346,28153.192926118347,87.89961802176461,0,0,train
7619,Khyber Pakhtunkhwa,1,8,73467.54697950232,59461.996621809914,189.23168594767287,0,0,test
7620,Punjab,1,6,42268.13179822885,31604.835020844654,105.13216845492181,0,0,test
7621,Khyber Pakhtunkhwa,1,4,86166.23830000001,67780.99046297088,128.92499323488573,1,0,train
7622,Sindh,0,2,32047.56848822532,33013.80707196914,16.504717631631358,0,1,train
7623,Punjab,1,5,18098.35168801393,16166.727707308655,88.56265300736956,1,1,test
7624,Punjab,1,10,30273.637389454616,22397.215268461154,116.18391935385891,1,1,train
7625,Punjab,0,8,44973.90643978126,36978.948688693614,85.17925153929897,1,0,train
7626,Punjab,0,5,26413.124453482345,25788.96708511835,98.51731738295773,1,1,test
7627,Sindh,0,3,51352.38664218027,36138.56279758768,48.14586250249505,0,0,train
7628,Sindh,1,3,37101.82321600593,34444.89493875303,97.24959128193083,1,1,train
7629,Sindh,1,1,16886.006647062088,13320.530421548829,78.67434188065627,1,1,train
7630,Balochistan,1,8,16768.50645140383,10137.342322435557,158.56018187623476,0,1,test
7631,Punjab,1,5,34210.96625318234,26934.5761018005,56.03400847042757,0,1,train
7632,Punjab,1,6,73232.62786358593,49039.942006426056,87.2331829533035,1,0,train
7633,Khyber Pakhtunkhwa,0,5,24656.131058932435,24417.105774800293,61.4567175727495,1,1,train
7634,Khyber Pakhtunkhwa,0,3,11479.092312617615,10664.698776261763,46.65080386924369,0,1,train
7635,Khyber Pakhtunkhwa,0,7,101271.28892899475,83042.43232813443,165.94770377971574,1,0,train
7636,Punjab,0,5,20944.763619542286,14066.662582602075,111.4110418806702,0,1,test
7637,Punjab,1,4,28593.650335049417,24889.533349993417,108.48144368078951,0,1,train
7638,Punjab,0,6,33348.494571142786,34066.049048516405,102.88550584856524,0,1,test
7639,Islamabad,0,4,29065.973544928067,28749.52495542351,43.87594608883727,0,1,train
7640,Punjab,1,5,22341.86556550503,17363.207115229565,139.51307791351633,0,1,train
7641,Punjab,1,5,11581.965966878699,12190.318743130261,74.8046680182542,1,1,train
7642,Punjab,0,9,29166.483769456252,26699.782945243925,85.56757922525188,0,1,train
7643,Sindh,0,6,28542.95304502887,19562.075384361935,60.65323988344378,1,1,train
7644,Punjab,0,5,31743.790074329932,31082.017176731944,110.5648205685294,1,1,test
7645,Punjab,1,5,61619.52555683206,47013.92240577239,10,0,0,train
7646,Sindh,0,4,17075.409684111677,13934.312514307234,49.07505065421604,0,1,train
7647,Sindh,1,3,32947.519171603824,33600.814699106755,19.782637320731148,0,1,test
7648,Sindh,1,2,24854.47906112521,20870.40905812232,54.84985945746713,0,1,train
7649,Punjab,0,8,27103.21131888562,21766.327939941213,87.77467305303618,0,1,train
7650,Punjab,0,4,18011.70923267925,14842.196929768248,38.20369236376911,0,1,train
7651,Punjab,0,4,28951.01999396145,28353.765292870845,58.0378700735544,0,1,train
7652,Khyber Pakhtunkhwa,0,4,22733.275751451445,17134.8216884213,71.86006711427207,1,1,train
7653,Punjab,0,4,99224.75363098118,82396.96362281492,167.83165410885266,0,0,train
7654,Balochistan,0,5,22671.857021337884,25039.817176342232,13.955317040733341,0,1,train
7655,Sindh,0,5,9126.292152513388,7073.420112560682,51.15929833593133,0,1,train
7656,Sindh,0,7,7979.37343994245,7983.202154750865,108.17177554036266,1,1,train
7657,Sindh,0,1,80754.62693979687,67042.52812611821,102.77637508242282,0,0,train
7658,Sindh,0,5,38421.597746069114,30326.279988382994,23.825298929938207,0,1,train
7659,Sindh,0,6,24492.786495731812,24637.876347297093,105.1021228385034,0,1,train
7660,Sindh,0,3,18977.323577258412,16376.177923535583,43.58975326816597,0,1,train
7661,Sindh,0,7,44180.499454036806,33844.910589479034,100.37266378160808,1,0,train
7662,Punjab,1,6,25065.88107176775,23221.42261777403,74.37263776258322,1,1,train
7663,Punjab,1,1,63219.2614044978,45450.69485389078,54.62606838031763,1,0,test
7664,Sindh,1,1,16727.93840589588,12866.453185721606,10,0,1,test
7665,Punjab,0,4,14764.179067893676,15005.26508775319,49.13518624222524,0,1,train
7666,Punjab,1,9,25812.88878039015,21832.75957702701,173.15577677470378,1,1,train
7667,Balochistan,0,4,35861.51833962548,27971.640965724848,62.56200051816427,0,1,train
7668,Punjab,0,6,45229.853890724145,39749.12669564782,41.45034039806573,0,0,train
7669,Khyber Pakhtunkhwa,1,6,54524.9417838235,45300.601049517834,113.5231710756254,0,0,train
7670,Punjab,1,8,21585.168028271964,17137.583767115993,109.90887805206353,1,1,train
7671,Punjab,0,9,65358.60553924432,50508.513894634896,185.80212349408123,1,0,train
7672,Punjab,1,7,234152.60342017814,176047.60202131694,209.5988158060785,1,0,train
7673,Khyber Pakhtunkhwa,1,3,57805.99826604475,51217.977104468984,57.9100264840302,0,0,test
7674,Punjab,0,5,6001.459277503416,10908.444723788649,42.38450933478257,1,1,test
7675,Sindh,0,2,28557.190133412987,23289.347174194558,56.69583037506604,1,1,test
7676,Sindh,1,3,36226.9782509386,27414.38362072314,29.36777593069769,1,1,test
7677,Punjab,0,3,15281.7714218789,13089.523976917795,31.802244720257324,0,1,train
7678,Punjab,0,9,68805.60853235131,56917.93758497714,137.31480370804894,0,0,train
7679,Punjab,0,5,23104.675441460742,22896.15669601922,46.4964916357671,0,1,train
7680,Punjab,1,8,36727.743043920724,28360.49703755481,125.78698192273646,1,1,train
7681,Sindh,0,4,33458.722670985466,28376.65850764411,67.35334648069627,0,1,train
7682,Punjab,1,3,76143.39339312745,69067.0742581077,108.87188979500857,0,0,test
7683,Sindh,1,3,47269.175320847564,39209.1848686704,23.541856406388746,1,0,train
7684,Punjab,1,3,47027.244414999856,39854.370758314,32.03919643872206,1,0,train
7685,Punjab,1,4,6642.0985523926,5220.0757161626325,11.736674859951925,0,1,train
7686,Khyber Pakhtunkhwa,1,5,14069.740345889744,10455.977712503947,35.973964628658614,1,1,train
7687,Punjab,1,4,16356.287244080168,19706.379633943394,82.17903835211757,0,1,test
7688,Sindh,0,4,17597.324916371093,15656.74464303766,39.428047477484135,0,1,train
7689,Punjab,0,6,24753.60386972844,16797.004790313167,98.85376403786822,1,1,test
7690,Punjab,1,4,50482.15285562815,28202.469711824633,50.73650930746716,1,0,train
7691,Punjab,1,5,35520.947538040244,29688.47047146608,100.73400008879428,1,1,train
7692,Punjab,0,6,14348.607430236594,6197.622651735873,25.980398802518394,0,1,train
7693,Khyber Pakhtunkhwa,0,7,37582.777164642066,34375.249921735485,97.2906227931571,1,1,train
7694,Khyber Pakhtunkhwa,1,3,62980.172222007786,60232.62167290161,37.68884952186358,0,0,test
7695,Sindh,0,5,48419.765434070425,45845.659842005036,143.0526954090177,1,0,train
7696,Sindh,1,7,38422.79838227255,34170.63554533861,152.6656111368006,0,1,test
7697,Punjab,1,2,16738.878126678097,14971.963945876778,71.45606195117111,1,1,train
7698,Punjab,0,2,15151.650746463538,15951.331327506836,21.01176764826974,0,1,train
7699,Punjab,0,5,34285.63508533368,33285.52460216629,103.22523655974688,0,1,test
7700,Khyber Pakhtunkhwa,0,9,25825.940990199473,23015.503326473692,39.169306523140605,0,1,train
7701,Punjab,0,3,77422.81351475758,62129.61511407525,89.66270870237749,0,0,train
7702,Sindh,1,7,85226.8786937786,57832.388043430845,111.81234082628714,0,0,train
7703,Punjab,1,7,41563.46911436975,35986.56829029102,83.20487168689019,0,0,test
7704,Punjab,0,6,13572.122185238779,12348.90231390897,125.91113282335911,0,1,train
7705,Sindh,0,6,14926.29141217543,14631.227825705217,41.05521863317277,0,1,train
7706,Punjab,1,2,25376.02192646211,20172.873052517658,10,0,1,train
7707,Punjab,1,9,33780.78218110844,29016.002483280514,153.42972715726893,1,1,train
7708,Sindh,0,5,53922.988158973465,49216.47709027217,59.20826402958062,0,0,test
7709,Sindh,1,1,58783.08167970222,47987.04491691121,56.58535140157222,1,0,train
7710,Balochistan,0,2,19463.020402419388,18422.49375280249,64.28155387570946,0,1,train
7711,Balochistan,1,6,35114.47888093552,33214.428369191664,86.95860001834058,1,1,test
7712,Khyber Pakhtunkhwa,0,5,57987.595195559006,46703.99768420664,85.15922328954689,0,0,train
7713,Punjab,0,3,34198.64309050519,29775.554385693304,30.576980976196396,0,1,test
7714,Punjab,0,7,27238.853525793962,19096.893886887792,54.13704102502049,1,1,train
7715,Punjab,0,4,5219.707988926688,7520.077228979112,66.05640059690387,0,1,test
7716,Punjab,1,3,19432.3331061664,11911.456531538355,37.63523659969564,1,1,test
7717,Punjab,1,5,30866.61504007112,22686.26577923823,16.912765236965555,0,1,train
7718,Punjab,0,2,25295.047806762635,19209.08791363069,70.91896883771479,1,1,train
7719,Khyber Pakhtunkhwa,1,7,29128.47397110445,28903.68321449604,79.86986538378342,0,1,train
7720,Khyber Pakhtunkhwa,0,3,25342.39978582512,25620.357316939706,54.01683547241929,0,1,train
7721,Punjab,0,2,79562.9335093503,66546.93944776614,45.11650476878792,0,0,train
7722,Punjab,0,3,69000.83130293137,47848.8888254685,108.3805033084451,1,0,train
7723,Sindh,1,2,33319.22225070412,27169.65103816327,10,0,1,train
7724,Sindh,1,5,23306.362615356473,22046.503920553154,109.67429344192601,0,1,train
7725,Sindh,1,3,33615.76306404017,29920.368443534622,97.90467693353247,1,1,train
7726,Sindh,0,7,25738.93548849448,16500.855904395044,103.67819707997076,0,1,train
7727,Sindh,1,6,17563.634547320973,17921.95503258724,132.087571235486,1,1,train
7728,Punjab,1,7,14962.954071951744,10615.339948141896,113.622919978347,0,1,test
7729,Sindh,0,7,46274.289668926074,33567.05353707453,87.07291825588092,0,0,test
7730,Sindh,0,3,27871.72016589033,25624.260403793593,71.18957980304455,0,1,train
7731,Punjab,0,3,19690.541217968028,15544.369545897776,41.202321827365694,0,1,train
7732,Punjab,0,2,26884.318518264285,29143.027396907248,25.883548701972746,0,1,train
7733,Khyber Pakhtunkhwa,0,9,38907.63318651817,33019.10010138837,79.12141471438295,0,1,train
7734,Punjab,1,5,129948.59033503477,104607.70733034058,128.2493180286119,1,0,train
7735,Khyber Pakhtunkhwa,0,3,15630.476147487443,15166.334322258012,96.32630700105324,0,1,train
7736,Khyber Pakhtunkhwa,1,6,24422.1719526858,27234.70537407974,35.30050761059364,0,1,test
7737,Punjab,0,2,58353.64918291067,38979.50295297976,38.10810596859972,0,0,train
7738,Punjab,0,3,78858.10868175,47396.329926134815,117.77425479833317,0,0,train
7739,Punjab,1,8,50813.771461165794,45094.37958154292,128.13079652881152,1,0,test
7740,Balochistan,0,4,18969.84940869643,15386.69699907832,88.78466257453405,0,1,test
7741,Punjab,0,6,92244.8744423772,71697.9482961129,166.22703239929052,0,0,train
7742,Punjab,1,5,16444.44882372066,8210.2112455514,10,1,1,test
7743,Sindh,0,1,20078.531904620853,20701.33801602662,36.24135091086162,0,1,train
7744,Punjab,0,10,25023.695074336403,14271.85197971627,109.01942391366859,0,1,train
7745,Punjab,0,8,79607.74755102886,71790.66053196737,82.78228211008042,1,0,train
7746,Punjab,1,6,51041.56732611656,41049.41849238974,96.65999876319246,0,0,test
7747,Punjab,0,3,23667.399254450967,24908.878187722476,79.5889291688995,0,1,test
7748,Punjab,1,6,60593.936671186195,51724.232009413696,69.32019213782283,0,0,train
7749,Punjab,0,3,21084.08716718526,19046.226482748272,10,0,1,train
7750,Punjab,0,7,28639.121076953987,22832.589834824033,100.76403263417957,1,1,train
7751,Punjab,1,5,30796.85939152219,24782.46092823364,80.40078922590887,0,1,train
7752,Sindh,1,4,153978.81201530437,101758.27449291377,145.53671251037693,1,0,train
7753,Punjab,0,7,10610.805732325196,11415.883612781592,10,1,1,test
7754,Balochistan,0,1,39958.816409992774,31532.715956947246,78.96853393641791,0,1,train
7755,Sindh,0,8,21401.078162670332,13953.953749210867,65.7001032305451,0,1,test
7756,Punjab,0,7,16733.001694330687,10853.05940037846,49.6156846487639,0,1,test
7757,Khyber Pakhtunkhwa,1,9,28111.512720149683,19907.14487219265,65.95320997523395,0,1,train
7758,Punjab,1,5,41650.016997976694,31698.037423787002,50.717434613478545,0,0,train
7759,Punjab,1,6,27539.915268508128,23200.301882912387,87.65016217440402,1,1,train
7760,Punjab,1,2,12695.1355190089,11708.37743270777,49.609511345161096,1,1,train
7761,Punjab,1,5,27738.00291540303,25353.197295906182,83.49260484163959,0,1,test
7762,Punjab,0,7,33028.035091184305,28801.28581577727,83.99503773242871,1,1,train
7763,Punjab,0,3,18623.695443336474,19104.383866722572,71.38013373055654,0,1,test
7764,Khyber Pakhtunkhwa,1,3,84387.17089208325,56639.67635476483,94.06762544961424,0,0,train
7765,Punjab,0,4,21881.994139297392,12686.436040770215,24.87371470226921,1,1,train
7766,Punjab,0,6,6520.0540342898985,7013.299873868367,100.99435910454612,0,1,train
7767,Punjab,1,8,13223.63189344221,11602.712657103795,61.89564624777193,0,1,train
7768,Punjab,0,4,17652.411146212224,14920.076142682261,76.41850882819375,1,1,train
7769,Sindh,0,4,17838.879994239913,15531.83936391595,87.27840866535897,0,1,test
7770,Khyber Pakhtunkhwa,0,1,16046.118930316568,16291.780957283077,10,0,1,test
7771,Balochistan,1,5,5703.137817927755,8714.460014264005,77.10653856536106,0,1,train
7772,Sindh,1,8,39646.25025364693,31229.722897236243,78.57265968218573,0,1,test
7773,Balochistan,1,4,29895.394984941307,26335.40629807839,45.123107381161724,1,1,test
7774,Khyber Pakhtunkhwa,0,1,104123.8494989502,84657.73713479977,116.86654919387806,0,0,train
7775,Punjab,0,3,26007.19881340291,27590.394970885747,10,1,1,train
7776,Punjab,1,2,26867.29422119079,22137.879260436446,10,0,1,train
7777,Sindh,1,7,17309.21936348165,9033.145220540195,120.67381546756027,0,1,train
7778,Punjab,0,4,186148.7559417487,158957.50781592078,175.10185098983914,1,0,test
7779,Punjab,0,7,49385.057107155255,40222.036363713276,135.66494277456587,0,0,test
7780,Punjab,1,12,22178.214679453467,18004.840058913218,122.96586714001296,1,1,test
7781,Punjab,1,5,26426.178478614383,20457.185113336924,72.71417509737472,1,1,test
7782,Punjab,0,7,72284.36591714907,53653.378080691364,139.17524118611956,0,0,train
7783,Sindh,1,4,20148.071023112327,17434.45926240625,58.40779980606546,0,1,train
7784,Punjab,0,6,13776.02257767994,7960.42621924448,43.47321584601474,0,1,train
7785,Sindh,0,5,41152.7922703682,34406.65246809159,105.99423728618869,0,0,train
7786,Punjab,1,5,43226.87077249963,33840.55117717515,51.38350442077335,1,0,test
7787,Balochistan,0,6,13441.889643883816,10406.880419413601,67.98557189344447,0,1,train
7788,Punjab,0,4,7144.647683864762,7454.0445937071845,90.02083614443339,0,1,train
7789,Punjab,0,5,10309.051752433534,5879.671037277526,106.74593244510778,0,1,test
7790,Sindh,0,6,28801.161685491057,22875.58436412658,87.48938822120894,0,1,train
7791,Punjab,0,2,9206.521283902162,9642.563089690484,78.34044710233175,1,1,train
7792,Punjab,0,2,89244.9461639862,66664.65618489009,114.40532910421871,0,0,train
7793,Sindh,0,5,21175.74818415312,18328.25936240374,107.61689938576484,0,1,test
7794,Sindh,0,4,37893.79173532519,36790.841587922434,75.99308649241428,0,1,test
7795,Punjab,1,5,18869.914771834967,15810.748783165545,46.34605703025311,1,1,test
7796,Punjab,0,4,24524.289714904564,23174.709260188647,62.81017522913775,0,1,train
7797,Punjab,0,3,45203.73146518585,37553.18439596849,26.618134830736125,0,0,test
7798,Sindh,0,7,12150.475709639059,7826.14058569287,109.32824098141965,0,1,test
7799,Punjab,0,2,16258.873744200431,13437.429335535791,13.239815499569179,0,1,test
7800,Sindh,1,5,25464.831307601842,27821.046367876814,72.222876672334,0,1,test
7801,Punjab,0,6,31879.63320543208,31819.711501651254,55.29866162457935,0,1,test
7802,Punjab,0,4,48842.58558277403,35169.88093033541,50.074060845416014,0,0,test
7803,Punjab,0,8,9061.310987487983,7081.1794013766885,91.22200891841814,0,1,train
7804,Punjab,0,4,14626.958916392294,11448.437321484236,102.53525022770384,0,1,train
7805,Khyber Pakhtunkhwa,0,5,26743.152172657396,21152.08208467798,52.62485572929886,0,1,train
7806,Punjab,1,5,105808.91418611814,82220.11997793442,146.65962326007735,1,0,test
7807,Sindh,0,6,48258.649591013425,35089.404184725514,37.75928404657881,0,0,train
7808,Punjab,0,1,22935.688488694217,22423.876131630066,79.24345689015442,0,1,train
7809,Punjab,0,3,18099.707471633912,14336.134894225783,29.956392634419604,0,1,train
7810,Punjab,1,3,12966.783189523518,11475.090029536561,36.765367841964235,1,1,test
7811,Punjab,1,8,18750.442038740603,15686.668074441375,121.83445565143433,0,1,train
7812,Khyber Pakhtunkhwa,1,4,34785.96536106825,31508.960004568413,73.94546272923512,0,1,train
7813,Punjab,1,4,9826.431076968633,7599.779901256836,15.754359909075802,0,1,test
7814,Punjab,0,7,8013.821970388605,11671.60323989501,79.562845136915,1,1,train
7815,Sindh,0,7,22596.288189276507,19890.260485628558,122.33345737715649,0,1,train
7816,Punjab,1,7,25489.042798551633,18416.063388396913,20.977069394328083,0,1,train
7817,Khyber Pakhtunkhwa,0,4,54991.86430774176,47682.494670074724,88.69892370477143,0,0,test
7818,Punjab,1,1,34789.90189207117,34631.727542043576,113.14375371269827,0,1,train
7819,Punjab,0,5,26430.462729137667,26034.335274432924,84.75199953620607,0,1,train
7820,Punjab,0,7,11588.669068396357,4371.462967589779,79.81843402435263,0,1,test
7821,Khyber Pakhtunkhwa,1,5,31165.85221900703,24930.042961996376,105.03707676156236,1,1,train
7822,Sindh,1,3,20047.02714461336,16126.199500504108,83.7621292235748,1,1,test
7823,Punjab,0,4,20043.79431905186,17650.651934225298,18.84524672555603,0,1,train
7824,Sindh,0,7,22273.63211081722,18056.42988853798,123.93796974519881,0,1,test
7825,Sindh,1,7,30580.50714579434,28647.801362221595,52.53778656624246,0,1,test
7826,Punjab,0,2,52873.86784327118,35988.03210004504,55.3166644456831,1,0,test
7827,Khyber Pakhtunkhwa,0,3,15174.538336753418,11129.164533807236,76.77453713828265,0,1,test
7828,Sindh,0,7,52695.33300200917,47481.81018871536,106.94653581716867,0,0,train
7829,Punjab,1,6,62795.05138412186,53522.880768744966,83.79871466707982,0,0,train
7830,Khyber Pakhtunkhwa,0,3,5106.398678113915,5968.780595200331,10,0,1,test
7831,Punjab,0,4,15777.642676829742,8827.02933005237,80.40835200087564,1,1,test
7832,Punjab,1,5,42920.13488337052,36373.88540018122,98.42320730805586,0,0,train
7833,Sindh,0,6,21867.335618709985,14652.278994726563,100.6184525402972,1,1,test
7834,Sindh,1,3,22894.12901752259,14305.629378738247,52.12496323202813,0,1,train
7835,Punjab,0,6,32650.72864933062,30692.14024156745,83.07177988084408,0,1,test
7836,Khyber Pakhtunkhwa,0,1,19055.72097966997,16156.04908304081,14.770403861653307,1,1,train
7837,Sindh,0,4,14817.909688624675,14380.464971716365,45.95779996425166,1,1,train
7838,Punjab,0,3,17291.361985351996,10825.030619102945,52.091452828416045,1,1,train
7839,Sindh,0,6,25376.62423768297,19301.575071924115,102.11121504490072,0,1,train
7840,Punjab,0,6,34741.688708432004,33095.248551731886,74.71425008077941,0,1,train
7841,Khyber Pakhtunkhwa,0,9,10019.181944395585,7695.094183386526,108.42186655654989,0,1,train
7842,Sindh,0,3,30390.034388791824,28672.96910217614,52.76898961817185,0,1,test
7843,Khyber Pakhtunkhwa,1,6,11837.598917876716,8765.926450199095,57.969800563172555,0,1,train
7844,Punjab,0,7,15491.30504229541,19573.246506202246,67.1912570243565,0,1,test
7845,Punjab,0,1,67231.1628771332,57354.257280879,52.60587110619639,1,0,train
7846,Sindh,0,5,35831.438637318024,31135.203467329695,66.58270184690588,1,1,train
7847,Sindh,1,5,23579.636975092977,23745.01117048659,66.2248528029748,0,1,test
7848,Punjab,1,5,35207.31521000802,26801.878819441685,114.55767791730017,0,1,train
7849,Khyber Pakhtunkhwa,1,3,32275.620715743662,32098.120516834122,102.52614239498033,0,1,train
7850,Sindh,1,3,32013.354037027955,29842.0613083049,69.0566332299041,1,1,train
7851,Punjab,0,2,11622.144436530283,8488.521478684826,80.38101864265374,0,1,train
7852,Punjab,1,6,44085.77088778061,38236.963429501884,63.61272521620471,0,0,test
7853,Khyber Pakhtunkhwa,0,4,27325.560671091553,21239.16641844486,50.16395563694182,0,1,test
7854,Punjab,1,9,73491.34622731073,58152.590404716306,115.35561982817546,1,0,train
7855,Punjab,1,5,13293.86520155087,11665.703493207646,76.10557291530783,1,1,train
7856,Punjab,0,6,45464.718264725365,35223.188974216726,89.81489314725611,0,0,test
7857,Punjab,0,5,17775.59520612438,11783.891810212519,20.82137267391137,0,1,test
7858,Sindh,0,2,66260.78146507163,54632.66368506467,87.9415392752795,0,0,train
7859,Sindh,0,5,59658.917217433416,43481.50737496986,98.2036899715461,0,0,test
7860,Punjab,0,4,29227.397526876568,24532.739583253024,94.34338153384778,0,1,train
7861,Punjab,1,6,29108.84748076489,28262.957932165828,58.83029304044501,1,1,train
7862,Khyber Pakhtunkhwa,0,8,42742.245238383504,26953.278008993897,93.98812779666818,1,0,test
7863,Sindh,0,6,7281.3642802989425,11707.514884096736,36.302897622797985,0,1,train
7864,Punjab,0,4,24083.714798903635,16241.435211145521,28.37716660661558,1,1,test
7865,Punjab,0,6,4979.44004692696,6285.365525912418,35.589903202469934,0,1,test
7866,Sindh,0,11,90310.97960714763,80966.36726331738,190.78159034196855,0,0,train
7867,Punjab,0,10,26212.6468600315,19212.64452780869,151.17534951199877,1,1,train
7868,Punjab,0,3,40395.02153318161,35859.67816002474,135.42105542528685,1,0,test
7869,Punjab,0,2,10342.543233815393,8021.57036911449,30.283942472091198,0,1,train
7870,Islamabad,0,3,36166.851419528364,33992.20349844336,83.7945525565841,0,1,train
7871,Khyber Pakhtunkhwa,0,8,26445.60008601496,25210.729605998007,125.28402645808998,0,1,test
7872,Punjab,1,3,17707.16043136163,12610.174270796844,45.04767536508211,0,1,test
7873,Punjab,1,6,19278.694532810452,16092.905337429502,30.225617811257486,0,1,train
7874,Punjab,0,7,132347.1519126589,95570.14500387233,183.3663042741304,0,0,test
7875,Khyber Pakhtunkhwa,0,1,19300.195710138567,18153.72529321359,68.47693200615494,0,1,train
7876,Punjab,0,8,23021.123868674385,22112.530739090584,112.5976285259421,1,1,test
7877,Punjab,0,6,52840.63396588207,38900.21621541521,93.2297690880466,0,0,test
7878,Punjab,1,1,19823.82821159902,17385.54249126528,23.39354387092831,1,1,train
7879,Punjab,0,9,19218.725221945726,18768.19607842169,138.96172461198915,0,1,train
7880,Khyber Pakhtunkhwa,1,9,25380.411023919427,22110.61918989207,98.71539055991136,1,1,train
7881,Punjab,0,5,64394.27829291019,46296.837164348835,139.81770118718543,1,0,train
7882,Punjab,0,1,34940.432656548284,27532.91842163107,10,1,1,train
7883,Khyber Pakhtunkhwa,1,4,42409.4555692296,36195.1463766779,68.94565338371454,1,0,train
7884,Punjab,0,4,26757.904187773263,25856.664234240536,61.65452390162606,1,1,test
7885,Punjab,0,6,37034.98500452036,23760.845209786323,99.2201112596575,0,1,train
7886,Khyber Pakhtunkhwa,0,3,79404.55495897144,46796.120738650476,111.01654056829591,0,0,train
7887,Sindh,1,1,36235.93321612622,33667.74796945528,10,0,1,train
7888,Punjab,0,6,46456.01612633445,30974.728444066488,133.20659652108645,1,0,train
7889,Khyber Pakhtunkhwa,0,4,29234.55181423278,20793.871693607864,102.64363095652504,1,1,train
7890,Sindh,0,8,17541.254006819167,13902.832057775811,99.66350240600156,1,1,train
7891,Punjab,1,7,23100.847110919414,18532.533315765202,98.40706770479585,1,1,train
7892,Sindh,1,3,33339.422539318686,24750.284854020792,57.626319246093615,0,1,train
7893,Punjab,0,3,37509.098630396715,35730.18545799156,69.22315685230338,0,1,train
7894,Punjab,0,7,25006.433229543512,24184.64640147452,137.26777774675708,0,1,test
7895,Sindh,1,3,19149.13524389586,20466.794498845575,41.09683872793882,0,1,train
7896,Sindh,1,4,30201.903115347377,25090.873995797636,40.08756630923792,1,1,test
7897,Punjab,1,4,14323.976213584789,17192.871022205843,112.74038378357744,1,1,train
7898,Punjab,0,7,72696.90961770408,45113.79931938476,145.15171752801803,1,0,test
7899,Punjab,0,5,14816.918053560808,9446.749266148981,107.26510005510193,0,1,train
7900,Khyber Pakhtunkhwa,1,8,23448.453059457577,18650.352812389745,61.353399050700425,1,1,train
7901,Punjab,0,7,66036.20870796,56877.30907196961,177.22783980600977,1,0,train
7902,Balochistan,0,8,19929.190524808582,12290.249620112761,135.46603640492387,0,1,train
7903,Punjab,1,4,55644.17140973032,37792.11908607158,99.1277506340513,1,0,test
7904,Punjab,0,6,11098.499061961904,10045.54623046918,41.010928593819784,0,1,train
7905,Balochistan,1,11,16518.033857374357,15222.169846554889,162.08913127541805,0,1,train
7906,Balochistan,1,3,24411.535864583988,20079.966002945086,66.84133636522951,1,1,train
7907,Sindh,0,4,30946.92713020524,27910.004830633563,104.56309659484955,0,1,train
7908,Punjab,0,5,13962.547711900317,10944.301543530477,90.62220527727726,0,1,test
7909,Sindh,0,7,42537.01966813367,35804.37757195504,83.39528440192527,0,0,test
7910,Sindh,1,4,18285.142845047092,13741.008393975146,56.02713694652326,1,1,test
7911,Punjab,1,8,15237.190462032377,13105.730536066018,93.84126043122369,1,1,test
7912,Balochistan,0,6,43779.79973821705,33060.36486348951,77.9784211695546,0,0,train
7913,Khyber Pakhtunkhwa,0,2,11531.543595402523,13939.317980615493,76.61288856216814,0,1,train
7914,Punjab,0,8,21128.449199754083,22452.88719005576,103.00302881124126,0,1,train
7915,Punjab,0,4,45437.71241630613,33679.43856815192,73.7000284217289,1,0,test
7916,Punjab,0,4,21066.675148541457,19474.53595046057,50.342730429513985,0,1,train
7917,Punjab,0,6,14243.033368473134,14136.698065333654,98.49850001202519,1,1,train
7918,Khyber Pakhtunkhwa,0,3,43840.729008059105,36222.042325910166,53.50266334118105,0,0,test
7919,Khyber Pakhtunkhwa,1,6,25049.733810473197,24598.745334530984,46.65158142880381,0,1,train
7920,Punjab,0,5,68609.14135385233,50591.11869323518,73.93839511606497,0,0,train
7921,Punjab,1,8,32908.65286489061,27733.57957207922,108.08033334184499,0,1,test
7922,Punjab,1,5,49680.74832567719,40854.86994739724,113.71902884648497,1,0,train
7923,Punjab,1,5,8548.367417845717,8649.606440714258,50.82977250113293,0,1,train
7924,Punjab,1,2,65097.38192716022,43099.09942599924,61.38652432907334,1,0,train
7925,Punjab,0,7,58693.202300171404,46444.99104906372,101.69487883901076,1,0,test
7926,Sindh,1,5,35371.48814123184,20701.502076242232,75.91248363981106,1,1,test
7927,Punjab,1,6,36331.54827240498,35750.97847014048,37.519982587724606,1,1,train
7928,Punjab,1,2,118074.16133856167,81791.77852871073,91.19135338154507,1,0,train
7929,Punjab,1,7,25953.72516947585,20744.872624047926,103.83947760164487,1,1,train
7930,Punjab,0,3,15715.442805369159,12652.684986283844,27.30016785443907,0,1,train
7931,Punjab,1,5,54874.17679086014,35250.66137525555,110.627996322166,1,0,train
7932,Khyber Pakhtunkhwa,1,4,20634.702820429764,16658.487429444685,36.665996888342605,0,1,train
7933,Khyber Pakhtunkhwa,0,6,20101.83262676744,15216.480682592228,67.54983300252856,0,1,train
7934,Sindh,0,6,50779.991384593966,35993.07179914528,61.961839436177286,0,0,train
7935,Sindh,1,5,27243.052473245916,23776.421986836514,90.62769883382782,0,1,train
7936,Punjab,0,3,26234.383846379496,20999.564796492356,59.977707942739556,1,1,train
7937,Khyber Pakhtunkhwa,0,4,27175.851301117043,15473.104975232043,37.68435750223161,0,1,train
7938,Sindh,1,5,28601.444856632257,25460.19544010795,79.04152874947846,0,1,train
7939,Khyber Pakhtunkhwa,0,6,13425.437264701099,14318.228329177307,99.63496645734986,1,1,test
7940,Punjab,1,7,43647.07069083855,37575.235303023874,74.66334605606936,1,0,train
7941,Khyber Pakhtunkhwa,1,5,24313.275533703356,23002.906523632617,62.07431902195475,0,1,train
7942,Punjab,0,6,15964.6470712773,16313.470661811265,73.0125663637106,0,1,test
7943,Sindh,1,6,56973.96899263943,45157.9006801733,118.70180055752365,1,0,test
7944,Punjab,0,3,30642.270003267353,25801.906355713716,53.812271911771525,0,1,test
7945,Sindh,0,8,6897.181624275829,5239.840965535642,107.53471982456291,0,1,train
7946,Khyber Pakhtunkhwa,0,6,31972.20569273805,31461.402091714877,46.61150016667595,0,1,train
7947,Punjab,1,8,12134.136638429245,17069.977706200727,85.94802812732694,0,1,train
7948,Sindh,0,3,71817.23032088832,52024.183780664804,78.9258226972603,1,0,train
7949,Punjab,1,2,20973.73124937218,15335.743574070591,45.75109655256798,0,1,train
7950,Sindh,1,7,29236.44842453568,30536.684555715838,65.13021697180618,1,1,train
7951,Sindh,1,4,26578.704999386442,20211.3814038524,91.77164681666575,1,1,train
7952,Punjab,1,3,37217.208665490965,30654.142245763243,79.51359382042604,1,1,test
7953,Punjab,1,4,11243.999825404358,6247.769761705772,16.642068668473613,0,1,test
7954,Punjab,1,8,36102.67379889378,32155.18809375393,47.22432716550776,0,1,train
7955,Punjab,0,6,46925.03241496632,50079.51766571659,93.99390363542416,0,0,train
7956,Punjab,1,6,53507.5696225746,44443.51314524352,138.50369664271585,1,0,test
7957,Sindh,1,2,43251.9258216163,34419.919992269635,84.93042730205867,1,0,train
7958,Punjab,1,5,46073.95891986235,36127.907043437306,84.48729603737456,0,0,train
7959,Khyber Pakhtunkhwa,0,5,58378.370043945404,49000.600514199265,135.48173936187015,0,0,test
7960,Sindh,1,5,54191.92580681096,36407.36782384628,98.07421554233504,1,0,train
7961,Punjab,0,2,35960.531441760286,35082.114995134914,44.96352771169695,0,1,train
7962,Khyber Pakhtunkhwa,0,6,21692.07815478693,22735.876377445722,122.82376358635105,1,1,train
7963,Punjab,1,6,32236.278384584086,23075.959490887097,109.6783789156186,0,1,test
7964,Punjab,1,4,6788.002540722737,7851.045724783096,50.13133985352678,0,1,test
7965,Sindh,0,2,22450.810401047835,14037.947070364204,16.459417937814962,0,1,train
7966,Punjab,1,3,13059.317107662215,11376.045667906295,24.219060742282533,1,1,test
7967,Sindh,1,1,94857.96519398622,82077.36338935686,75.83967299853595,1,0,test
7968,Balochistan,0,6,12329.581702700301,10496.21563746992,50.218601711624956,1,1,train
7969,Punjab,1,7,39287.65895785241,35338.615599151286,80.00997026212612,0,1,train
7970,Sindh,0,3,15017.03300954526,10924.139249843769,27.357291389928434,1,1,train
7971,Punjab,0,8,28732.682521441813,25072.92673273039,148.93771889566068,0,1,train
7972,Khyber Pakhtunkhwa,1,7,74759.02402103663,60419.272907003055,158.62475802503735,1,0,test
7973,Punjab,1,4,14905.45720679032,17756.730453403714,33.63409057621393,0,1,train
7974,Punjab,0,2,12693.246610902715,14072.651902834312,10,0,1,train
7975,Punjab,1,4,41290.04877228439,38246.076958514765,75.1290206352333,0,0,train
7976,Khyber Pakhtunkhwa,0,6,55427.561132461145,48994.74020524192,79.49066025513395,0,0,train
7977,Khyber Pakhtunkhwa,1,1,15201.841478324939,13335.991888596644,99.56042042241427,1,1,test
7978,Punjab,0,3,22351.7297274779,18331.61410553922,10,0,1,train
7979,Punjab,0,5,14260.612566350652,5328.46952728825,54.258648965602966,0,1,train
7980,Punjab,0,7,25373.49331774214,26251.592552151425,38.751286052273215,1,1,train
7981,Punjab,1,5,28816.441735769142,26027.27651148606,30.808054994674478,1,1,train
7982,Punjab,0,3,36382.673730652576,41198.270164595764,77.18800749424155,0,1,train
7983,Balochistan,0,2,21686.5197684747,14516.710961006196,39.99962520104297,0,1,test
7984,Khyber Pakhtunkhwa,0,6,29036.86557336763,23812.268288359177,84.6093565242743,0,1,train
7985,Punjab,1,3,24467.825566300875,23368.83132670019,65.69665231367918,1,1,test
7986,Punjab,1,12,30772.757684860182,26396.601865676857,160.72785996531076,0,1,train
7987,Punjab,0,3,14799.351961957673,6483.3159371121255,18.53705900934151,0,1,train
7988,Punjab,0,1,72314.62382904574,56695.20148005798,74.54514060007398,0,0,test
7989,Punjab,0,4,9768.797204940733,9478.304483892285,40.41111817277,0,1,train
7990,Punjab,0,4,20393.332225273287,22164.250975914052,74.23794241674025,1,1,test
7991,Punjab,1,6,28050.530012174724,28559.93616953953,102.95474204144364,1,1,train
7992,Punjab,1,7,25432.664028808438,21777.710862017888,68.97582935465374,0,1,train
7993,Sindh,1,10,33963.673064965194,35407.99240894097,122.51712567477256,0,1,train
7994,Sindh,0,3,69716.69395008622,56019.52529440931,82.59239109735297,0,0,train
7995,Punjab,0,7,38162.44677661456,34789.888079985634,115.49882496682994,1,1,train
7996,Punjab,1,6,15924.392391924575,10495.930540270208,73.38019830724114,0,1,train
7997,Khyber Pakhtunkhwa,1,6,62990.81880058142,42334.008980366,59.36049790441464,0,0,train
7998,Punjab,0,5,8743.23102198323,12866.742213285916,63.397437268654656,0,1,train
7999,Punjab,1,4,95861.27340203422,79100.89875289971,124.5366919867487,1,0,train
8000,Khyber Pakhtunkhwa,1,5,41195.81982608399,31662.570903444004,57.18485268821079,1,0,train
8001,Punjab,0,1,61820.98138964932,48980.554597282,63.944622961861896,0,0,train
8002,Punjab,1,3,15072.241239514904,13768.796948765876,45.74864480606145,0,1,test
8003,Punjab,0,5,25633.080910349636,24457.110615875055,59.3822616846814,0,1,train
8004,Punjab,1,3,34528.17306367375,36908.528997050416,10,0,1,train
8005,Punjab,0,2,10422.017122322486,7390.530746702485,29.178420005292498,1,1,train
8006,Sindh,1,2,21386.140194851865,23042.438211988025,34.76860054965864,0,1,train
8007,Sindh,0,9,29230.59195109078,23447.49067979867,62.03198891838958,1,1,train
8008,Sindh,1,8,30139.37491597503,31502.295078720614,106.54531351462713,0,1,train
8009,Punjab,1,3,35201.48664127615,29567.272346999536,53.88761369304558,0,1,train
8010,Punjab,0,3,43027.79307510242,31211.42036711052,68.80961928376068,0,0,train
8011,Punjab,0,5,53186.65075833156,36997.86337178735,117.4110060545915,0,0,test
8012,Balochistan,0,3,8385.13658071624,5038.5223625098915,20.7560164807427,1,1,test
8013,Sindh,0,3,83086.33002525577,55577.79969228317,109.98521936330857,1,0,train
8014,Sindh,1,5,30853.376329656025,28660.74018256587,36.10117144796731,0,1,test
8015,Punjab,0,4,72706.65070847793,51821.89009049406,100.82255067956136,0,0,test
8016,Balochistan,1,10,18414.395020497792,16483.955332747668,181.20654159723009,1,1,train
8017,Khyber Pakhtunkhwa,0,5,26108.908608821454,26133.804556281524,79.24525006979961,0,1,test
8018,Punjab,1,6,16873.44794728786,17077.08989686212,25.477630149272287,0,1,test
8019,Punjab,0,5,14372.539842821832,19001.825505798544,80.42639738874448,0,1,test
8020,Punjab,0,1,34905.756831686325,33219.54819932259,65.99688849826858,1,1,train
8021,Punjab,0,3,20149.062229274015,17477.358928397836,98.2979071653378,1,1,test
8022,Punjab,0,3,15856.487712241424,7694.890139607671,41.45279912971964,0,1,train
8023,Punjab,0,5,27898.273138974546,23886.4410570279,38.10597475176534,0,1,test
8024,Balochistan,0,6,31105.59481868321,33378.361930659325,147.9795505494854,1,1,train
8025,Punjab,0,6,56561.57137734436,39810.340426327915,86.28004714235892,0,0,train
8026,Punjab,1,9,55494.371226868214,43281.182133439564,131.9775721753983,1,0,test
8027,Punjab,1,4,25053.345101340354,22679.577780549247,73.3597423790984,1,1,train
8028,Khyber Pakhtunkhwa,1,7,21605.71622472714,18750.48123808729,88.6602185715755,0,1,train
8029,Sindh,0,7,8459.656202332702,9133.488238121223,95.5763056395071,0,1,train
8030,Punjab,0,4,22750.77426732355,18213.60834832729,60.02941579389035,0,1,train
8031,Sindh,0,5,24621.98164999405,24129.47763430023,82.64970934394918,0,1,train
8032,Sindh,0,7,37015.84684768887,33615.456281821826,116.92822523035497,0,1,test
8033,Punjab,0,6,32203.48417382347,35047.33800071435,110.80707552488664,1,1,train
8034,Khyber Pakhtunkhwa,1,5,19510.489801071602,18313.0958899701,62.71753244024586,1,1,train
8035,Khyber Pakhtunkhwa,1,4,88805.1911758789,73743.12593980719,127.4351939557176,0,0,train
8036,Balochistan,1,8,34515.24660751951,26342.226211325287,68.28489936167836,1,1,test
8037,Khyber Pakhtunkhwa,0,5,198159.8965937143,176810.63042347596,169.91715077049673,0,0,train
8038,Punjab,0,4,34345.413341320884,32206.472955622517,86.55414110689875,1,1,train
8039,Punjab,0,8,15463.916495207175,14629.94371251792,58.205724870033755,0,1,test
8040,Punjab,0,11,51919.26193227658,42732.484947289224,185.78443052753192,1,0,test
8041,Punjab,0,4,32905.20867263714,24674.41783597216,10.41645475162845,1,1,train
8042,Sindh,1,1,21736.916773132773,24442.315440432078,59.75810578644858,0,1,train
8043,Punjab,0,2,46691.6768190856,38915.59828644714,113.42430199703824,1,0,train
8044,Punjab,1,2,29333.71759033522,25165.69457083895,51.592976693733824,1,1,train
8045,Punjab,0,5,28411.289330619777,21634.797752440336,95.8953066650982,0,1,train
8046,Punjab,0,1,35623.69906241517,26184.897350455478,37.00034266089111,1,1,train
8047,Sindh,0,9,26794.595820093888,25051.936015419553,141.58781765095245,0,1,train
8048,Punjab,0,2,18568.718376768225,12225.413065852295,34.63782380004685,1,1,train
8049,Sindh,1,1,25749.82250557932,27590.559937846454,35.346475201026735,0,1,train
8050,Punjab,0,4,28224.780323059487,21394.6787230996,26.544354646013616,1,1,train
8051,Khyber Pakhtunkhwa,1,3,39333.19657136448,37065.70552563639,17.064262167549103,0,1,test
8052,Sindh,1,8,17890.62626679057,14814.988727436552,149.53412614315477,0,1,train
8053,Sindh,1,1,44322.873089248744,35255.460645832936,94.6284144773303,1,0,train
8054,Khyber Pakhtunkhwa,1,3,35380.97389344349,30451.43001414314,70.09560335687857,1,1,test
8055,Khyber Pakhtunkhwa,1,11,79501.43212176494,53902.687452438986,88.68442752099303,1,0,test
8056,Islamabad,0,6,42218.78270543934,39281.14116097065,112.47510129747315,0,0,test
8057,Punjab,0,7,27805.37515896294,24138.824435294144,130.82553713593077,1,1,train
8058,Punjab,0,1,22479.68240996544,19351.223249398765,20.22552439389736,0,1,train
8059,Punjab,1,1,23695.16471273836,20886.014393865516,40.43957454457322,1,1,test
8060,Punjab,0,9,14180.93741827741,10757.983162105556,98.21084408022655,1,1,train
8061,Sindh,0,6,69344.13660085607,45164.883254289154,146.09744201949428,0,0,train
8062,Punjab,0,2,15762.110164876174,21168.623044764547,10,0,1,train
8063,Sindh,1,7,66517.00774198318,40773.77725483793,129.09554631324966,0,0,test
8064,Punjab,0,11,19219.323904132532,17823.461126518876,147.9102808976557,0,1,test
8065,Punjab,0,1,26282.37353837739,21333.020185822345,23.389121591548168,0,1,train
8066,Khyber Pakhtunkhwa,1,4,63040.53811147114,55439.55346624936,78.85626841063507,0,0,train
8067,Khyber Pakhtunkhwa,1,1,10677.067655220528,10060.108908344515,91.65682616412363,0,1,train
8068,Punjab,1,6,14470.00895640967,14590.134887756016,77.39593292596959,1,1,test
8069,Punjab,0,6,10764.151895221372,15793.702784574685,11.550769116748882,0,1,test
8070,Punjab,0,2,23553.033194046093,20079.787120850935,10,0,1,train
8071,Punjab,0,3,13859.807088508249,14237.620926534892,48.20605628047407,0,1,train
8072,Sindh,1,9,18726.237750384433,21765.643299924897,115.24014680952766,0,1,test
8073,Punjab,1,7,45448.85091473514,28962.050179147103,117.56810011224746,1,0,train
8074,Khyber Pakhtunkhwa,1,7,53101.719381162955,40810.51335499055,90.24119523782288,1,0,train
8075,Sindh,1,4,26035.09726882435,20007.463197502282,62.30033918590892,0,1,train
8076,Punjab,0,6,26104.65002484014,22070.20939676569,68.04377400815422,0,1,train
8077,Punjab,0,3,17993.16767605944,10183.83271117767,67.15918408974125,0,1,train
8078,Punjab,1,4,76458.56384522049,65146.04351167723,77.19095397711574,0,0,train
8079,Punjab,0,5,78883.22975308305,49180.19933399969,98.4793383106594,0,0,train
8080,Khyber Pakhtunkhwa,0,5,36925.527470135574,29802.001364875025,15.670305125844465,0,1,train
8081,Sindh,0,2,13307.36971234129,10100.644011533721,28.731521857937977,0,1,train
8082,Punjab,0,7,74657.2203048679,49697.65927823353,138.96221207834182,0,0,test
8083,Punjab,1,6,22064.689520682743,20688.987345383288,101.0208775030498,1,1,train
8084,Punjab,0,4,11551.41774597404,8489.569580070785,10,0,1,test
8085,Punjab,1,3,24589.691075063565,20114.58183042389,95.0056503579605,0,1,train
8086,Sindh,0,4,10765.513068288466,10501.821516247852,11.637333042202563,0,1,train
8087,Punjab,0,3,66487.29638247602,51762.34683061119,90.51464128342599,0,0,test
8088,Punjab,0,3,96023.08860227882,69071.21188288381,139.55599154678126,1,0,train
8089,Islamabad,0,5,31025.7542967728,23618.067217406708,67.27073732447445,0,1,train
8090,Punjab,0,5,18819.88916054571,17930.922133053413,76.10612438441144,1,1,train
8091,Sindh,0,5,70245.09510942808,62475.11353517334,128.90132095745466,0,0,train
8092,Punjab,0,3,29474.600105954618,30157.182391754235,66.57138482426623,0,1,test
8093,Punjab,0,8,67769.65462976666,61208.77126942514,117.11050076460918,0,0,train
8094,Punjab,1,9,18437.804950661342,15187.815300555147,73.941019343676615,1,1,train
8095,Sindh,1,4,9688.103335226846,12190.18347136231,43.42024829220371,0,1,train
8096,Punjab,1,4,40314.37030245803,34123.52439231729,17.505923461172806,1,0,train
8097,Punjab,1,6,40665.95790953167,31021.350736148634,78.58813233665757,1,0,test
8098,Khyber Pakhtunkhwa,0,4,20865.71650566264,16801.522205530855,10,0,1,test
8099,Sindh,1,6,39792.709422535205,38210.62353072853,135.70865314664908,0,1,train
8100,Punjab,0,2,26851.986953416526,26554.510011875558,13.392822980352591,0,1,train
8101,Punjab,1,1,23236.520489687817,17042.052214363586,10,0,1,test
8102,Balochistan,1,4,28039.330070201846,19809.531758289275,52.58352050430365,0,1,train
8103,Balochistan,1,5,9796.818083572862,7777.884775389959,52.78104489648361,1,1,train
8104,Khyber Pakhtunkhwa,1,6,22401.02701516966,15152.552824067025,166.60080774307664,1,1,train
8105,Sindh,0,3,73213.82386102116,65145.88102701884,81.66929206415826,0,0,train
8106,Punjab,1,3,37408.2167223443,31994.476764170977,75.75044063635609,1,1,test
8107,Punjab,0,6,34485.196930452556,28461.04810816058,90.4694483200942,0,1,train
8108,Punjab,1,6,32333.998811447695,29094.45123357571,50.251297728967145,1,1,train
8109,Punjab,1,7,45307.85384956597,33959.11430273469,91.290511847958,1,0,train
8110,Punjab,0,8,39549.97186563997,35794.697704894264,64.59827681763296,1,1,train
8111,Sindh,0,4,39715.03422472698,40972.43817065821,80.5770667796768,0,1,train
8112,Sindh,0,6,35885.84040730781,35838.44110350467,87.14425389999707,1,1,train
8113,Punjab,0,5,22233.34946406717,22556.658792416718,96.83647122343542,0,1,train
8114,Sindh,0,3,17855.02194714016,11894.755148974738,57.33623752489356,0,1,test
8115,Punjab,0,6,10505.614542971669,7397.306099055143,104.65770398989852,0,1,train
8116,Khyber Pakhtunkhwa,1,1,32307.440938736145,30814.714924782842,62.65411181982134,0,1,train
8117,Sindh,0,1,158203.87474386618,110066.90710953511,120.44188434632132,0,0,train
8118,Punjab,1,3,60577.37646480633,44820.70662701814,49.750585131209945,1,0,train
8119,Sindh,0,9,20527.386110118354,22077.839738643037,124.68584070680433,0,1,train
8120,Khyber Pakhtunkhwa,0,4,36415.13828303194,28730.467821407925,84.91158290246078,0,1,train
8121,Punjab,0,6,86406.05807250662,73486.48760520387,125.22389383289311,0,0,train
8122,Punjab,0,5,13115.216091634986,7583.416759729487,40.50674102236924,0,1,train
8123,Punjab,0,5,45491.36804792233,35617.946218573335,89.82365532402878,0,0,train
8124,Sindh,0,4,63374.72089639373,46481.203202452765,70.04186380217996,0,0,train
8125,Punjab,0,2,27812.852411883454,21055.015959364777,52.743771189653806,0,1,train
8126,Sindh,0,3,16916.37664136027,15655.879743073523,82.60261222851543,0,1,train
8127,Punjab,1,7,66681.22916428577,53596.455425943874,135.11096114033265,1,0,train
8128,Khyber Pakhtunkhwa,0,2,7309.966101941287,12317.646959968288,13.916636969848996,0,1,test
8129,Punjab,0,8,16986.658006632366,17325.90589336954,106.16548484619184,0,1,train
8130,Punjab,1,3,103734.08691406774,67201.68264670356,153.91380123619263,0,0,train
8131,Punjab,0,7,21664.394832749873,16218.212182932693,148.7139650066133,0,1,train
8132,Punjab,0,8,16130.786168938932,15237.15518966089,52.30211534818064,0,1,train
8133,Sindh,1,5,9346.49508955453,9869.659721197419,29.241289205308902,0,1,train
8134,Islamabad,0,5,56132.664667341334,38022.22092583863,69.6218413657945,0,0,train
8135,Punjab,1,8,81838.83796842312,59310.160118644,159.2399599380199,0,0,train
8136,Punjab,1,6,33873.3852776995,31565.362394828135,66.06276498779442,0,1,train
8137,Sindh,1,2,97480.29635274074,63334.79177457112,34.2491352771352,1,0,train
8138,Sindh,0,4,27825.52086012435,23140.630045946913,26.72236909493288,1,1,train
8139,Khyber Pakhtunkhwa,0,5,26535.817687789167,29066.415193389366,107.76223102011971,0,1,test
8140,Punjab,0,8,11808.659391926745,7305.865014684762,79.90153634350705,0,1,test
8141,Punjab,0,3,28701.56564959814,25002.6660247656,20.257712199015586,0,1,train
8142,Sindh,0,8,39445.06817603046,30323.518581900775,73.24171796923707,0,1,train
8143,Punjab,0,4,14798.745117400418,12935.442064870416,10,0,1,train
8144,Khyber Pakhtunkhwa,0,7,3344.172940819674,3000,110.99825418906599,0,1,test
8145,Punjab,1,7,10325.80072404396,7967.5399931518205,96.21410912252833,1,1,train
8146,Khyber Pakhtunkhwa,1,6,22804.81447907563,18256.12793202258,83.54217867946336,0,1,train
8147,Sindh,0,6,12583.467623144234,10616.057837739285,95.95616407148383,0,1,train
8148,Punjab,1,6,8242.270209248021,3852.373793982301,92.40834588202787,0,1,train
8149,Punjab,0,6,6785.472791890877,3445.040768412722,43.15457517912793,0,1,test
8150,Khyber Pakhtunkhwa,0,4,10126.71592779806,6618.761483152652,19.866042194491232,0,1,train
8151,Balochistan,1,3,61010.412877845665,54214.40760071629,75.85236357860408,0,0,train
8152,Balochistan,0,5,9396.92477876948,3000,46.41718349565936,0,1,test
8153,Sindh,1,7,14988.361239482583,11815.511875119362,38.98095875395116,1,1,train
8154,Punjab,0,3,18620.72965769931,16424.221881900103,25.94057793536872,0,1,test
8155,Khyber Pakhtunkhwa,1,6,27546.606814679537,23789.37196762454,122.64520507329138,1,1,test
8156,Punjab,1,11,11534.596269468795,13959.900147683009,131.7217631258111,0,1,train
8157,Punjab,0,1,15483.662554570557,11243.488899260163,10,0,1,train
8158,Punjab,0,3,50525.1540508213,32219.335011619147,88.35457200469152,1,0,train
8159,Punjab,0,5,22914.23119140875,18154.64903177468,68.75943241792747,0,1,train
8160,Punjab,0,5,52062.20514077758,39645.63351742945,57.734954880290175,0,0,train
8161,Sindh,1,3,26250.66833767681,19414.25643506955,75.1509168584687,0,1,test
8162,Sindh,0,5,28660.28567669537,29450.151663938992,43.8215085333491,1,1,train
8163,Punjab,0,4,36295.753831171154,29523.24774402839,64.09783160124786,1,1,train
8164,Sindh,0,6,21196.837988236795,21555.654978584418,88.96616028966477,0,1,test
8165,Sindh,1,3,50053.84998783257,34630.68927533005,65.69671422926523,0,0,train
8166,Punjab,0,7,30249.505096203997,28844.567761010887,158.94213418289502,0,1,train
8167,Punjab,1,3,32962.14696267858,33380.1235113853,89.19649543131938,0,1,train
8168,Khyber Pakhtunkhwa,1,4,17467.115309295437,16311.51621926754,51.62301088286289,1,1,train
8169,Punjab,0,5,7686.478501732495,7609.019703586362,73.8521977161243,0,1,test
8170,Sindh,0,3,15683.23078195867,13102.191100461972,20.955124945894184,0,1,test
8171,Balochistan,0,2,14919.694298177927,14310.790285801966,43.88472913310985,0,1,test
8172,Punjab,1,4,21329.17823619563,19741.17349473261,62.91174028497389,1,1,train
8173,Sindh,0,3,9049.810915016049,5407.703604561633,17.982013310332782,1,1,test
8174,Khyber Pakhtunkhwa,0,4,26500.188898277356,18340.05927074403,108.53444248103739,1,1,train
8175,Punjab,0,6,29470.977456393102,27436.17499025004,107.67873914453295,0,1,train
8176,Sindh,0,5,100891.54267064047,75534.9522757893,129.37245833560073,0,0,train
8177,Sindh,1,6,26338.914219143622,21210.17654298278,90.79643179577785,0,1,train
8178,Punjab,0,4,14177.99090998513,6367.572782412482,41.521366298182514,0,1,train
8179,Punjab,1,2,31137.184753544905,31214.57570619273,10,0,1,train
8180,Punjab,0,5,27256.23616604763,24746.818721891184,74.03435362063031,0,1,test
8181,Punjab,0,1,5487.44717988785,3037.3947890707063,10,0,1,train
8182,Punjab,0,4,26080.51975397901,17576.00702488429,32.154802663294845,1,1,train
8183,Khyber Pakhtunkhwa,0,3,26248.650871108708,22578.898638560386,10,1,1,train
8184,Punjab,0,8,17792.56876039882,12388.758647096809,120.2053275845571,0,1,train
8185,Balochistan,0,3,75609.74062325343,49475.5834818262,50.17151420987699,1,0,test
8186,Punjab,1,4,29343.98959929919,24471.399923937548,65.31912394124883,0,1,train
8187,Punjab,0,7,37039.303522304595,29948.14152977586,76.33740070757885,0,1,train
8188,Punjab,0,7,14985.71296083581,12472.348099384795,101.64576174700834,0,1,test
8189,Punjab,1,8,32004.315069025743,22817.73243970136,142.65096304161221,0,1,train
8190,Punjab,0,9,17948.44245418085,19375.32875669718,88.90795412895767,0,1,train
8191,Sindh,1,6,37733.97851735361,29673.07007714386,97.33735006240566,0,1,train
8192,Punjab,0,2,21702.125280725886,16217.784172797026,10,0,1,train
8193,Punjab,1,4,14062.275462402975,11314.13892993826,31.933928287147662,0,1,test
8194,Punjab,1,2,13594.729537096367,12093.34468745565,44.274174430118286,1,1,train
8195,Punjab,0,7,31380.60184597007,26912.306856235642,94.48386823264885,0,1,train
8196,Punjab,1,11,40391.8801834417,30979.631702344006,128.026557835823,1,0,train
8197,Khyber Pakhtunkhwa,0,4,69569.45953503037,59284.05222041876,177.86083514464633,1,0,train
8198,Khyber Pakhtunkhwa,0,1,10189.435997329614,13688.647417539847,22.028043550642636,0,1,train
8199,Punjab,1,3,15206.009103700748,14370.799527592357,10,1,1,train
8200,Punjab,1,6,27349.813166222477,25636.480055559885,73.85058153055557,1,1,test
8201,Punjab,1,8,20258.971655497742,15188.026714947999,106.27206119001953,1,1,train
8202,Sindh,1,1,15559.768845511315,15626.913474748868,10,1,1,train
8203,Punjab,0,4,41030.31040828117,31260.02901022841,87.41975790692487,1,0,train
8204,Sindh,0,1,30905.19515600144,26623.23509182429,16.566101308494197,1,1,train
8205,Sindh,0,5,31851.116330829478,24590.610369708993,37.533979878375035,1,1,test
8206,Khyber Pakhtunkhwa,1,2,39786.37930169123,34198.3830560623,96.49570385265832,1,1,train
8207,Sindh,0,5,16648.174687246763,18797.156367823234,59.30405189629793,0,1,train
8208,Sindh,0,7,40260.29924030441,33022.03225066637,98.31290086289292,0,0,train
8209,Sindh,0,10,38603.20758230916,35069.98056308279,119.4698824780963,0,1,train
8210,Punjab,1,5,91001.81834513688,69534.11447800335,82.65610230815732,1,0,train
8211,Punjab,0,8,22276.764910993756,14005.61415149611,88.12295572268857,0,1,train
8212,Punjab,0,6,51224.63691383457,43335.49103991713,69.97524373545598,0,0,train
8213,Punjab,0,5,24041.847840405284,26240.59364934687,99.44378391375687,0,1,train
8214,Punjab,0,7,60550.34088021138,57042.50552417612,124.23884316179657,1,0,test
8215,Sindh,1,3,32211.269125067873,27957.68941148002,67.28111195624653,0,1,test
8216,Punjab,1,3,20777.17175380912,16674.14995617833,66.57179990169121,0,1,test
8217,Khyber Pakhtunkhwa,1,3,32285.977983845667,27236.91137520913,69.92791503541207,0,1,train
8218,Khyber Pakhtunkhwa,0,9,12940.535265809647,11275.768469358667,40.45366211324407,0,1,train
8219,Punjab,1,7,10832.593944066428,9959.561012852977,44.41939155953774,0,1,test
8220,Sindh,1,5,43973.210874539254,34297.51199021817,98.0235519764219,1,0,test
8221,Punjab,0,2,64557.92817328332,45080.995660492285,49.867089928070385,0,0,train
8222,Balochistan,1,4,12445.09914483066,3000,118.10332750268648,0,1,train
8223,Khyber Pakhtunkhwa,1,7,21448.519546160696,22276.303825187173,79.40413466506824,1,1,train
8224,Punjab,0,5,17213.503965689557,19355.166651268006,43.213092878695065,1,1,test
8225,Sindh,0,4,23569.021058880524,26118.018166643968,75.443344685059,1,1,train
8226,Punjab,1,8,50595.94801205044,31526.530783699927,155.80720693754688,1,0,train
8227,Sindh,0,7,31643.986530164202,24004.555015310416,109.46809273549937,0,1,train
8228,Sindh,0,3,53735.342626317106,41267.7714833632,67.88466381481663,1,0,train
8229,Punjab,0,4,75185.71803441638,68313.82787882484,127.60172004504261,1,0,test
8230,Punjab,1,3,25045.411315048157,24787.174897486257,57.40858100815278,0,1,train
8231,Punjab,0,7,18762.317166648638,12503.679785531998,97.69620283014005,0,1,train
8232,Punjab,0,5,31848.42008876987,25035.22328884292,92.66899191805071,0,1,train
8233,Punjab,1,7,108097.13337855862,85528.474774942355,163.03851416244362,0,0,train
8234,Punjab,0,3,4529.301327584695,3000,69.84678927623104,0,1,train
8235,Punjab,0,5,11521.468879924081,7690.986997809338,120.9691981049654,0,1,train
8236,Punjab,0,4,89758.23170729152,65383.2912493486,86.39047119371689,1,0,train
8237,Punjab,0,7,49842.07846031561,39358.355669206976,163.686300676555,0,0,test
8238,Punjab,1,6,35144.88555866229,26591.708732332783,28.773370761494483,1,1,train
8239,Punjab,0,6,21790.667280063815,15740.424738234142,128.87627093540954,0,1,test
8240,Sindh,0,4,11865.505771806545,15405.347527365557,48.10655849748213,1,1,test
8241,Sindh,1,6,46102.126029395076,36421.66256936159,85.5997660960134,1,0,train
8242,Punjab,1,4,16740.33109391914,21532.82814885005,101.58148206633214,1,1,test
8243,Balochistan,0,5,20184.642195834258,17668.3576637735,47.16575076125878,1,1,test
8244,Punjab,0,4,9263.086370304576,7591.55851489656,75.90638287160796,1,1,test
8245,Punjab,0,4,26059.050297376918,24229.998236832715,10,1,1,train
8246,Punjab,1,2,19473.034759986367,11188.874650298229,39.44812815681077,0,1,train
8247,Punjab,1,5,28766.770210149905,23306.835334365096,92.07601101627021,0,1,train
8248,Sindh,0,5,33263.20777128754,27804.406440236522,82.89530236792112,1,1,train
8249,Punjab,0,3,11017.327266881959,11569.595530877892,58.47155553855166,0,1,train
8250,Punjab,0,3,34343.68796251297,27283.628113468676,56.89184856062467,0,1,train
8251,Punjab,1,1,151251.18247695535,114267.00958377057,115.39634897030979,1,0,test
8252,Khyber Pakhtunkhwa,0,3,3847.797853781417,3000,17.895913757115892,1,1,train
8253,Punjab,1,3,80892.42537065798,71619.37682922576,85.01220316202067,1,0,train
8254,Punjab,0,12,24546.080359211697,26164.265262563655,114.73432382498916,0,1,train
8255,Sindh,0,7,78213.66852368801,62259.986442611444,110.11490452908511,0,0,test
8256,Khyber Pakhtunkhwa,1,4,24778.827777368224,23218.570861315857,72.21040278394715,0,1,train
8257,Punjab,0,1,44272.95000622389,29025.913565599105,58.38344943762086,0,0,train
8258,Khyber Pakhtunkhwa,0,5,20016.60671698707,16368.436068560106,39.79842424400712,1,1,train
8259,Punjab,0,4,36800.22828885625,32816.02607452314,53.346244044138444,1,1,train
8260,Sindh,0,3,47777.491543408076,34973.93633120362,109.46597526193696,1,0,train
8261,Khyber Pakhtunkhwa,0,2,49760.85403283758,41844.22301733515,43.68902302342792,0,0,train
8262,Sindh,0,6,16515.106720442254,18539.263718203674,134.6840531688585,0,1,train
8263,Sindh,0,4,46276.68336696448,33506.023446907326,25.960448699792956,1,0,train
8264,Punjab,0,4,27657.345800350136,21437.218605379683,90.44761519173757,0,1,test
8265,Punjab,1,6,65551.12321864045,61451.36941437123,48.846753965422074,1,0,train
8266,Punjab,0,2,12922.24482957091,7393.247649912975,40.766000297422366,0,1,test
8267,Khyber Pakhtunkhwa,0,4,13123.012350929435,13772.295560269991,58.16822905677123,0,1,train
8268,Balochistan,0,4,26056.520464458026,23696.625138937234,48.875551102920866,0,1,train
8269,Sindh,1,5,27577.66439770773,21983.49953119507,55.80745075139545,0,1,train
8270,Punjab,1,6,25488.75051477918,20210.056250243448,55.44034099630363,1,1,test
8271,Sindh,1,1,24069.71989918938,19144.10289889045,10,0,1,train
8272,Khyber Pakhtunkhwa,0,3,16851.29720652746,18355.988841866558,98.20085700812646,0,1,test
8273,Punjab,0,7,32910.2644837587,29680.42843670201,137.31708102518442,0,1,test
8274,Punjab,0,2,38427.663577777406,36274.77998193563,32.23619699744387,0,1,train
8275,Punjab,0,6,36790.06482265481,34666.168034339215,59.31012933006846,0,1,test
8276,Punjab,1,3,28185.004689459805,25083.051396497667,23.078302903519564,0,1,train
8277,Punjab,0,2,43533.63962551928,30002.26682043926,31.268807480870954,0,0,train
8278,Punjab,0,7,26147.211503629416,21191.541031250097,88.29838198683652,0,1,test
8279,Punjab,1,4,40060.94927843898,34609.74710513031,26.46820990940931,1,0,test
8280,Khyber Pakhtunkhwa,1,3,52317.7509922843,42636.02157475335,41.65134017128668,0,0,train
8281,Punjab,0,7,9269.475190890262,5868.585006039439,124.71140932741392,0,1,train
8282,Khyber Pakhtunkhwa,1,6,21163.970138627086,22236.55286011592,94.83712188445263,1,1,test
8283,Sindh,1,3,43407.37873905143,39870.30415075644,44.35198188155149,0,0,train
8284,Punjab,0,6,23593.801750713355,21554.340208059093,45.62842054861181,0,1,test
8285,Punjab,1,4,52722.938697485486,43004.27744957297,64.67203444892985,1,0,test
8286,Punjab,0,7,25448.311671039035,17005.760310288835,62.49556065728521,0,1,train
8287,Sindh,1,6,71416.32018413638,59434.07129645068,105.15826184729929,1,0,train
8288,Sindh,0,6,29740.235030278658,26892.166458140186,86.64404065541913,1,1,train
8289,Punjab,1,4,13275.222105635261,15042.74274293338,40.80941755685353,0,1,train
8290,Sindh,1,7,35094.57035030555,33808.10924571863,96.58485403256961,0,1,test
8291,Khyber Pakhtunkhwa,0,1,47579.27860295651,43279.04909081434,21.646918934526624,0,0,train
8292,Punjab,1,3,28889.814693147902,22115.732608017228,68.971471306462007,1,1,train
8293,Khyber Pakhtunkhwa,0,6,18206.871114001355,20572.412056417776,92.725356950388,0,1,train
8294,Punjab,1,5,140942.98100332756,122836.59975673926,127.33344449567883,1,0,train
8295,Punjab,1,5,10834.088144641042,3437.7840090563514,91.72567731104094,0,1,test
8296,Punjab,1,5,33097.68453949175,24005.400535224475,53.5408903430274,0,1,test
8297,Sindh,0,6,31765.677599255465,27415.692444376993,47.693083903265894,1,1,train
8298,Punjab,1,4,35020.673199972734,33466.01616485384,83.11354477671756,1,1,train
8299,Sindh,0,4,39367.101453705916,32645.389904968382,66.88361716355259,1,1,train
8300,Punjab,0,7,27865.65827808009,26654.121960911005,121.58504492075238,0,1,train
8301,Punjab,1,2,18914.906019465245,12384.637642279842,20.51573287045948,0,1,train
8302,Punjab,1,6,54303.02261508852,45161.307187951315,133.31287574009946,0,0,train
8303,Khyber Pakhtunkhwa,0,6,46755.26870108729,29335.652386154157,19.172215759201052,0,0,test
8304,Punjab,1,6,19491.611627002505,13368.194339915588,76.25735200201727,0,1,train
8305,Khyber Pakhtunkhwa,1,6,35302.12844431128,29622.691186898788,82.44536159363946,0,1,train
8306,Punjab,1,7,168911.69686232202,117614.54170066549,239.59195578474697,1,0,train
8307,Punjab,1,6,9247.838582886836,9759.022769825511,61.06587567748922,0,1,train
8308,Khyber Pakhtunkhwa,0,5,80077.41437051198,63974.38521104276,132.63534770267427,0,0,test
8309,Punjab,0,5,9408.434732513479,4779.405563777805,93.31795200749988,1,1,train
8310,Sindh,1,3,25516.530945750892,18606.14916354788,79.40333226039817,0,1,train
8311,Sindh,0,6,23192.428991614946,23457.9540237943,38.15907389689067,0,1,train
8312,Punjab,0,5,52742.94203129619,37581.72649884115,57.700234265800006,1,0,test
8313,Punjab,1,4,49612.29369427563,32518.860027130002,83.83137747018024,1,0,train
8314,Sindh,0,6,14085.434233542303,14602.067448907545,76.55077483280446,0,1,test
8315,Sindh,0,6,13143.600161889062,12534.742222200653,45.68529756325394,0,1,train
8316,Punjab,1,1,16600.581697537276,18119.531896947603,10,0,1,train
8317,Sindh,0,3,34820.47858292698,28967.47818332418,57.93253010041567,0,1,train
8318,Sindh,0,7,43095.50200874378,40980.624796212185,142.38171761973044,1,0,test
8319,Punjab,0,4,33995.81459376376,27848.338088192115,52.19544741061107,1,1,train
8320,Khyber Pakhtunkhwa,1,6,28956.913298898526,24784.623184314525,83.01775662485562,1,1,test
8321,Punjab,1,3,24769.566832471988,25430.68367753986,18.505238445455365,1,1,train
8322,Punjab,1,3,63178.35745390537,42668.19055162145,145.36714627154706,0,0,test
8323,Punjab,0,3,24599.41232363909,19867.438729274905,44.42690758826303,0,1,test
8324,Punjab,1,4,22974.312163386807,19447.892673809096,34.283752974128106,1,1,test
8325,Punjab,0,7,33207.98522439959,29132.9788259201,110.17667506983747,0,1,train
8326,Sindh,1,6,15184.148706956683,17573.250105887644,64.42969120831047,0,1,train
8327,Punjab,0,3,12790.408524887493,13938.24014567424,17.598341297178475,1,1,train
8328,Punjab,1,3,25397.662960391553,23378.61585168164,76.13579215011396,0,1,test
8329,Islamabad,1,2,6278.228958070443,4491.931753127525,20.98576864960794,0,1,train
8330,Punjab,0,5,69195.98109503485,52002.16985669605,126.37762198556636,1,0,train
8331,Sindh,0,5,34387.60385125713,29148.76075982273,39.006305275577965,0,1,train
8332,Sindh,0,1,20355.685580384798,26681.427911007493,65.52724781985214,1,1,test
8333,Khyber Pakhtunkhwa,0,4,8211.469847581458,6116.788500569481,50.91933865563237,1,1,train
8334,Sindh,0,4,28243.500706170682,27962.93006924987,87.61073601996598,0,1,train
8335,Punjab,0,4,13206.34801663256,11806.177294919598,97.72327120671241,0,1,test
8336,Punjab,1,8,21503.215089639627,18315.12307943075,117.79525113311341,1,1,test
8337,Punjab,1,3,13845.481356470465,10713.95416989703,51.031812059576005,1,1,train
8338,Punjab,0,3,32705.638459456364,32298.50657340171,35.436397061181616,0,1,train
8339,Islamabad,0,5,42355.72075452244,38354.65467375575,88.02935816466581,0,0,test
8340,Sindh,0,9,44013.081223299174,38886.58548551129,58.32775840941774,0,0,train
8341,Punjab,1,3,8743.670979382698,8076.42907479373,32.95679491924412,0,1,test
8342,Khyber Pakhtunkhwa,1,4,41056.68409417739,39340.242785163304,53.20084315771929,0,0,train
8343,Punjab,0,1,30530.07263327817,28138.031059179364,10,1,1,test
8344,Sindh,0,4,56176.41851583289,49076.869558399325,146.6365858072362,0,0,train
8345,Punjab,1,2,48325.57493548792,38268.56352580193,77.29781542518386,1,0,test
8346,Punjab,0,4,29510.885435975226,31705.85627179622,13.920954952701528,0,1,train
8347,Khyber Pakhtunkhwa,0,4,91214.67579989447,61644.73533916853,111.0570077340953,1,0,train
8348,Sindh,0,4,22829.822388630826,18490.030803338865,88.12076541798518,0,1,train
8349,Punjab,0,3,15407.839656281592,13816.762261553164,25.477068753962552,0,1,test
8350,Sindh,0,4,34886.08761548398,29449.85496153653,80.07939773359828,0,1,train
8351,Balochistan,1,4,20491.900765691043,20796.844257074063,45.93988456878641,1,1,train
8352,Punjab,0,4,58058.49016370403,45514.724875912645,43.85159127770724,0,0,test
8353,Punjab,1,3,49918.11197695844,38084.932710458284,40.45790776690287,0,0,train
8354,Sindh,1,4,25774.79610697774,18776.819976890936,80.71906519274576,1,1,train
8355,Punjab,1,8,27445.811163669903,22571.52153639437,114.67775604452436,0,1,test
8356,Khyber Pakhtunkhwa,0,6,40340.34781204518,36907.57854086088,80.06392797922177,0,0,train
8357,Punjab,0,3,15493.997123647288,12618.53254771515,61.487689502345646,0,1,train
8358,Punjab,1,3,9940.926466862451,6519.005359952007,55.663021931826954,1,1,train
8359,Sindh,0,5,19665.23292199947,14631.668543757609,37.49663878489605,1,1,train
8360,Punjab,0,3,76816.99873110205,55960.01371304145,109.44406649469987,0,0,train
8361,Punjab,1,9,45659.029801461424,30526.515260728505,124.5486773892429,0,0,train
8362,Punjab,0,1,28196.955950827025,19561.475158185855,64.95729188493777,0,1,test
8363,Punjab,0,5,20168.51730392856,11098.105833284928,76.39411151928797,0,1,test
8364,Punjab,0,3,22811.65971773574,23062.294833502518,61.10742378515078,1,1,train
8365,Punjab,1,5,12746.863719747533,12567.603871174537,47.05829908570727,1,1,train
8366,Balochistan,0,2,41177.03968532918,39747.27444085687,86.14183452461162,1,0,train
8367,Sindh,1,5,41080.7592960676,30118.21373861835,54.269674239436185,0,0,test
8368,Punjab,0,1,27628.46631761487,26705.47511520568,41.65841445131514,0,1,test
8369,Khyber Pakhtunkhwa,0,5,16458.7689747764,13070.743521389693,98.18148934366636,0,1,train
8370,Punjab,1,6,20279.044908807315,19032.48036691238,73.09210728677309,1,1,train
8371,Khyber Pakhtunkhwa,0,3,13215.317790905796,6411.6434645956315,28.333942374719882,0,1,test
8372,Sindh,0,2,35659.954987401514,27546.972377162096,59.79549042650945,0,1,train
8373,Punjab,1,4,34014.489383556334,25410.13619782242,78.82641481546834,1,1,train
8374,Khyber Pakhtunkhwa,0,5,48009.7810249454,38210.382229626906,131.86103298177267,1,0,train
8375,Khyber Pakhtunkhwa,1,3,48544.64890326125,29396.670009029778,81.50326308975652,1,0,train
8376,Sindh,0,6,19827.184640334424,10345.651017670105,71.0977791987751,0,1,train
8377,Khyber Pakhtunkhwa,1,3,9243.19308779911,4700.713829672122,44.67731502248708,1,1,train
8378,Punjab,1,3,20472.568774275573,16829.19916995912,27.741129847889095,1,1,train
8379,Punjab,1,6,10186.551087525631,10116.162367397219,56.01051581803583,0,1,train
8380,Punjab,1,4,14274.326752579747,16399.999704739996,47.14942367489782,0,1,test
8381,Khyber Pakhtunkhwa,0,1,25697.159870254334,18210.003266588872,10,0,1,train
8382,Sindh,0,4,12370.693019065022,5198.983010653198,38.6456264096268,1,1,train
8383,Khyber Pakhtunkhwa,0,7,36578.68458102984,29021.48576489003,133.8393509988242,1,1,test
8384,Punjab,1,2,44036.795995477034,32193.42869983804,10,1,0,train
8385,Punjab,0,8,67484.47222486933,59402.983861864814,207.74321852396093,0,0,train
8386,Punjab,1,4,24553.211116888935,24292.265623071686,34.82153653214857,1,1,test
8387,Khyber Pakhtunkhwa,0,9,19898.766152788783,12112.415664291526,110.76873164488526,1,1,test
8388,Punjab,0,3,14948.131771774528,16158.327009482005,49.185892054232,0,1,train
8389,Punjab,0,2,23128.844912140055,26521.32888362354,38.36080275463838,0,1,train
8390,Khyber Pakhtunkhwa,1,4,18180.992465713764,15673.702711605927,52.17184654487378,1,1,train
8391,Sindh,0,6,46906.02886600425,44711.99728409826,140.46975804653687,0,0,train
8392,Punjab,1,5,52554.035981726105,34503.73283115425,143.12890427860935,1,0,train
8393,Punjab,0,4,39744.34880159692,28878.357628794976,72.03774908744984,0,1,test
8394,Punjab,0,7,15781.70845003142,14064.731768430625,85.6715930212066,0,1,test
8395,Punjab,1,4,20870.100037915545,17203.968147802832,76.05483264956904,1,1,train
8396,Punjab,0,2,11187.983221870796,14026.209642508271,48.299270166311686,1,1,train
8397,Khyber Pakhtunkhwa,0,3,31354.770777719925,29975.206555132812,100.46023380171485,0,1,test
8398,Punjab,0,3,33981.656758358404,26759.400107391008,21.637677161669195,1,1,train
8399,Khyber Pakhtunkhwa,1,8,132575.83926826186,112849.76318319056,174.0048477959676,0,0,train
8400,Sindh,1,8,53431.02020111485,36001.72248889103,84.16116679613691,1,0,test
8401,Punjab,1,3,78999.6929362386,58011.61407557492,42.838221552657224,1,0,test
8402,Balochistan,1,8,89733.73034988565,83179.3427137679,141.58230036709156,0,0,train
8403,Punjab,0,5,11320.06402682564,10641.460148833103,33.66235869565274,0,1,train
8404,Punjab,0,8,23910.474676258174,23880.327711375256,102.84083101957866,0,1,train
8405,Sindh,0,7,63869.16872840568,48058.13026827973,80.49207143668752,0,0,test
8406,Punjab,0,3,20006.415103512012,13130.670738667342,59.830883726427004,0,1,train
8407,Punjab,0,3,73847.43576283313,58687.79743197395,117.8980474110017,0,0,train
8408,Islamabad,1,5,34984.722628162606,30842.25334684077,47.62547245255889,0,1,train
8409,Punjab,0,5,37059.51287497599,35273.394628197464,86.569732256663,0,1,train
8410,Sindh,1,4,54465.785571130946,47363.396091742114,64.12637688997502,0,0,test
8411,Sindh,0,5,33518.607696226056,26350.62701120909,75.0008559516053,0,1,train
8412,Punjab,1,8,97977.56390515389,73356.36968439953,159.06176285317895,1,0,train
8413,Punjab,0,3,43320.63399749618,33088.215730979806,72.64354711711289,0,0,train
8414,Islamabad,0,6,55120.68534898869,43473.92249689081,151.50648514637885,0,0,train
8415,Punjab,0,8,47443.19710799531,40459.59131632441,163.309331059347,1,0,train
8416,Sindh,1,4,52435.80309341204,37373.37913715053,10,1,0,train
8417,Punjab,1,4,29267.32593128167,24259.795579606915,93.70167554960605,0,1,train
8418,Sindh,1,4,24219.958713556083,20528.331471024652,99.34177961805082,1,1,train
8419,Punjab,1,1,12878.09972298646,10089.552669729579,10,1,1,test
8420,Punjab,0,5,54736.643350572536,35760.223197104235,147.93147714100263,0,0,test
8421,Sindh,1,6,27908.730457550482,27335.591679470665,54.776006164048994,1,1,test
8422,Punjab,1,5,8534.37974614664,5493.004517794514,37.948998723274016,0,1,test
8423,Punjab,0,8,15635.828262299017,11167.456014209616,84.86741041011582,0,1,test
8424,Khyber Pakhtunkhwa,0,4,8263.763069204873,5084.9393207160465,36.637773258353235,0,1,train
8425,Sindh,0,5,21410.201439299533,14996.901267159363,107.4642244440345,0,1,train
8426,Sindh,1,3,8166.490207754593,3000,18.92187570691614,1,1,train
8427,Khyber Pakhtunkhwa,0,5,17405.910188160185,8783.192581580131,37.64464846595932,1,1,train
8428,Sindh,1,2,67040.18296834879,47235.091131664994,60.45734312237683,0,0,train
8429,Punjab,1,6,61237.86893552668,47837.024628672894,90.72602522045537,1,0,train
8430,Punjab,0,5,25423.163592082543,19802.031053308812,45.87199282008402,0,1,train
8431,Khyber Pakhtunkhwa,0,6,56055.0122156009,45529.014603917814,108.12856794559903,0,0,train
8432,Punjab,0,6,11089.475680656044,7798.0270690788,52.94614329497585,1,1,train
8433,Khyber Pakhtunkhwa,1,5,74887.31122607912,64023.314352411275,116.139119481394,1,0,train
8434,Punjab,0,7,50572.60083277059,29220.975016578243,111.88641611043731,0,0,test
8435,Punjab,1,7,25733.421761863472,20800.23496033092,95.49878748590373,0,1,test
8436,Sindh,1,4,28696.23722768888,24156.614165431343,50.351337099589784,1,1,test
8437,Punjab,1,3,43977.979558984356,35178.349718677375,49.04204087460103,0,0,test
8438,Punjab,0,4,18858.999062413535,20634.486048707247,23.25542951551349,0,1,train
8439,Punjab,0,5,75509.20668118459,65054.11928538716,109.30868937052954,0,0,train
8440,Punjab,0,3,21228.977033337673,21532.056557159904,35.392552474928706,0,1,train
8441,Punjab,1,5,81678.93300500898,60362.303435188864,167.5228598657191,1,0,test
8442,Balochistan,1,2,20282.558985905504,13798.359914289835,10,1,1,test
8443,Sindh,0,4,15599.31717988387,14934.956829229755,24.341572847608035,1,1,train
8444,Sindh,0,8,36659.753564091785,30049.885954018246,110.412641079331,0,1,test
8445,Sindh,1,7,49050.204746427065,39664.78195110261,129.5819656822332,1,0,train
8446,Punjab,0,7,32454.32788085877,32053.599637785763,124.11063716837945,1,1,train
8447,Punjab,0,6,28104.705930438915,27233.55057791001,27.906819238984333,0,1,test
8448,Balochistan,1,7,12037.393792242814,7395.188921103791,74.80028370042061,0,1,test
8449,Punjab,0,9,27696.980294513116,21728.813154949923,117.51720216771713,1,1,test
8450,Sindh,1,7,50678.31646154202,34276.385269135106,116.3720637253191,0,0,train
8451,Sindh,1,7,48590.82835990223,44240.94402553381,136.7072061797239,0,0,train
8452,Punjab,0,1,22745.388277655027,18027.444453025968,28.470886874291246,0,1,train
8453,Sindh,0,2,16863.34096619241,10500.1928023352,39.16954173972182,1,1,train
8454,Sindh,0,2,67510.28328630683,51183.31055051545,62.71874485094468,0,0,train
8455,Punjab,1,6,16640.08575045055,11907.423360819417,83.80273372021112,1,1,train
8456,Punjab,0,9,7841.916814235568,3437.690773817619,73.52030432150518,0,1,test
8457,Khyber Pakhtunkhwa,0,8,30587.775110335286,30091.59459725907,80.44975092181562,0,1,train
8458,Khyber Pakhtunkhwa,0,4,38785.85694938678,30594.802503076342,113.92861201716335,0,1,train
8459,Sindh,1,4,30054.99429044377,28089.62083133769,19.615808790449215,1,1,train
8460,Punjab,1,2,32925.09107973284,28260.13452917204,98.30950015118101,1,1,train
8461,Punjab,0,6,16765.94901902856,15826.07153065232,85.91304551349809,0,1,train
8462,Sindh,0,6,11255.823121580434,5001.677445996092,45.6889975139222,1,1,train
8463,Punjab,0,5,25707.29498723897,29580.00416361108,132.09881867548705,0,1,test
8464,Khyber Pakhtunkhwa,1,4,106561.33932236354,72617.11356371036,120.2438495130837,1,0,train
8465,Punjab,0,1,13939.58856429675,4186.188281764495,22.431645547912467,0,1,test
8466,Punjab,0,5,22950.016608082362,14456.364009039173,45.914534478295835,1,1,train
8467,Punjab,0,5,6745.509474450199,3000,113.13234007107604,1,1,train
8468,Sindh,0,6,50467.54584564765,44346.746250842305,84.53916419548786,1,0,train
8469,Punjab,0,3,23481.79403024036,17471.573946018747,25.736312265405974,0,1,train
8470,Punjab,0,4,11857.401641786853,12616.673006093473,52.96485872352489,1,1,test
8471,Khyber Pakhtunkhwa,0,3,15503.192432636732,15052.033559871172,32.32877507058076,0,1,test
8472,Punjab,0,4,11025.140894856346,13417.848011245584,75.68474549787976,0,1,test
8473,Punjab,0,2,14403.080556497724,9732.473834447494,10,1,1,train
8474,Punjab,1,8,21517.652988934897,19416.185221223004,100.0072776198451,0,1,train
8475,Sindh,0,7,157411.5638419619,130406.33871908038,181.26418115631594,0,0,train
8476,Khyber Pakhtunkhwa,1,2,15071.773800076395,8823.604703409723,80.17941432280713,1,1,test
8477,Punjab,0,4,12675.624617698066,13777.713052488854,46.251004179389646,1,1,train
8478,Sindh,1,5,11645.921156398483,12231.997459494552,80.39431276474927,0,1,train
8479,Punjab,1,4,35577.14806354869,30697.166528371075,42.808584950676504,1,1,test
8480,Sindh,0,10,35491.267843528716,29847.02499462018,134.67767880498533,0,1,train
8481,Sindh,0,7,94401.72209060873,65566.51570916045,138.71112012522545,1,0,train
8482,Punjab,0,5,18714.653950399872,15958.091072289752,31.621114335012074,0,1,train
8483,Khyber Pakhtunkhwa,0,6,70577.73494208926,56817.51550485003,178.06342454814373,0,0,test
8484,Punjab,1,6,32842.555470631916,30881.691323829407,73.33770659100644,0,1,train
8485,Punjab,0,7,14382.636128352719,13782.726534346582,145.97622925438554,0,1,test
8486,Punjab,0,6,12077.964009876683,8241.02838779718,79.12279053232459,0,1,test
8487,Punjab,1,1,15684.84089552765,7916.9039468712845,17.24696524313483,0,1,train
8488,Khyber Pakhtunkhwa,0,2,48360.07876354227,31281.312708809426,36.4510402804693,0,0,train
8489,Khyber Pakhtunkhwa,0,6,18939.427712633817,16900.645733527457,112.05837330155208,1,1,train
8490,Punjab,1,3,28286.136862340405,23352.338833951326,74.04189440795085,0,1,train
8491,Sindh,0,5,31963.49215637581,29352.47550765967,10,0,1,test
8492,Sindh,0,1,59485.12157453686,49129.616969548144,10,0,0,train
8493,Punjab,0,4,8165.0065477689795,5974.008224914666,84.41026262867706,0,1,train
8494,Punjab,1,4,15700.162569445502,14397.49221829075,73.35390137447872,0,1,train
8495,Punjab,0,3,43450.89279850798,31475.44744479565,66.2259675923057,0,0,train
8496,Punjab,0,3,63871.373293657154,58614.87081462814,20.368390120572357,0,0,train
8497,Punjab,0,5,88407.46920230547,58984.939261288484,95.14833962300712,0,0,train
8498,Sindh,1,2,15337.632762495157,15173.51010598352,69.3589733623421,0,1,train
8499,Sindh,1,3,25319.75821963588,12981.577862374012,31.689326178217698,1,1,train
8500,Sindh,1,3,72677.31451418072,53720.38819518619,66.48794023349296,0,0,train
8501,Sindh,0,2,26964.695700432774,18539.56755959747,31.71197848351591,0,1,train
8502,Sindh,0,8,30497.59093934366,23200.599075336555,112.83514360429902,0,1,train
8503,Punjab,1,4,43870.87977359019,30085.892565669266,39.472345336964736,0,0,train
8504,Sindh,0,6,47127.39669846649,35343.838843881334,57.03756567463088,0,0,test
8505,Punjab,1,3,6662.045444095869,5128.529738354086,10,1,1,test
8506,Sindh,1,4,23563.83564320442,23164.200813821004,51.8777263511797,1,1,test
8507,Sindh,0,6,21947.84007774849,14842.075366298617,63.61474695925751,0,1,test
8508,Sindh,0,3,51231.06609992116,48024.354388354994,68.14724579899159,0,0,test
8509,Punjab,0,4,49928.54682456025,43320.59279323975,29.33230547981111,0,0,train
8510,Punjab,0,4,12616.240960048393,11524.82430216065,51.17005426692355,0,1,train
8511,Punjab,0,4,11371.680094024423,12186.338329188395,39.43226051638031,0,1,train
8512,Punjab,0,3,9058.649233188897,8977.201173824473,56.252916240669066,1,1,train
8513,Punjab,0,2,65815.00766579992,58320.56723828252,68.81454235337858,0,0,train
8514,Punjab,0,4,8678.375690630555,8478.126481493533,72.79030114017563,0,1,train
8515,Punjab,1,7,50344.27479175306,48488.67682366723,138.24762539412288,0,0,train
8516,Punjab,1,7,44056.037817311604,32829.41786392349,99.78832012220295,0,0,train
8517,Khyber Pakhtunkhwa,0,10,27828.80036522204,16818.85132058485,94.23476306807103,0,1,train
8518,Khyber Pakhtunkhwa,0,6,33434.76331153012,28830.363462319812,67.38327265846505,1,1,train
8519,Khyber Pakhtunkhwa,1,5,10455.879133396758,10460.822143266583,77.62473240144006,1,1,test
8520,Punjab,1,2,24244.519094649233,18696.2904587353,25.659299547214054,0,1,test
8521,Islamabad,0,3,24711.403093919776,21385.193049643625,74.98787811665586,0,1,train
8522,Punjab,0,3,43488.164692201426,36931.90963473757,41.74035658814215,0,0,train
8523,Balochistan,0,2,56042.826116860764,40707.23877402544,67.20093466953094,0,0,train
8524,Sindh,1,6,28328.976412820062,28396.796578037687,36.44216915304053,0,1,train
8525,Punjab,0,2,17920.993244998375,17062.544319365017,57.409148023049,0,1,train
8526,Punjab,1,4,19744.181886239825,21473.339586201128,119.56938569984902,0,1,train
8527,Punjab,1,5,29663.24521823511,24646.958025062948,44.276360323428904,1,1,test
8528,Khyber Pakhtunkhwa,0,6,11551.825686023682,8109.940968315073,33.044389372832015,1,1,test
8529,Punjab,0,7,27432.34507539322,24099.26319720879,51.26483386541455,0,1,train
8530,Khyber Pakhtunkhwa,1,6,33301.70482460078,27571.913002917692,110.84768201548489,0,1,train
8531,Khyber Pakhtunkhwa,0,8,44202.26225037651,24744.028495396105,146.64003737558116,0,0,train
8532,Punjab,0,8,52238.68971750724,31191.111224518565,84.32965556324308,1,0,test
8533,Punjab,0,3,54442.729746343786,54223.715044749886,43.50068567152614,0,0,test
8534,Sindh,0,6,8205.465335049015,9976.665809176564,53.10173969464312,0,1,train
8535,Punjab,0,3,19041.16368891953,16869.375685141018,38.381042701284,0,1,train
8536,Punjab,0,7,39873.34278244337,33110.579196126375,118.7191707221067,0,1,test
8537,Punjab,1,8,40296.27903346807,32926.10228655253,150.1022050592329,1,0,test
8538,Sindh,1,9,107531.20708048894,77472.56122772905,184.74170906558632,1,0,train
8539,Punjab,1,4,177592.9960322075,114307.57198319492,184.53894112806395,1,0,test
8540,Punjab,0,4,51369.923553896864,38539.93956013718,65.65853751057405,1,0,train
8541,Sindh,1,4,29927.069865689926,24519.77595348869,81.79036122941642,1,1,train
8542,Punjab,0,3,16945.551556439274,16359.21966255255,56.56769650729668,0,1,train
8543,Punjab,0,9,46394.98516942956,29238.940627287513,120.4177125036274,0,0,train
8544,Punjab,0,1,9760.796500302222,10325.725484118168,33.70164200588657,1,1,train
8545,Punjab,1,2,46733.859749294876,38163.80151241654,73.63809106166171,1,0,test
8546,Punjab,1,8,13806.226675083006,15852.424587109961,64.17308481028495,0,1,test
8547,Punjab,1,2,8216.176892449643,10549.751609758312,10,1,1,test
8548,Punjab,1,4,48827.102682064986,38213.47572426493,110.05980601157884,1,0,train
8549,Khyber Pakhtunkhwa,0,8,7497.901294469539,5563.5781010265455,100.17710585006664,0,1,train
8550,Balochistan,1,4,52432.64496632395,38205.95473508144,89.99448683249359,1,0,test
8551,Khyber Pakhtunkhwa,1,7,44293.02392959007,27906.66793852352,76.18811263170454,0,0,train
8552,Punjab,0,4,22697.31920121271,15776.69440352582,71.54910469013674,1,1,train
8553,Sindh,0,4,13375.983961216243,14638.514677424646,78.87718256025235,0,1,test
8554,Sindh,1,6,20823.28398482595,16008.95358187195,107.17663798834371,1,1,test
8555,Punjab,1,4,29838.37018640594,17892.167636864124,68.61173541591765,1,1,train
8556,Punjab,0,7,27018.75098463532,26423.445962825863,56.10328346366073,0,1,train
8557,Khyber Pakhtunkhwa,1,1,13866.403806016131,14344.316029587599,15.713349835818086,0,1,train
8558,Punjab,0,8,37385.912100609334,27482.358306473772,137.76558126091675,0,1,test
8559,Sindh,0,5,63506.10683483611,50509.56830467167,85.02739225508456,0,0,train
8560,Sindh,0,5,56295.75830870492,40747.39233501638,50.63767449418063,1,0,train
8561,Punjab,0,2,54300.30528293299,36979.631229563776,95.47575504951419,1,0,test
8562,Punjab,0,4,30446.159996383158,20107.788284176422,10,0,1,train
8563,Islamabad,1,4,119022.77949628251,85416.1528465632,134.54923375696268,1,0,test
8564,Khyber Pakhtunkhwa,0,8,25638.840139310356,23870.604376270643,160.47160787089126,0,1,train
8565,Punjab,1,9,68231.34291319636,59055.182213366425,161.6382883667138,1,0,train
8566,Sindh,0,7,51059.68306509602,51994.10831780702,111.063834339379,1,0,train
8567,Punjab,0,7,26500.44242070573,20292.158237579933,117.60229393756815,1,1,train
8568,Punjab,1,2,34782.97729943856,28086.49411140463,61.24898371232538,0,1,train
8569,Sindh,1,6,22028.761532045126,23668.483113370683,91.39774315921501,1,1,test
8570,Islamabad,1,1,145833.44614903722,99024.11376936043,102.58679401413733,1,0,train
8571,Sindh,0,4,56685.51102389945,43976.200758017716,60.64964367782057,0,0,train
8572,Punjab,1,4,77504.48813278547,61005.702780164866,69.30967708815616,1,0,test
8573,Sindh,0,4,66258.31000636492,42279.717189396135,65.71237032898851,1,0,test
8574,Punjab,1,8,36742.02493601357,34963.85888786534,63.7480004496393,0,1,test
8575,Punjab,1,4,29416.01048291268,23195.758103949396,34.060049352664024,0,1,train
8576,Punjab,1,7,28001.13660734021,19687.985903260735,91.97895644379521,1,1,train
8577,Punjab,1,6,62464.04314667835,56115.25996867254,114.26923202168358,1,0,test
8578,Punjab,0,1,54150.57727928166,37838.91233522445,10,0,0,train
8579,Sindh,1,9,33536.96507146558,29816.1251918389,86.20961730888399,1,1,train
8580,Khyber Pakhtunkhwa,1,2,28857.62589950766,25556.64931350638,49.41219571116643,1,1,train
8581,Balochistan,0,3,14487.545215824877,16238.212867964396,69.61900924225709,0,1,test
8582,Punjab,1,5,54320.83833764586,37227.107986085764,74.41024178790639,0,0,train
8583,Punjab,0,6,37769.09020477544,30524.990997515124,96.06894901663685,0,1,test
8584,Punjab,0,4,15285.612148621443,13854.8168195021,71.20023404101093,0,1,train
8585,Sindh,0,7,41425.75883746948,25972.68353620661,104.60313636137589,1,0,train
8586,Sindh,0,8,58701.898481664015,53698.60368666166,150.7468908929664,1,0,train
8587,Punjab,0,7,21917.440597635883,15066.04892590937,62.809902788280795,0,1,test
8588,Punjab,1,6,18292.22017976288,17909.489902247034,93.95244231325756,0,1,train
8589,Sindh,1,5,82103.24830179563,55540.83188907462,94.67193582349016,0,0,train
8590,Khyber Pakhtunkhwa,1,3,20290.36360859657,13394.631979825443,10,0,1,train
8591,Punjab,1,6,6134.700083339449,3203.3305491797846,81.3428131034591,1,1,test
8592,Sindh,0,4,54343.912660634785,37149.96340218956,85.08385278462384,1,0,test
8593,Punjab,0,11,30123.991583195773,25932.76148717218,92.60871748700103,0,1,train
8594,Sindh,1,6,42468.385374703175,34985.32068767126,24.954360161581235,0,0,train
8595,Punjab,0,5,153423.2976163603,112924.0900839663,196.56787218220938,1,0,test
8596,Punjab,0,6,17212.104252980487,13834.614002661127,62.36597357024483,0,1,train
8597,Khyber Pakhtunkhwa,0,5,20364.455438299385,19650.70837585832,36.25224793667934,0,1,train
8598,Sindh,0,6,39678.5959012548,33331.88610831882,87.83701154790276,0,1,train
8599,Punjab,1,10,38191.03935376186,36312.25511855856,167.63990440489442,1,1,train
8600,Punjab,1,2,35059.16297190027,31029.375730293454,21.417517192328177,1,1,train
8601,Sindh,1,3,11726.234021370847,13626.01476999934,14.173078299664336,1,1,train
8602,Punjab,0,8,11011.57834336145,15140.079290499656,92.30086432633996,0,1,test
8603,Punjab,0,7,16622.443428503888,12910.021023114075,104.19784273333306,0,1,train
8604,Sindh,0,3,33936.041265429005,34605.54386540586,105.26646823984976,0,1,train
8605,Punjab,0,13,25280.238615256574,24082.95833172123,142.8006686909789,1,1,test
8606,Punjab,1,4,15169.073888631396,14032.42725329187,10,1,1,test
8607,Punjab,0,4,9456.392150152687,10541.553619898226,23.086087231344433,0,1,train
8608,Punjab,0,8,51481.14699972954,43973.159619450205,124.92315047263321,0,0,test
8609,Balochistan,0,4,16378.241643323703,13924.121657697044,62.54617964707089,1,1,test
8610,Khyber Pakhtunkhwa,0,2,32303.377166139868,34375.95916655392,56.37430911695419,0,1,train
8611,Punjab,1,6,23864.490679343395,20570.30842285894,40.627895658051685,0,1,test
8612,Punjab,0,11,42995.701841415794,29849.878788693226,119.5826348479293,1,0,test
8613,Khyber Pakhtunkhwa,1,4,24610.461630533253,25060.58466301619,94.19613774023253,0,1,train
8614,Sindh,1,4,28186.7584931382,22059.93785469178,54.28384475224491,0,1,train
8615,Punjab,1,11,19376.312389630228,19417.408363218503,117.49999576336765,1,1,train
8616,Punjab,0,8,16287.994975175943,12140.859102038867,73.8563970600488,0,1,train
8617,Khyber Pakhtunkhwa,1,6,10536.195413868087,12731.293648110799,94.4194519231024,1,1,train
8618,Khyber Pakhtunkhwa,0,6,11424.616663647432,11835.619663905922,24.85843052765305,0,1,train
8619,Sindh,0,8,26752.289715120078,19713.406560181644,75.39304231794411,0,1,test
8620,Punjab,1,8,75311.85607075028,52045.27188698489,154.38609947191134,1,0,test
8621,Sindh,1,9,34800.49374018261,32844.253545173946,154.5994901965334,0,1,train
8622,Sindh,0,5,37920.65283052624,35262.34660624075,78.44777991208325,1,1,train
8623,Punjab,1,7,37168.08197847788,29957.1107679712,105.00250886423868,1,1,train
8624,Punjab,0,4,24691.342186980357,19338.860800043367,26.06875875890477,1,1,test
8625,Punjab,1,9,41164.25252223891,30063.195432837507,113.6923332009616,0,0,train
8626,Punjab,0,6,37216.38652610683,29422.257720873662,80.90271790932604,0,1,train
8627,Punjab,0,3,17387.459994374265,8182.539461629654,50.49521463067781,1,1,train
8628,Punjab,1,6,26184.73141743231,24832.639632307568,24.382182428598064,0,1,train
8629,Punjab,0,5,24217.553636098357,21919.226145517187,116.94329011799101,1,1,train
8630,Sindh,0,8,11926.896837754286,9005.937966639869,126.25999213771233,0,1,test
8631,Punjab,1,7,14056.585525755372,14701.15362607465,83.80325511956113,0,1,train
8632,Sindh,1,5,55931.382129744794,36856.43686799099,116.7156727850608,0,0,test
8633,Khyber Pakhtunkhwa,0,4,57444.111644511984,47821.05179376336,61.46760739232306,0,0,train
8634,Punjab,0,6,75225.36919408246,48201.25438812755,126.69653670276983,0,0,test
8635,Punjab,1,5,45416.177954156374,39550.11848279407,53.1408573946137,0,0,train
8636,Punjab,0,7,10472.685680696339,9138.07069318066,88.4475468986509,0,1,test
8637,Punjab,1,4,74482.6754446123,68304.56998183727,121.57856401695578,1,0,test
8638,Punjab,1,6,24165.85740492286,19241.474171450063,74.84112901300381,1,1,test
8639,Punjab,0,5,39030.980568068924,30333.908413710942,82.88402049046967,1,1,train
8640,Punjab,1,2,128399.54821114674,89453.4139113507,138.85527888433433,0,0,train
8641,Punjab,0,6,11625.537418392767,3451.2000805130338,28.706916449860067,0,1,test
8642,Punjab,0,4,9783.624486910208,3851.4088379048644,45.80444908986659,1,1,train
8643,Balochistan,1,2,14913.046322523947,15078.060807869122,17.7234855512688,1,1,train
8644,Punjab,0,5,95418.24448552696,85992.09306804491,163.6275574716919,1,0,train
8645,Islamabad,1,5,43134.418662343596,30349.065461587845,133.72754090747037,1,0,test
8646,Khyber Pakhtunkhwa,1,8,26235.96269273246,17479.544811083048,64.9034168604118,1,1,train
8647,Punjab,1,1,54565.12375674317,33375.79112505964,60.424212768153915,1,0,train
8648,Punjab,0,7,26613.493744232594,24940.97169813942,128.7848095246046,1,1,train
8649,Punjab,1,4,32656.385776985317,32671.782331102397,71.38323905567084,0,1,train
8650,Punjab,0,4,45698.08810566895,29041.788767311235,116.73231356305902,1,0,test
8651,Punjab,1,1,104469.6416665384,93422.38337226516,108.60147191096098,0,0,train
8652,Khyber Pakhtunkhwa,1,6,35732.89875685454,28328.794250657455,114.02454578438886,0,1,train
8653,Sindh,0,5,29088.601933340793,26046.080822657863,102.71245763398369,1,1,train
8654,Khyber Pakhtunkhwa,1,3,16984.177813532984,19422.56080205725,41.540918849198086,0,1,test
8655,Khyber Pakhtunkhwa,1,5,21244.781250784145,17246.093465627644,43.90581657499018,1,1,test
8656,Punjab,0,3,24192.123480594644,17372.065378277413,59.010009720263966,1,1,test
8657,Khyber Pakhtunkhwa,1,4,28699.99942299103,20499.223840462226,10,1,1,train
8658,Sindh,0,8,37700.79309912097,31914.67341614703,93.33811780603776,1,1,train
8659,Punjab,0,4,4927.506293612653,6266.390796434013,53.58465311155026,0,1,train
8660,Punjab,1,7,25053.44860459936,26993.638021765095,108.80706998151373,0,1,train
8661,Khyber Pakhtunkhwa,0,1,58776.044967403795,38955.420198963126,57.174480857675924,0,0,train
8662,Punjab,0,5,44578.205992153155,42072.611726414456,40.539979090519964,1,0,train
8663,Balochistan,0,6,29532.733334692555,28779.56159680089,126.26158833227643,0,1,train
8664,Punjab,0,5,28304.910811988357,24507.5923992057,15.764109584028944,0,1,train
8665,Punjab,0,10,27063.902354787202,24502.558041647073,98.43049015405683,1,1,test
8666,Sindh,1,2,17522.939225964303,14362.341370876768,49.87002212621066,1,1,train
8667,Sindh,0,3,25109.981608913848,21568.07412372531,57.78596290516006,0,1,train
8668,Balochistan,0,3,20739.398607089188,16343.812579372696,10,0,1,train
8669,Khyber Pakhtunkhwa,0,4,18794.892479595193,18151.532988907078,73.21310586734576,0,1,train
8670,Punjab,0,5,53064.62295146554,36582.17171094952,73.08462158720093,0,0,train
8671,Punjab,1,5,38042.177897807094,33616.8514548486,25.534147625524398,1,1,train
8672,Punjab,1,8,28949.349235425765,22619.13457638538,145.36218629837163,0,1,train
8673,Sindh,0,3,26717.72131416454,20110.159951416208,10,0,1,train
8674,Punjab,0,5,22629.208616332646,17198.01142892013,60.69073270191297,0,1,train
8675,Punjab,0,5,25830.46966073286,20144.820253457994,66.8758116832004,0,1,train
8676,Punjab,1,6,7231.536261012907,7872.134460639733,26.25882506932956,0,1,train
8677,Punjab,0,7,47415.32987881954,34629.973518210405,109.70877916555598,0,0,train
8678,Punjab,1,4,49274.150394092605,36874.4112596912,106.8644951189394,0,0,train
8679,Punjab,1,7,33639.36822129232,38434.87301272922,90.48739289414371,1,1,train
8680,Punjab,0,3,17094.688798099796,8696.1165014494145,40.11821336949297,1,1,train
8681,Punjab,0,1,74052.63089971349,64664.17094764433,79.06199300482541,0,0,test
8682,Punjab,0,8,62035.19481200929,55629.656011754596,128.69676536638545,0,0,train
8683,Punjab,1,5,8319.93626740564,4164.978148592623,42.07512213715692,1,1,train
8684,Punjab,0,4,24006.837602100775,20054.80136859892,76.12510417182196,1,1,test
8685,Khyber Pakhtunkhwa,1,7,33429.117052418034,27512.99089008981,80.52818130841561,1,1,train
8686,Sindh,1,5,39847.43978892713,35958.90392128646,85.11545639679589,1,1,test
8687,Punjab,1,7,13904.37808448481,14450.868381049355,106.62184047546234,1,1,train
8688,Punjab,0,2,12862.851934753908,7416.606394920425,100.49578357965189,0,1,train
8689,Punjab,0,6,46870.94104011236,34147.25540289974,143.61389804227338,1,0,train
8690,Punjab,0,6,32834.44057210315,29476.92183579148,47.942033423163835,1,1,test
8691,Punjab,0,9,45585.78512214147,30923.19063340023,175.4353670307833,1,0,train
8692,Punjab,0,3,25728.362274078467,25225.38768953394,22.182430928500956,1,1,train
8693,Punjab,1,2,33367.49155580979,28193.563443630388,28.966745196345123,1,1,train
8694,Sindh,1,3,159112.3958223044,138460.33560079016,145.0078053901176,0,0,train
8695,Sindh,1,6,18656.65514657799,15027.212526789892,49.372713422003855,1,1,train
8696,Khyber Pakhtunkhwa,1,9,19040.140180010825,16765.301797220447,87.36563315180322,0,1,train
8697,Khyber Pakhtunkhwa,1,2,16133.59976114792,15112.2348902237,10,0,1,train
8698,Punjab,0,5,13385.109507290723,12423.385830504643,53.96249854986848,0,1,train
8699,Punjab,0,6,43208.561597178785,34248.89783711568,80.83271567648511,0,0,train
8700,Sindh,0,6,28563.2060298318,23850.941532658948,61.81684674302775,0,1,train
8701,Sindh,1,9,11936.409523228349,11039.949642049705,83.80364613854343,1,1,train
8702,Punjab,0,7,38026.85138173778,33177.530049243396,100.49712943161117,0,1,train
8703,Punjab,0,4,14001.05018174899,7302.31376923244,31.500853979648486,0,1,train
8704,Punjab,0,4,20400.173672456505,16630.462682034507,101.22352752969957,0,1,train
8705,Punjab,0,4,26014.811095624947,23134.86244377621,82.03146446102872,0,1,train
8706,Khyber Pakhtunkhwa,0,4,16313.601309965381,7078.969670713205,68.49976156579301,1,1,train
8707,Khyber Pakhtunkhwa,1,1,95182.55553773591,71444.92174933536,105.3332791330829,0,0,test
8708,Sindh,1,5,5921.367123446169,4323.6174721427815,68.8597183104779,0,1,train
8709,Punjab,0,3,34335.670668640225,27883.68097590278,40.703740290449744,1,1,test
8710,Punjab,1,2,16615.57490310929,13429.363298215942,59.17685652476051,1,1,train
8711,Punjab,1,6,45224.977402914294,29676.215830369158,74.58608644354936,1,0,train
8712,Punjab,1,5,66775.25920720253,63263.079479758104,145.3869304278805,0,0,train
8713,Khyber Pakhtunkhwa,0,5,60299.396723134305,38495.193246148185,60.26581684892033,0,0,test
8714,Balochistan,0,4,69235.10474139481,47860.959109339674,123.2634841085216,0,0,train
8715,Punjab,0,6,40109.783749849616,25586.43987438639,113.89935076300023,1,0,train
8716,Sindh,1,8,67739.99882863516,61486.88002340194,201.24609677812515,0,0,train
8717,Balochistan,1,3,11307.806052872913,6103.53296495047,10,1,1,train
8718,Punjab,1,5,5073.400488349042,3852.884949281941,46.78501375463193,1,1,train
8719,Islamabad,0,2,76003.958740696093,58384.94636341306,103.73198109545382,0,0,train
8720,Sindh,0,4,18700.916411787126,16663.79332237524,117.42146720445757,0,1,train
8721,Sindh,1,4,37407.23382899031,36158.66452841432,105.09048838443627,1,1,train
8722,Khyber Pakhtunkhwa,0,6,15458.346775520558,10922.103223234917,88.76522363889586,0,1,train
8723,Sindh,0,4,49753.25011087719,37564.0647345625,66.61486451872105,0,0,test
8724,Khyber Pakhtunkhwa,1,6,42229.125619731385,24071.66165246712,106.74009606057021,0,0,train
8725,Punjab,0,9,12918.506245034656,18007.668567995006,108.93226248491239,1,1,test
8726,Punjab,0,3,23802.210873653414,25929.19217923064,50.453478523641785,0,1,train
8727,Punjab,0,4,34046.322840374836,26758.52640061825,36.73716490587293,0,1,train
8728,Punjab,0,4,44599.14399484346,35785.427707897295,119.32176277869986,0,0,train
8729,Punjab,1,5,21908.417260318893,17818.064432205647,53.4799823460624,0,1,train
8730,Punjab,0,1,43948.75180408348,37643.10233800763,57.26030025754493,0,0,train
8731,Khyber Pakhtunkhwa,1,4,39528.77080145097,32040.87065277852,63.33804143961543,0,1,train
8732,Punjab,0,3,4740.393652925196,5197.5877603107765,25.61033139908208,0,1,train
8733,Sindh,0,2,11067.889659485452,8023.472449449924,10,1,1,train
8734,Sindh,0,7,13935.025738033812,11914.332900657679,101.01266554317111,1,1,train
8735,Sindh,0,4,26119.261433088792,19399.44279156147,70.37686496918819,0,1,train
8736,Khyber Pakhtunkhwa,1,4,99840.47657963425,85911.47441590915,116.69012707176297,0,0,train
8737,Khyber Pakhtunkhwa,0,10,15585.140062407178,19769.4309256943,109.65858586709642,0,1,test
8738,Sindh,0,14,20496.247981589353,23361.187199951866,165.64080032511634,0,1,train
8739,Punjab,0,8,15621.18217243444,12320.719469371636,87.14013147547765,0,1,train
8740,Punjab,0,3,14660.393228352135,9709.338572881023,18.702682022224682,1,1,test
8741,Punjab,0,9,15999.541366709896,16146.95219313616,109.95708146769755,0,1,train
8742,Punjab,1,4,20038.730004488363,13416.30868887917,89.99465777686618,1,1,train
8743,Sindh,0,7,15983.733762562237,9237.141666042306,110.68173765959175,0,1,train
8744,Khyber Pakhtunkhwa,1,4,11583.962101658377,11511.907132232429,77.31382844744779,1,1,test
8745,Sindh,1,2,49038.7315697939,38164.66356911297,80.17355708579521,0,0,test
8746,Khyber Pakhtunkhwa,1,7,43871.58775424036,32116.690496898733,107.70528987524936,1,0,train
8747,Khyber Pakhtunkhwa,0,5,17011.82385989447,15743.53788673373,149.49512352154272,0,1,train
8748,Sindh,0,2,31428.49681453681,29895.68953723493,31.53667241042406,1,1,train
8749,Khyber Pakhtunkhwa,1,5,56589.47172025817,48775.513914945885,105.3691124388833,0,0,test
8750,Punjab,0,2,24690.890379294087,20308.11081192314,109.03047096304725,0,1,train
8751,Sindh,1,5,35113.77165506244,26625.798319529087,41.914886381124475,1,1,train
8752,Punjab,0,6,15952.088631135057,17378.579183584898,43.76687548889129,0,1,test
8753,Punjab,1,8,68044.69697590472,46349.49548888808,141.67070791593886,1,0,test
8754,Sindh,1,2,14896.730105890387,15769.503959999132,29.355243296812006,1,1,test
8755,Punjab,1,1,90514.29554481538,64724.157942756174,101.97587870386184,0,0,test
8756,Balochistan,0,3,7946.757212508361,5308.741929033395,46.256476763869856,1,1,train
8757,Punjab,1,3,30283.71934098876,31098.957889780802,41.45558420551909,1,1,train
8758,Khyber Pakhtunkhwa,1,3,14858.959683491148,15726.011574005868,45.690648428703014,0,1,train
8759,Khyber Pakhtunkhwa,1,4,55112.17434805373,47945.02793120804,76.39725674107142,0,0,train
8760,Punjab,1,6,20232.547015766828,18277.39910107488,60.48929289275615,1,1,train
8761,Sindh,0,6,49039.54543038798,41271.69325317281,60.37844044185591,1,0,train
8762,Sindh,0,4,23537.296028177705,19828.488984301723,42.98208466518672,0,1,test
8763,Khyber Pakhtunkhwa,0,5,19991.92387655671,20287.82363896444,61.34109746774406,0,1,train
8764,Punjab,1,7,70002.36598047332,54264.20729740828,143.28575050804469,1,0,train
8765,Punjab,0,1,3000,6524.18064624539,10,1,1,test
8766,Punjab,1,5,26466.75110352826,22727.424792141086,105.5652665371774,1,1,train
8767,Punjab,0,6,51368.46963472021,38302.81109495734,119.42234510979733,0,0,train
8768,Punjab,1,3,28731.31006921615,27279.523922627814,51.53206638977497,1,1,train
8769,Sindh,1,4,23681.813150343965,17052.308311333687,86.13120137180377,0,1,train
8770,Punjab,1,6,37547.922291124705,40787.28016960919,72.34251022765183,0,1,test
8771,Sindh,0,6,35221.769130324916,38588.32596132798,96.1243038626836,0,1,train
8772,Khyber Pakhtunkhwa,1,3,22457.588197159705,19595.53127594805,42.753120971577566,1,1,train
8773,Punjab,0,2,39204.54406040419,33484.97033746034,16.773705032550907,0,1,train
8774,Sindh,1,6,23039.848864440773,22159.214122538713,92.16484645269196,0,1,test
8775,Punjab,1,2,24944.90869081569,19714.679606799175,45.00428761581801,0,1,test
8776,Punjab,1,7,31445.839795345593,29326.41856532212,77.30156259056497,0,1,train
8777,Punjab,1,6,29059.401666159098,21289.867291966337,86.61771848178125,1,1,test
8778,Punjab,1,3,30407.728804054277,29385.201182156576,53.79357514031551,1,1,test
8779,Sindh,0,5,32593.332568206137,26018.666892005313,28.963281313021277,0,1,train
8780,Punjab,1,7,65429.03914660598,46909.29707288218,148.32886582307003,0,0,train
8781,Sindh,0,5,32159.69377879148,23475.45965063667,67.31626499394854,1,1,train
8782,Khyber Pakhtunkhwa,0,3,49397.77869345528,42948.83368826098,47.64392564133219,1,0,train
8783,Punjab,1,3,293891.5132024476,191697.08551271856,290.6838971719739,1,0,train
8784,Khyber Pakhtunkhwa,0,7,20724.960893855026,23794.50500857585,98.28976085680893,0,1,train
8785,Balochistan,0,1,22085.332910178502,17712.20400307437,16.671934284109895,0,1,train
8786,Punjab,0,5,21484.840564592178,15678.414090314482,47.600828808679566,1,1,train
8787,Sindh,0,4,56882.47105942491,43201.532273911136,88.05434095925847,0,0,train
8788,Khyber Pakhtunkhwa,0,7,10320.546235094796,7748.515169084437,43.68634077130958,0,1,train
8789,Punjab,0,3,58259.16567480134,43750.73916826342,114.91740608305692,1,0,train
8790,Punjab,0,2,44855.78337790397,33440.98837537949,45.89574396423706,0,0,test
8791,Khyber Pakhtunkhwa,0,3,28710.634548265618,24770.27366883057,113.05282729695932,0,1,train
8792,Punjab,1,6,20974.890212958147,22198.952914167126,106.36933006799828,1,1,train
8793,Khyber Pakhtunkhwa,0,3,70522.01502874965,51836.279004042284,72.38502688164806,0,0,test
8794,Punjab,1,6,17226.65596879094,14556.924517242764,63.58769347804974,0,1,train
8795,Punjab,1,7,59694.72992501365,52065.19670443917,84.63974977859341,1,0,test
8796,Sindh,0,5,19965.003616365448,17326.770097864737,60.20888709251795,1,1,train
8797,Punjab,1,4,80419.09676560955,66024.54781102363,128.69416896739207,1,0,train
8798,Punjab,1,4,19985.094242867508,16956.54138850841,106.00016568379982,0,1,train
8799,Khyber Pakhtunkhwa,1,4,24823.23842175943,21058.965380853977,10.640072006581946,0,1,train
8800,Khyber Pakhtunkhwa,1,7,30658.390200909944,28401.80241429556,81.12479948206561,0,1,test
8801,Khyber Pakhtunkhwa,0,2,44597.40225278724,33867.12698446748,32.143106697204416,0,0,train
8802,Khyber Pakhtunkhwa,0,4,33176.44292353247,30372.235085815948,68.06556265070135,1,1,train
8803,Punjab,1,4,17238.668378058974,13076.388466607257,66.73604718687119,1,1,train
8804,Khyber Pakhtunkhwa,1,2,10620.511573890835,7973.068934404744,26.050318035109584,0,1,train
8805,Punjab,0,3,17128.358737715967,13729.89410607621,10,0,1,train
8806,Punjab,0,6,58811.27618922647,45405.108104327635,137.49596720389914,1,0,test
8807,Balochistan,1,2,4703.645379902846,7625.587517402875,23.761349631880375,1,1,train
8808,Punjab,1,4,85718.44955123268,59928.41628538821,112.51264180640703,0,0,test
8809,Sindh,0,5,55878.92684537437,46616.74154477721,69.37473533691264,0,0,train
8810,Punjab,0,9,62121.36741887795,51593.517035122626,124.9632237258252,1,0,train
8811,Punjab,1,10,32768.24959487588,27232.198175946207,87.94547378481813,0,1,train
8812,Sindh,0,12,59107.677651718725,41619.79960649682,217.48151167659847,0,0,train
8813,Punjab,0,4,59286.0973352049,40450.84916160214,26.832380794296213,1,0,train
8814,Punjab,1,5,22094.884249139508,19125.39859093418,37.74520561808442,1,1,train
8815,Punjab,0,5,12849.855292283162,9996.767281821876,92.79974068850744,1,1,test
8816,Punjab,0,6,7204.205234675599,7755.737979026941,81.68028467967046,0,1,train
8817,Punjab,1,5,30270.25413319716,25661.56370138265,118.77950800189404,1,1,train
8818,Punjab,0,6,10033.236973903753,9492.920031853699,35.602881073018395,1,1,train
8819,Punjab,1,3,44591.71005689286,32915.619057112235,58.06431466935174,1,0,test
8820,Khyber Pakhtunkhwa,1,5,42210.05017307208,34404.799056075804,71.50514391169305,0,0,train
8821,Khyber Pakhtunkhwa,0,6,103552.96260949635,87486.84296784231,188.18218853846912,0,0,train
8822,Balochistan,1,5,17741.786775660883,9135.563532478765,84.75868035921732,0,1,train
8823,Balochistan,1,4,148361.64512364296,117869.53099809827,102.35539197628516,1,0,train
8824,Punjab,0,3,41236.78568987049,29855.886858352234,40.12939504228251,0,0,train
8825,Punjab,0,4,18023.812453491024,17548.510551379473,20.637055295527844,0,1,test
8826,Punjab,0,8,47957.105030217135,34010.182667032816,167.1966531646329,0,0,train
8827,Punjab,0,4,65020.158929939884,58297.43718678555,61.29603167674766,1,0,test
8828,Punjab,0,7,18943.67538225801,19662.93046603717,117.73925527256182,0,1,train
8829,Sindh,1,7,37827.43934561351,36140.18816796648,98.77287799159488,0,1,test
8830,Punjab,1,6,37393.748535977546,29920.01435516453,30.75454271883458,0,1,train
8831,Punjab,0,2,20924.808859011882,24875.424165466524,10,1,1,train
8832,Punjab,1,3,62625.93903500437,47576.77816854063,63.03951930186823,0,0,test
8833,Punjab,0,3,36774.8799246766,33216.111765590744,90.64491982567809,1,1,train
8834,Punjab,0,7,21848.23226430853,18466.681328434708,63.33751762836239,0,1,train
8835,Punjab,0,7,10453.870466221915,11343.61691575396,99.03898723557211,1,1,train
8836,Punjab,1,9,32043.856060180136,30643.791505315072,105.23425089079383,1,1,train
8837,Sindh,1,7,50945.327685983466,40932.16361051497,46.91254348892974,1,0,train
8838,Punjab,1,7,17984.74712651436,16466.12761081506,81.50494867743618,1,1,train
8839,Punjab,0,3,27355.55603998707,22935.342024835278,79.7877694969764,0,1,train
8840,Punjab,0,1,12671.480603706352,11548.565351180856,10,0,1,train
8841,Punjab,0,5,82919.91729406943,76171.54921458002,62.30016488719953,1,0,test
8842,Punjab,0,6,30251.913279047425,28183.397804283522,130.71605981729107,1,1,train
8843,Sindh,1,5,30898.41433907142,27821.383936767925,73.77010214334706,0,1,train
8844,Punjab,1,3,85490.99638377786,74660.75091152478,66.40380867064644,1,0,train
8845,Sindh,0,5,40384.90418422147,37009.689499747445,84.549017467934,0,0,test
8846,Punjab,0,4,69664.98390942153,52045.97115651026,102.04647581893109,1,0,train
8847,Punjab,0,7,27872.61249790118,22291.82474609419,39.07507147445267,1,1,test
8848,Punjab,1,3,84817.4408392298,74627.52030449883,95.31500314022907,1,0,train
8849,Punjab,1,6,40775.143220830854,29276.942744442946,55.49892875153477,0,0,train
8850,Punjab,0,4,18660.545866095777,11308.741066182503,46.48549994491587,1,1,test
8851,Punjab,0,9,38347.114514934234,32770.671673221594,166.17854488605118,1,1,train
8852,Punjab,0,10,34415.34399231719,33934.670622100566,120.2728824281473,0,1,train
8853,Sindh,0,9,24578.277506490133,27047.67729496301,113.97894925786616,1,1,test
8854,Khyber Pakhtunkhwa,0,6,22828.545145407887,24417.714131918216,117.03538652268243,0,1,train
8855,Sindh,1,7,20303.39411878434,16723.67493173129,116.63617599497024,0,1,train
8856,Sindh,1,6,39475.05532441468,34273.80885461965,100.09963346541814,1,1,train
8857,Punjab,0,4,34324.480958998975,30970.55687925463,117.46285924120683,0,1,test
8858,Sindh,1,5,14298.4476167707,14210.446945258904,57.82110479329439,0,1,train
8859,Punjab,1,3,25931.431209425617,24001.38381018585,39.688468089370936,1,1,train
8860,Punjab,0,8,51530.90480486646,35462.093560545676,94.4628761593155,1,0,test
8861,Punjab,1,3,54613.969686757366,29283.014618877984,10.259968276766777,1,0,train
8862,Sindh,0,9,26764.88002541664,29836.49910774829,92.54707331636725,0,1,test
8863,Khyber Pakhtunkhwa,0,3,36751.93005616815,29771.65770473449,37.04292217433154,0,1,train
8864,Khyber Pakhtunkhwa,0,7,26545.564377416267,20687.40631339501,114.67566591901746,0,1,test
8865,Punjab,1,3,54004.314343823826,41635.669146597626,55.936872734355944,1,0,train
8866,Sindh,1,8,77230.82480964027,59368.4541301311,132.26658432888033,1,0,train
8867,Punjab,1,5,18998.732281027977,12595.925832537072,79.26537866350624,0,1,train
8868,Punjab,0,3,95583.29915169891,62258.862394967044,110.29197067730618,0,0,train
8869,Punjab,0,1,8498.905619669285,5538.294657669303,58.41767057410787,0,1,train
8870,Sindh,0,4,157626.15249123602,126043.47938997523,188.556810950876,0,0,train
8871,Sindh,1,9,22702.97165756556,22330.75879107817,110.12816423676986,0,1,train
8872,Punjab,1,6,103893.94743675916,86944.21166614661,124.9637038458476,1,0,test
8873,Balochistan,0,1,38989.16295579469,38242.593491962005,39.91257372123836,0,1,test
8874,Punjab,0,9,12009.14963151142,12928.868738210651,88.74113072823835,0,1,train
8875,Sindh,0,4,23420.052542954272,18174.927994146736,57.938005463976936,0,1,train
8876,Sindh,0,8,42754.03906105418,36660.09706292407,98.05547713542677,0,0,test
8877,Punjab,0,8,31169.24344438771,27924.27025387674,122.27487918437141,0,1,train
8878,Punjab,0,4,116665.80070657993,100283.79382603543,101.16889635245255,0,0,test
8879,Punjab,0,3,13728.893161059636,16360.93700481009,10,0,1,train
8880,Islamabad,0,2,8969.939393673403,7523.180467797941,10,1,1,train
8881,Punjab,1,6,27425.021992031227,23174.713907220183,72.2979915156927,1,1,train
8882,Sindh,1,4,94478.01134842173,60822.5506919745,140.81654248698803,1,0,train
8883,Sindh,1,5,16991.06663442989,15951.105198927637,85.77042025559473,1,1,train
8884,Khyber Pakhtunkhwa,0,5,40227.726717260564,33575.65997230824,92.4472981775738,0,0,test
8885,Khyber Pakhtunkhwa,1,7,13582.59434660009,13523.242323777118,30.748456407954976,0,1,train
8886,Punjab,0,2,43357.79124605345,32232.451446704454,25.346854223335523,0,0,train
8887,Punjab,1,8,28220.13649227241,28433.97156145519,40.677762605625055,1,1,train
8888,Punjab,0,3,10813.339438505609,10683.27599124005,48.42025091027,1,1,train
8889,Punjab,1,4,30020.629321915603,28149.694707283394,10,1,1,test
8890,Khyber Pakhtunkhwa,1,6,14008.398449594555,13804.769622235972,90.32204850204901,1,1,test
8891,Khyber Pakhtunkhwa,0,8,41228.89237339088,27830.581779738233,112.41880161301614,0,0,train
8892,Punjab,0,7,29231.931027406732,28019.241064323014,75.92029007238065,0,1,train
8893,Islamabad,0,7,33473.4205046974,30452.75264306776,119.0765191838542,0,1,train
8894,Punjab,1,1,30522.943134397618,29567.1111122102,69.56449085634588,1,1,train
8895,Punjab,0,4,45771.921856996196,36549.551751367195,43.88525735304625,0,0,train
8896,Punjab,0,3,41752.897121001246,25851.77938687021,71.26640489731271,1,0,train
8897,Khyber Pakhtunkhwa,0,10,11194.282767607385,6429.412958964535,133.59702226082226,0,1,train
8898,Sindh,1,6,43346.18842540455,34711.83158216444,97.33659390097647,0,0,train
8899,Khyber Pakhtunkhwa,1,8,16988.25513595541,9456.443925730644,108.37084908443845,0,1,train
8900,Sindh,1,6,23121.061730413476,19861.09928145336,19.457773033055297,0,1,test
8901,Khyber Pakhtunkhwa,0,3,89260.44288761505,57370.67893310108,122.13039346026521,0,0,train
8902,Punjab,1,3,19716.968000383065,21837.29105363116,56.62058743523513,1,1,train
8903,Punjab,0,4,41072.660973546896,26616.350199274046,117.2689226941518,0,0,test
8904,Punjab,1,3,67028.87796872848,42217.54509471152,77.71755660598701,1,0,train
8905,Sindh,1,6,52607.976493086666,39418.945263892216,75.90127421562994,0,0,train
8906,Punjab,1,4,52535.72547893061,37279.52753728941,41.42676465075468,1,0,test
8907,Khyber Pakhtunkhwa,1,6,18324.932131317746,20058.396735313658,94.98645050514219,1,1,test
8908,Punjab,0,3,41213.00237173489,29590.995431245155,51.19591238253775,0,0,train
8909,Islamabad,1,7,28190.96999016471,26548.61543004653,113.42121490121363,1,1,train
8910,Sindh,0,5,3000,7083.581857162748,61.118487262998016,0,1,train
8911,Sindh,0,3,95467.3271070457,66845.64984609139,127.26750812208155,0,0,train
8912,Punjab,0,3,77357.82388912486,46947.26543011966,48.455936393036986,0,0,test
8913,Punjab,0,10,11950.115304607829,9432.838566481818,120.29677540972429,0,1,train
8914,Khyber Pakhtunkhwa,0,5,55472.357039733186,43480.38603520199,87.74472255550323,0,0,train
8915,Punjab,1,7,17670.36193078608,13207.10374452126,106.01912430900376,0,1,train
8916,Punjab,0,4,11698.862579887827,6362.181503689862,36.82547911459997,1,1,train
8917,Punjab,0,8,10789.777327076074,9693.34092075292,83.28744055781459,0,1,test
8918,Sindh,0,3,14855.014012763666,12178.348910328936,10,0,1,train
8919,Sindh,0,5,80131.08628441699,63217.98840380855,77.65314590412942,0,0,train
8920,Punjab,1,2,17372.98536902559,13219.974944400512,70.54197379631611,1,1,train
8921,Sindh,0,5,7405.388089243615,3451.1608921748802,19.471850553522323,1,1,train
8922,Sindh,0,5,72075.62625242947,54564.956601777216,94.24107423971083,0,0,train
8923,Punjab,0,6,76436.96536361903,61786.82738455232,142.97401885718557,0,0,test
8924,Punjab,0,2,21321.443368478038,15090.17223531041,11.92991088005829,1,1,train
8925,Punjab,1,6,28432.411240514833,22148.11256482303,102.0967316279858,1,1,train
8926,Punjab,1,7,11790.782962075931,11861.998779621861,72.40604394627084,1,1,test
8927,Punjab,0,6,30304.469398936657,30752.62105883124,47.95260890400092,0,1,test
8928,Punjab,0,4,35968.04658520494,32428.880175597817,50.589332454242964,0,1,train
8929,Sindh,1,3,27156.437669215,20018.679277982403,42.11923483805684,1,1,train
8930,Sindh,0,6,63178.43126184001,51793.57141503441,120.45213473345659,0,0,test
8931,Punjab,0,8,178626.38439320002,146540.08927655398,212.75397253291658,1,0,test
8932,Sindh,1,5,123021.75870267751,92837.91899243291,171.59811471367706,1,0,test
8933,Khyber Pakhtunkhwa,1,1,25086.202680912484,21512.65234855696,15.125502290967633,1,1,train
8934,Sindh,0,7,56680.69675736052,46978.71958909093,138.65348443297523,1,0,train
8935,Sindh,0,7,13898.444198211444,10630.358334607878,111.8706429691793,0,1,test
8936,Punjab,1,1,23377.63714009667,22370.101851328272,73.39465748194706,1,1,test
8937,Khyber Pakhtunkhwa,1,3,25100.674908245175,26680.064854671844,77.18794328020005,0,1,train
8938,Khyber Pakhtunkhwa,1,4,28698.097051282282,24242.801265737533,48.01354672819548,1,1,train
8939,Sindh,0,6,16432.81221259286,17744.9938305349,81.67975955151356,0,1,train
8940,Balochistan,0,2,37027.06143676915,24693.909495229695,12.560199510640814,0,1,test
8941,Punjab,0,4,42985.43680670961,26156.587716256676,66.49496462657785,1,0,test
8942,Punjab,0,3,25620.048986000053,23463.193735870223,74.05470145411049,1,1,test
8943,Punjab,1,6,20607.731114542912,16437.934093404783,114.63685500692357,0,1,train
8944,Sindh,1,5,27850.198366376884,24444.227829518462,39.11166608326296,1,1,train
8945,Punjab,0,5,51906.453049988166,43645.48012880269,96.69175596248711,0,0,test
8946,Sindh,1,9,33721.865341534874,25732.94556338069,78.27714930933993,0,1,test
8947,Balochistan,1,4,31749.597365368547,27442.878772029708,61.5320759950523,0,1,train
8948,Punjab,1,6,7244.182365379268,3000,39.91455515334429,0,1,train
8949,Sindh,0,7,46451.6200692322,39186.25119356925,118.82161503662574,1,0,test
8950,Sindh,0,6,14689.514815475197,11776.12924391672,43.543836210049434,0,1,train
8951,Sindh,0,8,23948.191309078156,27328.4353934578,110.11592742966909,0,1,test
8952,Punjab,1,5,53740.1915161988,47741.355900778435,115.15181851727723,0,0,train
8953,Sindh,0,5,43795.587056394856,28354.84763384087,116.75673532686729,0,0,test
8954,Sindh,0,7,50538.95137055009,27873.586358622084,115.4842357020976,1,0,train
8955,Khyber Pakhtunkhwa,1,3,23777.126687511307,20061.496846784055,78.95329539516231,0,1,test
8956,Punjab,0,7,36285.991312532446,26217.906520818815,104.67138522108402,0,1,train
8957,Balochistan,0,5,14432.281043136045,15947.11444363772,10,0,1,train
8958,Punjab,0,5,13577.234844287734,11417.824308357955,85.95476346168256,1,1,train
8959,Khyber Pakhtunkhwa,1,1,25265.45035580466,20991.209522479385,94.51151730423132,0,1,train
8960,Punjab,1,4,63393.74248777565,46297.98374600728,133.77772122661239,1,0,train
8961,Khyber Pakhtunkhwa,1,3,36847.334629322766,30067.447267964555,34.95918081020641,0,1,train
8962,Punjab,0,8,28463.02871016626,21249.10867808505,110.63008454158215,0,1,train
8963,Khyber Pakhtunkhwa,1,7,11557.802612211015,4894.667737917256,71.10901335228024,1,1,test
8964,Punjab,0,7,61854.05635214409,56967.055538384055,80.10191537126046,0,0,train
8965,Khyber Pakhtunkhwa,0,8,11937.410859448504,11598.715224104442,131.26623577395193,0,1,train
8966,Punjab,0,6,13897.356085973935,16430.796224154346,25.45562232779443,1,1,train
8967,Khyber Pakhtunkhwa,1,4,23099.247583284174,26815.59480525108,10,0,1,test
8968,Sindh,1,4,16730.46173945669,15965.768288916428,30.466893739422886,0,1,train
8969,Punjab,0,5,56835.44174976721,43750.2924183207,148.7731774093224,0,0,train
8970,Punjab,0,5,13745.27261406026,10304.054785953505,52.816798891071805,0,1,train
8971,Punjab,0,6,25084.522720282068,25830.478370076984,14.560307288133316,0,1,test
8972,Sindh,1,6,136145.78165986956,109227.08870933842,132.3232245087441,1,0,train
8973,Punjab,1,4,19099.323689406294,15155.116626958687,19.55631770331523,0,1,train
8974,Punjab,1,3,32804.42237224868,28200.666034769503,74.16560292317563,1,1,train
8975,Punjab,0,7,47176.230586711776,42311.72873880408,122.76993797818052,0,0,test
8976,Khyber Pakhtunkhwa,0,3,20784.195499417317,19987.45051705273,60.616270101197166,1,1,train
8977,Balochistan,1,7,16877.393379189703,14606.62979054002,87.44942809171255,0,1,train
8978,Punjab,0,8,23511.833500964014,17307.36991851843,92.85824152985909,0,1,train
8979,Sindh,0,12,35657.507254533135,36577.069948438686,126.54608125268845,1,1,train
8980,Punjab,1,4,17162.093068551567,13063.13249580872,27.286268260789058,0,1,train
8981,Khyber Pakhtunkhwa,1,6,19251.041925298618,8092.425583936861,112.06094636653741,1,1,test
8982,Khyber Pakhtunkhwa,1,5,55413.50974592306,39174.2019277042,104.2392412848471,1,0,train
8983,Punjab,0,4,12265.759154387624,5345.954244164789,60.78613348783192,0,1,test
8984,Punjab,0,1,16076.640857996894,13936.689577897143,10,0,1,train
8985,Sindh,0,7,40842.84659508557,28579.05260587854,22.83533504760871,0,0,test
8986,Sindh,1,5,8810.213168182994,7519.765302436868,37.822508492129394,0,1,train
8987,Punjab,0,4,42419.39789396179,35081.365902025456,79.96200787354577,0,0,train
8988,Punjab,0,3,21729.987296802443,19089.809615113703,68.94829696724572,0,1,train
8989,Punjab,1,3,21864.512636714946,16746.70406604452,70.10642916895569,1,1,train
8990,Punjab,0,6,9965.635699251898,11066.16097918163,117.30320147944832,0,1,test
8991,Balochistan,0,1,18248.575717277723,12602.577933922468,22.804771513523892,0,1,train
8992,Punjab,1,7,115753.73358318201,96604.22876792103,137.94865135109052,1,0,train
8993,Sindh,1,4,63054.29092899642,49655.39878623559,64.05600355608017,1,0,test
8994,Punjab,1,10,14980.697759325387,13168.564425344879,136.67146088881768,1,1,train
8995,Sindh,1,4,26756.99508725292,22709.87379406521,84.02301543521438,1,1,train
8996,Sindh,1,6,27493.004076577137,27911.628534216354,116.92926717799466,0,1,train
8997,Punjab,1,3,31870.12176344173,26029.532650528156,30.495985660992417,1,1,test
8998,Punjab,0,7,15741.236112377925,10299.148583207983,72.7795973913664,0,1,train
8999,Punjab,1,1,30180.35162360282,24246.389186128927,66.55434056518507,1,1,train
9000,Punjab,0,6,26206.2918163756,21530.038966474676,15.600694510871875,0,1,test
9001,Punjab,1,5,4923.193425484345,3092.0029871046845,36.20974022228678,0,1,test
9002,Khyber Pakhtunkhwa,0,8,57071.975003968415,36781.12452407833,82.90299776531214,0,0,train
9003,Punjab,0,5,31645.5710597615,23757.29393690896,85.43464444009632,0,1,train
9004,Punjab,0,4,8127.279776077218,6756.07926482862,40.37605699169755,0,1,test
9005,Punjab,0,8,31117.942830012526,27808.725447706438,111.58221633312274,0,1,test
9006,Sindh,1,6,71648.70950090139,66848.92127533111,143.90957955936008,0,0,train
9007,Punjab,0,9,43442.989779164796,31315.20979540074,42.881084811102284,1,0,train
9008,Sindh,0,4,32685.50431341176,28525.124360054833,72.71724105006454,0,1,train
9009,Khyber Pakhtunkhwa,1,7,25789.214418244796,21689.09469105631,70.40008300063967,1,1,train
9010,Punjab,1,6,18898.864873931114,13291.002171696427,49.31917603857915,0,1,train
9011,Khyber Pakhtunkhwa,1,5,19852.996658299653,13413.659317862275,27.70241164793267,1,1,train
9012,Sindh,0,4,53130.354769130565,48437.54227652906,85.17954004282267,0,0,test
9013,Punjab,0,5,46644.313134094155,34998.146474526526,75.97548137060517,0,0,train
9014,Punjab,0,5,13537.038304565926,13327.446438137538,110.67082126234104,0,1,train
9015,Punjab,1,4,47409.67743793869,32326.664594198905,59.43124559160515,0,0,test
9016,Khyber Pakhtunkhwa,1,3,11231.487740203132,10416.100875515982,66.25109971861616,1,1,test
9017,Punjab,0,5,42174.4928214585,34846.62323743541,88.95242435736039,1,0,train
9018,Khyber Pakhtunkhwa,0,3,32781.91339022151,24503.716682231498,42.586262259570574,1,1,train
9019,Punjab,1,4,57117.685090753184,43201.35489783023,101.52675789280568,1,0,train
9020,Punjab,1,7,24120.666582314556,19313.236584057493,125.34226932589546,0,1,train
9021,Sindh,0,6,103393.21070280846,73635.47082065263,185.41182401952548,1,0,train
9022,Balochistan,1,5,17805.186305227195,17691.114967001922,32.13146745900627,1,1,train
9023,Khyber Pakhtunkhwa,1,3,28257.14106041438,21292.05728544817,77.37191023852654,1,1,test
9024,Sindh,0,4,34140.23083546402,33765.16599390222,87.94692053065351,1,1,test
9025,Punjab,1,3,45660.67834908627,32765.999679753775,51.18519018771453,1,0,train
9026,Sindh,0,4,22648.955406798672,21044.798468578774,72.28253904549672,1,1,test
9027,Sindh,1,6,16362.26493427496,16250.20965685371,60.92872732567255,0,1,test
9028,Sindh,1,1,31536.990894283816,22899.136863941847,22.285340784888916,1,1,test
9029,Punjab,0,5,38429.05238104924,29699.133165213338,123.29292420053645,0,1,train
9030,Khyber Pakhtunkhwa,1,2,51349.88550484361,39561.77368577128,74.4247494014987,0,0,train
9031,Punjab,0,3,20566.448087508074,21164.858118961827,69.27903032952386,0,1,train
9032,Punjab,0,7,28189.96676772362,28126.078760225166,140.895133959891,0,1,train
9033,Sindh,0,6,36089.795667606726,34517.94147350232,57.63956858443909,0,1,train
9034,Sindh,0,5,77568.09291128183,61899.72093087795,90.38372070330803,1,0,test
9035,Punjab,0,4,14255.516825652978,16717.962455799083,79.66225300302695,1,1,train
9036,Punjab,0,7,64792.30794800531,52540.97922420095,115.28126659092356,0,0,train
9037,Sindh,0,4,17420.19589627493,12182.886435872115,63.37022921377821,1,1,train
9038,Sindh,1,3,29305.596807256195,28808.28253604962,85.15208114122075,0,1,train
9039,Punjab,0,6,26307.272307465562,22813.308531883424,79.13384728414738,0,1,test
9040,Punjab,0,5,30450.249798978122,34151.85637208003,89.19525614568126,0,1,test
9041,Punjab,0,10,50394.081797234576,35596.15079737391,117.65763812418972,0,0,test
9042,Khyber Pakhtunkhwa,1,3,30065.362962347783,28962.016576981125,81.3098286607858,1,1,train
9043,Punjab,1,1,25610.95615706057,22211.6359867502,24.49794874686229,0,1,train
9044,Khyber Pakhtunkhwa,0,8,12582.655240402386,6754.734919207421,89.00027872921443,0,1,train
9045,Khyber Pakhtunkhwa,0,7,96966.04970661193,87116.15041283725,193.4906555032952,0,0,train
9046,Khyber Pakhtunkhwa,1,5,33512.801455535715,29888.214439393814,56.3317386290718,1,1,test
9047,Punjab,0,7,18690.97682623189,14515.96012357841,115.73637085866272,0,1,train
9048,Sindh,1,5,13477.26326016012,14046.292004046392,72.49545344279032,0,1,train
9049,Punjab,0,10,12414.51049464236,7925.804347219213,79.01476431092235,0,1,test
9050,Punjab,0,6,70177.82944004572,48350.74005088509,133.48222256094425,0,0,train
9051,Sindh,1,6,20748.456066839906,15068.082688090042,83.6071134278448,0,1,train
9052,Sindh,0,4,55641.74820861864,41548.900803902914,124.38830856364707,0,0,test
9053,Sindh,0,3,43279.388207201904,41149.88368844532,87.66940895628024,0,0,train
9054,Islamabad,0,3,70764.54613436725,51536.20081952586,91.06605964951463,0,0,test
9055,Khyber Pakhtunkhwa,0,7,30644.760713775853,27389.050066617783,122.94292465140532,0,1,train
9056,Punjab,0,6,25547.189988015693,29659.712478017867,87.8255124353646,0,1,train
9057,Sindh,1,4,16805.71444828993,19985.87430255035,80.93468213591066,1,1,test
9058,Sindh,0,8,43127.340963471004,34230.2769877637,89.14139747434996,1,0,train
9059,Punjab,0,4,34077.965622332165,28315.004309061886,46.51865048877431,1,1,train
9060,Punjab,0,8,21718.069431243133,23762.926311993404,139.28134634296046,0,1,train
9061,Punjab,0,5,6953.294325698489,5227.32359598632,55.9904632311251,0,1,train
9062,Khyber Pakhtunkhwa,1,5,9494.94256254122,10954.323696792602,88.68607694913578,1,1,train
9063,Khyber Pakhtunkhwa,1,8,8563.190581967265,8397.125529517802,41.1315367590974,1,1,test
9064,Punjab,0,4,101823.97702030407,87275.44896917808,145.36804374033244,1,0,train
9065,Khyber Pakhtunkhwa,1,4,61371.11345797641,52318.27046359425,90.99096257509139,0,0,train
9066,Punjab,0,5,30335.446073425435,26700.648552498424,93.96179738159833,0,1,train
9067,Punjab,0,2,16905.26900679613,11977.125380749228,11.42295389773405,0,1,train
9068,Balochistan,0,5,10904.486119677755,16125.433770306823,33.12228662427319,1,1,train
9069,Punjab,0,4,33276.29280139208,28585.034400073146,10,0,1,train
9070,Sindh,1,8,20907.467664506894,15859.640268407828,77.9325611866176,1,1,test
9071,Punjab,0,2,12537.62621803654,12936.752218649157,41.450893582403424,0,1,test
9072,Khyber Pakhtunkhwa,0,6,33181.3565679675,22368.226050513324,10,0,1,test
9073,Khyber Pakhtunkhwa,0,5,12073.616089161764,12521.87469911814,75.64941148055881,0,1,train
9074,Punjab,1,5,18725.236403563325,14119.386873067826,55.21520035131964,0,1,train
9075,Punjab,1,7,97684.28173811032,76900.2622234308,164.76736458807795,1,0,train
9076,Sindh,1,8,70534.0377273643,51903.31027875691,171.94134202178415,1,0,test
9077,Sindh,0,1,36676.277216565926,36068.64586198389,49.418536813476365,0,1,train
9078,Khyber Pakhtunkhwa,1,4,54617.670547223956,50847.18989305904,83.36392198810344,1,0,train
9079,Punjab,0,8,54410.194870174884,34422.51267242605,137.426427473991,0,0,train
9080,Punjab,0,3,9656.50386267088,7555.155027623197,91.15971490876035,0,1,test
9081,Sindh,0,4,26504.509734886942,21695.861201345368,23.84830008348934,0,1,train
9082,Sindh,0,7,30176.758006311313,33835.75916551726,60.26758485085448,0,1,test
9083,Punjab,0,4,50885.59717204547,38518.432863679816,73.2103781841061,0,0,test
9084,Punjab,0,7,12942.786514725258,10985.80976859052,50.544425682802206,0,1,train
9085,Punjab,0,6,22768.94251251961,22776.538049716546,112.29966566301754,0,1,test
9086,Sindh,1,4,32108.556989035937,23299.220073630524,85.21089635398768,0,1,train
9087,Khyber Pakhtunkhwa,0,7,29752.960523407513,27087.75549853105,55.69390603141201,1,1,test
9088,Punjab,1,2,27768.026776098533,24286.935414551368,34.700530513527575,0,1,train
9089,Punjab,1,3,11020.804363692596,9818.571610003097,18.18794712323635,0,1,train
9090,Punjab,1,3,4870.937406424478,5015.343894410927,10,1,1,test
9091,Khyber Pakhtunkhwa,1,4,53666.66461723108,48718.26523947278,101.73952538720604,0,0,train
9092,Punjab,0,4,41393.836672340774,31766.33419098415,71.42439783414328,0,0,train
9093,Sindh,0,7,15514.830870194028,16766.01760597748,82.21974337144974,0,1,train
9094,Sindh,1,5,21680.324094240143,17932.93998785758,92.67066002231365,1,1,test
9095,Khyber Pakhtunkhwa,0,4,21422.40224602564,22052.67577204958,32.790148785986204,0,1,train
9096,Khyber Pakhtunkhwa,1,6,14997.94132565735,13978.265309637349,36.33136008743263,1,1,test
9097,Punjab,0,5,12083.95117898362,8689.568231507696,74.57739360147066,0,1,train
9098,Sindh,0,5,26246.263673178542,21697.853493874376,81.76886212548581,1,1,train
9099,Sindh,0,3,13206.517602379217,11462.720759540098,47.699136829751424,0,1,train
9100,Punjab,1,6,6484.701831478935,7408.858716060133,10,1,1,train
9101,Sindh,0,4,20787.206880280963,17059.12906634897,20.36630541173127,0,1,train
9102,Punjab,0,2,26311.53589975158,20748.642897052814,10,1,1,train
9103,Punjab,0,5,28403.294220042848,25435.0306852392,109.70562080681319,0,1,test
9104,Punjab,1,9,17907.801997313585,15184.161791733215,114.69816159940186,1,1,train
9105,Balochistan,0,4,26981.352970527532,26395.449995054554,81.50957579340769,0,1,train
9106,Sindh,0,1,53098.66335762374,38889.57647043523,56.91215229651914,0,0,train
9107,Khyber Pakhtunkhwa,0,5,40414.910465158,26849.733306837617,122.72747332968717,0,0,train
9108,Balochistan,0,2,13923.833843022227,11511.196909724475,10,0,1,test
9109,Punjab,0,5,45827.3455625917,34813.108427759726,107.2907052924436,0,0,train
9110,Punjab,1,1,10428.978884269924,5801.0337955796385,10,1,1,train
9111,Khyber Pakhtunkhwa,1,3,45872.48744835277,36710.12170614855,79.40588292607687,1,0,train
9112,Balochistan,1,7,33194.45879383889,28603.696148030802,28.750510397195484,1,1,train
9113,Punjab,0,8,13308.180738652398,10101.816924760218,74.16388040655549,0,1,train
9114,Punjab,0,5,22933.746784319388,20439.271731147644,44.813514363743536,0,1,train
9115,Punjab,0,4,34340.44138397798,28681.685980648283,131.67155794934698,1,1,train
9116,Punjab,1,6,14997.074645479268,12089.810511246236,74.4993261243201,0,1,test
9117,Punjab,0,6,7729.381926788636,11255.820881938085,10.950510677627676,0,1,train
9118,Sindh,1,4,99558.01267595228,85523.59188875384,130.35098926823528,0,0,train
9119,Punjab,1,4,31043.95051106077,27438.780492548132,51.38277139498389,0,1,train
9120,Khyber Pakhtunkhwa,1,2,102224.98126518085,67913.02942637751,95.03150611221912,1,0,train
9121,Punjab,0,4,52575.138818839216,47020.97545571108,10,0,0,test
9122,Balochistan,0,4,25007.3051783002,26397.591632129195,59.35493795498546,0,1,train
9123,Punjab,0,3,75660.28763659959,66569.05249790018,125.37109509059566,1,0,train
9124,Sindh,0,3,36036.07689367917,33569.1534330719,37.13272832099676,1,1,train
9125,Punjab,1,3,33455.25737679953,28270.423865038705,85.62968512524861,0,1,test
9126,Punjab,1,6,19656.052216975142,22334.33719322012,63.08062102657917,1,1,train
9127,Punjab,0,3,44348.63074516376,27153.325897131665,57.23574036692999,0,0,train
9128,Punjab,0,3,31994.46421669659,24780.744673772184,28.335928468651126,0,1,train
9129,Khyber Pakhtunkhwa,0,7,17308.754819753463,19760.44033842836,86.19510561451195,1,1,test
9130,Sindh,0,6,23211.340828579185,16999.573081791325,60.40829958564848,0,1,train
9131,Punjab,1,4,44652.19727876166,28525.728580132767,67.02274557495561,1,0,train
9132,Punjab,0,6,98694.41351459433,87682.33606638704,99.43557911073779,0,0,train
9133,Khyber Pakhtunkhwa,0,3,15245.303792254417,14468.288113143492,10,0,1,train
9134,Punjab,0,6,59889.31087194064,48570.048816612296,133.36902702357443,0,0,train
9135,Khyber Pakhtunkhwa,0,5,14840.990629156671,15064.807072742497,57.48831308589611,0,1,train
9136,Punjab,0,4,15201.617702593476,7493.213362479967,39.90240651644817,0,1,test
9137,Punjab,1,5,16059.469236058232,16290.576152890759,54.08629153118551,0,1,train
9138,Punjab,1,7,17084.7082631249,12894.126991402307,68.12749049280542,1,1,train
9139,Balochistan,1,11,69993.18820889755,54612.15865084782,184.569095707594,0,0,train
9140,Khyber Pakhtunkhwa,0,2,13011.528455217534,13250.854683474949,10,0,1,train
9141,Punjab,0,8,19377.30181797463,26338.760996596426,115.50193538311291,0,1,train
9142,Sindh,0,5,30108.349258397808,26294.217467438742,23.200305652646207,1,1,train
9143,Sindh,0,3,39087.738065595055,41327.67867931863,97.73437238806554,1,1,train
9144,Punjab,0,4,53771.40524239382,34680.60536944378,95.61935939839245,0,0,train
9145,Punjab,0,5,52895.65559989027,51778.50056195081,71.51571674653827,1,0,train
9146,Punjab,0,3,38497.28158783021,32812.58401603685,72.97301003845647,1,1,test
9147,Khyber Pakhtunkhwa,1,5,18689.18252098723,19696.350552832,75.71181027581821,1,1,train
9148,Punjab,1,6,18590.129545197113,19592.902975265624,107.71198111807104,1,1,train
9149,Punjab,0,7,9059.813797719933,8300.508304484074,108.8762687763111,0,1,test
9150,Punjab,0,5,19394.727139441107,20102.417777701543,153.88444468020276,0,1,test
9151,Punjab,0,5,36566.450883428304,33278.17070327518,119.3334890652308,0,1,train
9152,Sindh,1,6,64410.801217380475,53573.833514621205,125.69369280821162,1,0,train
9153,Punjab,0,2,32257.25036758972,25154.815791171543,18.38242224384922,0,1,train
9154,Sindh,0,3,15757.36037831499,11179.918109954106,10,0,1,train
9155,Khyber Pakhtunkhwa,1,3,24438.94726983117,26016.61923288153,96.96558885076217,1,1,test
9156,Punjab,0,10,13063.284359658997,16919.16874211991,82.17142829165695,0,1,test
9157,Sindh,1,2,61296.8429361884,49689.66180436485,14.536732449882585,0,0,test
9158,Punjab,0,7,93091.07684111029,79544.98079311175,139.61409540460448,0,0,train
9159,Punjab,0,2,24674.343204376644,17383.58737638273,10,0,1,test
9160,Sindh,0,3,144549.211601388,99599.63619927202,129.96880092616502,1,0,test
9161,Punjab,0,8,22182.13871520827,18943.61560301124,103.80142410600536,0,1,train
9162,Punjab,0,6,20725.12136672095,11717.176115013393,121.82666957955067,0,1,train
9163,Punjab,0,7,12014.274678961785,7505.457217842907,113.64235235958753,0,1,train
9164,Punjab,1,3,42179.12376102532,37673.02455778121,123.84375257573215,0,0,train
9165,Punjab,1,4,19151.985568003383,20386.23102091885,60.39143685508998,1,1,train
9166,Punjab,1,4,8751.079751523768,6121.874092486104,64.5795997867971,1,1,test
9167,Punjab,0,6,13855.080821882728,10780.09488617767,116.92267721958545,0,1,test
9168,Khyber Pakhtunkhwa,1,5,24691.58116069156,21626.0468094608,60.83959663285833,1,1,train
9169,Balochistan,0,5,300000,221032.0888637501,337.15351023231614,1,0,test
9170,Punjab,0,6,30049.094880862656,22531.61628578595,97.68442187402871,0,1,train
9171,Punjab,1,5,16688.298209186083,11488.095481629794,84.3876440342199,1,1,test
9172,Balochistan,0,3,40026.88739995145,36356.718113488816,85.57122952864196,0,0,train
9173,Punjab,0,8,52528.50003731285,41845.53522279779,84.88795271153182,0,0,test
9174,Punjab,0,3,41133.20927009794,28413.013613951498,117.28640960024654,0,0,train
9175,Punjab,0,5,30802.590464217188,23319.516825388702,70.38003722473091,0,1,test
9176,Sindh,1,7,17533.215380587826,13659.02393630288,93.482018376545,0,1,train
9177,Punjab,1,4,32630.10979222508,33684.565710916984,63.486019954124494,0,1,test
9178,Khyber Pakhtunkhwa,1,5,41342.187754493716,42013.00287194171,80.09092052993417,0,0,train
9179,Punjab,0,4,70730.2770953935,52918.45125785837,117.79043096702661,1,0,test
9180,Sindh,1,5,54723.93702733573,30872.951942882595,117.7332195709425,1,0,train
9181,Sindh,0,6,38541.52111329539,33870.76794121229,77.70345967541263,0,1,train
9182,Sindh,1,1,58766.86243134912,39207.41958191943,41.73755110294363,0,0,train
9183,Punjab,0,6,11134.088432238541,13491.76729204483,71.82072693246838,0,1,train
9184,Punjab,0,7,5141.244598064258,7126.434955677387,65.79263504098975,0,1,train
9185,Punjab,1,5,25826.330402644693,26798.85402505695,79.11592290464847,1,1,train
9186,Sindh,1,3,44729.53845273304,42471.21975453965,65.55486493455473,1,0,test
9187,Khyber Pakhtunkhwa,0,4,40981.54288682291,27010.182555675416,23.775655307113155,0,0,train
9188,Khyber Pakhtunkhwa,1,5,30831.214683315495,25331.320794505074,55.88980517386454,0,1,train
9189,Balochistan,1,4,48405.73005269851,35983.42002500982,104.5146732881735,0,0,train
9190,Khyber Pakhtunkhwa,1,2,18595.36535252529,18458.31233861629,37.65903699125642,0,1,train
9191,Sindh,1,5,34379.40072696963,30601.272898562605,64.98299860694891,1,1,train
9192,Punjab,1,2,16690.722078649684,14816.316049899662,50.82123805983814,0,1,test
9193,Sindh,0,4,14960.262051363732,10183.019659809455,51.395395384072174,0,1,train
9194,Sindh,1,3,52165.03205432648,39518.11667480388,76.54728824690467,1,0,train
9195,Sindh,1,6,44170.27033963315,34778.784210192935,116.0287269398862,1,0,train
9196,Punjab,1,4,64536.458187668846,49564.38695948202,94.12584542417878,0,0,train
9197,Punjab,0,8,29116.149712351034,25261.083404670804,112.47077123132227,1,1,test
9198,Punjab,0,7,63401.83992237448,45360.277649661846,81.75554512100429,0,0,train
9199,Punjab,1,6,14277.53435743608,12245.328004726991,69.56643616060873,0,1,train
9200,Punjab,1,5,32260.66545008685,21573.01648283431,46.73539320669525,0,1,train
9201,Sindh,0,3,19110.214590117354,19981.934035744664,60.78965317941463,0,1,train
9202,Punjab,1,3,11953.873307354643,10873.472564502103,86.57017050246364,1,1,train
9203,Punjab,1,7,24684.598982087624,20110.761824211633,76.52775676655018,0,1,train
9204,Sindh,1,7,39788.662532161296,38676.26253314987,107.81531603244751,0,1,train
9205,Sindh,0,5,13842.715645175758,6791.3736746439545,64.41420906636775,0,1,train
9206,Sindh,0,7,24411.309100082486,23226.609465762656,108.62110351971879,0,1,train
9207,Khyber Pakhtunkhwa,0,7,35050.1839107864,33621.337584888424,70.22479772886632,0,1,test
9208,Sindh,0,5,46506.43295746762,32486.33705680005,81.22577261286014,0,0,test
9209,Punjab,1,4,8259.005748239988,3305.1824791648364,28.859139317169454,1,1,test
9210,Punjab,0,3,34678.35274933394,34181.80200557231,78.60520591353864,0,1,test
9211,Sindh,0,2,24093.87675079199,16872.83453079676,10,0,1,train
9212,Sindh,0,6,55631.67467897848,39352.8308656685,78.21773092767022,0,0,train
9213,Punjab,0,3,15625.004833757182,19060.913549104152,38.26545659390251,1,1,test
9214,Punjab,0,4,41429.934876946376,33510.82290564822,44.74395438772379,0,0,test
9215,Khyber Pakhtunkhwa,0,5,53568.98376351531,33444.82818723125,73.00048720985563,0,0,train
9216,Balochistan,1,5,38325.703042152956,27710.022788943097,104.02994397782444,1,1,train
9217,Khyber Pakhtunkhwa,1,7,17346.431663023333,16219.474849220916,125.80577917468744,0,1,train
9218,Punjab,1,10,15096.371624064486,13479.486795544348,142.2446653910161,0,1,test
9219,Khyber Pakhtunkhwa,0,3,27789.948908777624,31245.492285409146,30.713480069183092,0,1,train
9220,Punjab,0,6,28155.96126128241,28631.905601119386,39.6487432054657,0,1,train
9221,Khyber Pakhtunkhwa,0,5,16030.14913638071,17431.506549182704,67.93754863027192,0,1,train
9222,Punjab,1,10,60496.9007201814,41634.63078164919,138.4654325034789,0,0,train
9223,Sindh,1,7,40134.172106005,33603.367526490794,103.285960785201,0,0,train
9224,Punjab,1,5,76495.57104842854,52076.11334808881,82.50470077598379,1,0,train
9225,Sindh,1,4,15803.196067799696,16835.892724256486,22.660183158693467,1,1,train
9226,Sindh,1,2,11645.094469474197,16995.56204891545,18.285064629654503,1,1,train
9227,Sindh,0,4,28550.864765944454,22466.333530044547,71.64252165472877,0,1,train
9228,Sindh,0,5,15240.09442671083,14281.392635233551,68.30014570034977,0,1,train
9229,Punjab,1,6,25288.04247836472,25055.10373150194,118.95682065594184,0,1,test
9230,Punjab,0,4,29107.567789615743,25609.21736969088,55.01334176197544,0,1,test
9231,Punjab,0,4,18471.257543802323,13130.499936501914,49.66566117423259,1,1,train
9232,Punjab,0,8,51147.139461906256,47376.154011461535,102.78225912509572,1,0,test
9233,Punjab,0,1,23884.068943095284,22511.177141435433,36.54063086139911,1,1,train
9234,Sindh,0,3,78399.57827138386,71415.1350954387,55.437155905441095,1,0,train
9235,Sindh,1,6,36968.8370200657,32893.10191787699,110.58689410494611,1,1,train
9236,Sindh,1,4,33112.22153262729,27414.268718296888,58.08467972528191,1,1,train
9237,Punjab,1,4,10932.050688561174,7227.002243712546,92.22174295470025,0,1,train
9238,Sindh,0,6,45151.610823626914,30270.487355630383,101.39928214026199,1,0,train
9239,Punjab,1,2,28084.432236815755,19364.74682340514,51.36347822667988,1,1,train
9240,Sindh,1,4,17046.09942275456,16059.334005051285,23.193309498789993,0,1,train
9241,Sindh,1,4,17523.44062339408,14056.24684873454,60.5432032280724,1,1,test
9242,Sindh,0,3,27554.564401217587,26497.256076163525,10,1,1,test
9243,Sindh,1,2,13543.405622928542,12589.526045096869,10,0,1,train
9244,Punjab,0,4,43643.774489529045,42284.85049050571,84.62072117374578,0,0,train
9245,Punjab,0,3,48643.935816326455,34131.6183400818,39.09670925882791,0,0,test
9246,Sindh,1,5,110105.01642861911,81328.54513927312,152.63037095882825,0,0,train
9247,Punjab,1,6,26803.029811181492,23030.57631128647,16.118158569355572,0,1,train
9248,Punjab,0,6,8919.314527645744,7260.940863183298,97.46397251125501,0,1,train
9249,Sindh,1,5,27911.275899820102,23789.33450344175,110.56845681609786,1,1,train
9250,Islamabad,1,7,58331.743987093374,46218.57383213636,132.312661310876,0,0,train
9251,Balochistan,0,5,26183.5300612978,22285.799909058136,10,0,1,train
9252,Punjab,0,8,22483.39450659167,20518.42146137714,67.1222814880829,0,1,train
9253,Khyber Pakhtunkhwa,1,3,32177.239660424522,27866.181565742856,94.23573687991339,1,1,train
9254,Punjab,0,5,49739.49664834688,38929.27352849405,139.17875212459572,1,0,train
9255,Punjab,1,5,8411.197982728792,6319.944571784787,31.305600079802367,1,1,train
9256,Sindh,1,3,21103.659987007635,14975.207928260645,50.66831452169591,0,1,test
9257,Islamabad,1,5,31141.5271189312,25811.379984229876,46.21363667073982,0,1,train
9258,Punjab,1,6,18894.85131654437,10744.443350771708,25.246414283864063,0,1,train
9259,Khyber Pakhtunkhwa,0,9,27969.95419486618,23325.644702464167,98.39481705987869,0,1,train
9260,Punjab,1,2,58771.469194862904,37967.57685817136,107.74656758209954,1,0,test
9261,Sindh,0,2,31304.23501465338,30497.891181508985,64.9372654403573,0,1,train
9262,Khyber Pakhtunkhwa,1,5,76629.34239438194,68884.79527915052,130.08170848893758,1,0,train
9263,Sindh,0,5,13408.03702823946,13450.935584697596,10,1,1,test
9264,Khyber Pakhtunkhwa,1,6,19886.35156767658,15466.93741248208,41.48206637078704,1,1,train
9265,Punjab,0,5,43060.69431485377,35438.19070188577,61.79521850809316,0,0,train
9266,Balochistan,0,4,48417.24895781149,36905.734225482556,76.84686034557579,1,0,train
9267,Sindh,0,12,24941.913526117838,25554.93390658303,186.45629196935153,0,1,train
9268,Punjab,1,1,53146.57093655215,39088.875740073294,30.991554899948405,1,0,train
9269,Sindh,0,6,40043.21905070627,27534.779479180896,56.2155092304167,0,0,test
9270,Punjab,1,11,49385.311765030805,43255.53308703818,100.80451916403285,1,0,train
9271,Punjab,1,5,51429.00168044553,46678.83822830662,97.088072342158,0,0,train
9272,Khyber Pakhtunkhwa,1,7,37132.395700158006,35346.47633109728,10,1,1,train
9273,Sindh,1,7,23136.239672100844,20633.744972314016,71.61608546619223,0,1,test
9274,Sindh,0,6,6969.653814752859,8858.348069625836,82.20114359941454,1,1,train
9275,Punjab,0,3,49411.02262633764,42327.10126657228,32.75882487841483,1,0,train
9276,Khyber Pakhtunkhwa,1,5,88996.0919652969,68199.84361436855,157.56553754292227,0,0,train
9277,Khyber Pakhtunkhwa,0,5,45770.87913179728,41812.35260291327,58.89731471728173,1,0,test
9278,Sindh,1,5,34336.17934178173,25332.49079834741,36.64990280699536,1,1,test
9279,Punjab,0,8,6861.086117752955,7687.431153592979,108.02833240323895,0,1,train
9280,Punjab,0,4,32266.052222058457,30957.05157455789,77.09135313385981,0,1,train
9281,Punjab,0,5,41429.75930562196,28101.557275508534,140.73463624332254,1,0,train
9282,Punjab,0,5,37072.23900169615,37575.11028706575,53.41513814414117,1,1,train
9283,Punjab,0,1,15673.594525795776,16919.531000833857,86.41752259867225,0,1,train
9284,Sindh,0,5,25261.142829706285,20913.32667574859,89.44673637771182,0,1,train
9285,Sindh,0,6,14931.296204493165,11476.065203244738,75.32622114579146,0,1,train
9286,Khyber Pakhtunkhwa,1,2,19340.890412843375,18542.613362200325,10,1,1,train
9287,Sindh,0,5,15290.242164681986,12244.382829724509,33.99524455289803,0,1,train
9288,Khyber Pakhtunkhwa,0,5,23103.870885230604,16783.074002191166,71.22368471814791,0,1,test
9289,Punjab,0,3,45378.31041666908,34214.01670362241,109.06667237752376,1,0,train
9290,Punjab,0,7,24618.667057787556,19934.307534159892,75.75574080757625,0,1,test
9291,Punjab,0,7,17916.3980670912,17759.854345427637,79.36975230307335,0,1,train
9292,Punjab,0,5,11860.079050603665,6761.312001459881,56.39990562301698,0,1,test
9293,Punjab,0,7,26791.315857445446,29936.018730115415,109.43457975649245,0,1,train
9294,Khyber Pakhtunkhwa,1,2,21573.8515896952,17179.59039396535,18.81638267947791,1,1,test
9295,Punjab,0,5,35466.16571403426,32838.815370026256,54.293417311879296,0,1,test
9296,Punjab,1,5,85419.63412458907,75614.48105869602,157.27251422527843,0,0,test
9297,Punjab,0,4,8773.455397561449,8257.912709811828,130.54548590960107,0,1,train
9298,Punjab,1,5,43324.75421677841,41231.71146570095,76.25703995485509,0,0,train
9299,Punjab,0,6,67556.91659739533,40184.788396441516,123.00752453128482,0,0,train
9300,Sindh,1,7,73647.28357549518,64503.26297040642,127.24078551762763,1,0,train
9301,Sindh,0,8,21872.729446385772,16077.901116492152,115.16306755049132,0,1,train
9302,Punjab,0,4,19622.6062041812,15867.653248818204,10,0,1,train
9303,Punjab,0,4,23060.05581682528,17165.879493185457,71.78481144070993,0,1,train
9304,Sindh,1,3,47124.31861924268,35414.58587349561,42.988031862337564,0,0,test
9305,Punjab,1,6,101035.44431633233,75910.02643222375,144.42655221280205,0,0,test
9306,Punjab,0,2,42222.679073303625,38565.441642641956,10,1,0,train
9307,Khyber Pakhtunkhwa,0,5,46418.59230823675,29681.58117662573,47.63309626140534,1,0,train
9308,Punjab,1,5,83534.05869705066,69196.86266711686,153.95559814256706,1,0,test
9309,Punjab,0,8,71312.02405152404,59552.432482864475,106.44792078123365,1,0,train
9310,Punjab,0,11,146625.87856563224,115062.21243690421,248.9238351035457,0,0,test
9311,Sindh,0,5,14059.851204296956,13395.17468602978,10,0,1,train
9312,Punjab,1,2,113084.08919645064,83091.53848845891,125.69786808198688,0,0,train
9313,Khyber Pakhtunkhwa,0,10,47733.7944635753,37991.30207094571,144.77293307733294,0,0,train
9314,Punjab,1,4,34640.048178309386,26339.923546963804,37.842221975317585,1,1,train
9315,Sindh,1,5,42915.880487319286,36041.483305664144,84.95458402208264,1,0,train
9316,Khyber Pakhtunkhwa,0,5,36517.9246314339,31724.005343335815,86.6816903141058,0,1,test
9317,Punjab,0,8,8500.153120714649,6728.786408064323,61.27675817503718,0,1,train
9318,Balochistan,1,8,36912.668927766135,35300.971016193886,55.99130079737677,1,1,train
9319,Punjab,1,5,32202.262010906874,27087.54331994125,53.008136267626014,1,1,test
9320,Punjab,0,5,32402.768177723105,32970.325255407064,88.29277870944728,0,1,train
9321,Punjab,0,5,26977.45109836977,20162.913090462265,60.27604537508164,0,1,train
9322,Punjab,0,4,28696.125877917326,22481.179286609782,77.07220265591936,1,1,train
9323,Punjab,0,4,36583.29157613135,25460.768336413665,97.50093141803482,1,1,train
9324,Punjab,1,4,49224.508633395984,34468.21958345663,95.08067431166552,0,0,test
9325,Sindh,0,4,14006.674821782211,9826.237388997297,10,0,1,train
9326,Khyber Pakhtunkhwa,1,3,76848.20566353262,63811.515796349195,85.05356237300096,0,0,train
9327,Punjab,0,2,69573.79341720973,66081.88866665884,46.92481593560356,0,0,train
9328,Sindh,0,4,16051.371586192157,12842.165782529926,10,0,1,train
9329,Sindh,1,3,54205.85041450102,48553.45962795961,86.15396915516521,0,0,train
9330,Punjab,1,4,11156.326313616344,9961.255564197676,70.22953265108879,0,1,train
9331,Punjab,1,5,58446.43327763631,53512.807133379654,48.8551420632294,1,0,train
9332,Khyber Pakhtunkhwa,0,8,8932.692364756298,8011.639144275758,54.40471754579056,0,1,test
9333,Sindh,0,3,8183.947120419169,4814.48893382853,69.10120393965703,0,1,train
9334,Punjab,0,5,36800.45649384906,37101.87004509421,67.24633131508976,1,1,test
9335,Khyber Pakhtunkhwa,1,4,60234.36685617055,38524.77834400161,119.54485229726035,1,0,train
9336,Punjab,0,5,55729.28340347324,44810.28604585731,129.49339629558054,1,0,train
9337,Sindh,1,8,39308.141418337786,31994.936365540245,96.74894797191745,0,1,test
9338,Punjab,0,8,22262.205936594088,17945.611381181527,185.6157498830063,0,1,train
9339,Punjab,0,7,17150.15553522758,15789.842013762658,69.29005564778238,0,1,train
9340,Punjab,0,10,25377.089926183286,22028.099810843356,134.93249631192785,0,1,train
9341,Sindh,0,1,26530.132040969052,20299.931308523017,61.25635165925233,1,1,train
9342,Punjab,0,4,23926.811022430047,21759.82132969914,15.815516263445147,0,1,train
9343,Punjab,0,8,15516.381827816538,11492.733669399271,75.49553737787927,0,1,train
9344,Punjab,0,4,13355.536658611854,7142.914376006222,10,0,1,test
9345,Punjab,0,2,21466.66593998038,24594.134325088035,13.06896460639856,0,1,train
9346,Khyber Pakhtunkhwa,1,5,8632.986093199386,3000,42.08502054774159,1,1,test
9347,Punjab,1,5,85447.45180033548,60897.38749126892,127.1539614356199,1,0,train
9348,Khyber Pakhtunkhwa,1,3,8808.191518112093,7222.983720284936,81.42341153899596,0,1,train
9349,Punjab,0,7,27272.997224442024,23599.164966236007,68.46426447578058,0,1,train
9350,Khyber Pakhtunkhwa,0,10,21702.85463764771,18214.06873316398,71.31446256975121,0,1,train
9351,Balochistan,0,3,13351.781199024295,14322.921065991488,67.71891522123613,0,1,test
9352,Khyber Pakhtunkhwa,1,6,16047.459685651054,14990.984387656872,92.62670077789647,0,1,train
9353,Sindh,1,5,25414.550930943893,23697.42688431863,75.80906541939375,0,1,train
9354,Punjab,1,4,14555.435681335202,11256.856007426455,11.920484654532395,0,1,test
9355,Khyber Pakhtunkhwa,0,7,24397.482765153443,23879.921307302986,138.80821921040024,0,1,train
9356,Punjab,0,4,42168.66946912664,31504.785152728695,82.70667556231561,0,0,train
9357,Punjab,0,5,73298.40105053489,55935.38847260595,45.716521752506296,1,0,train
9358,Punjab,0,4,114437.67161915217,93087.24659549967,115.99171044844515,0,0,test
9359,Sindh,0,10,33927.99052489554,26398.23450810987,142.18011225361298,0,1,test
9360,Sindh,0,8,17297.80828096785,15307.41416611634,100.08668321294694,0,1,train
9361,Balochistan,1,6,9786.012941190784,12351.315811433973,133.23123368490894,0,1,train
9362,Punjab,0,5,12154.333749283242,5400.308341621684,40.07538791220931,0,1,test
9363,Punjab,1,5,13934.244734874195,9947.370231928864,54.83869180574846,1,1,train
9364,Sindh,0,2,16198.921552260517,13317.166121459326,10,0,1,train
9365,Sindh,0,3,70914.46947284644,56497.64250249243,73.42689534453586,0,0,train
9366,Punjab,0,3,18845.648838406334,18348.30747348432,122.9075249735322,0,1,test
9367,Sindh,1,5,15284.854689027556,15541.304853660215,73.61983338029944,1,1,train
9368,Punjab,1,3,41180.18068944702,31437.389178590747,39.253175056969184,1,0,train
9369,Sindh,0,4,27351.49253904549,21905.895793637552,84.76447504513035,0,1,test
9370,Punjab,0,9,88406.48633789567,75976.40958910422,101.05688068433601,0,0,train
9371,Sindh,1,4,34577.59384242265,32990.60915948659,69.52016481287511,1,1,test
9372,Punjab,0,4,80248.3572218087,66490.41190911275,131.57295675581037,0,0,test
9373,Punjab,0,5,22330.615921585708,14519.053151617813,90.35065324337393,1,1,train
9374,Punjab,0,5,14001.217803858077,12526.018516354847,77.14904527910043,0,1,train
9375,Punjab,1,9,16020.06485522417,19866.52911550415,133.74916588280234,0,1,test
9376,Sindh,1,8,13637.755493588473,14566.111269082929,177.79090652923594,0,1,train
9377,Punjab,1,3,12699.83270591132,11181.424935262346,43.58849246640751,0,1,test
9378,Punjab,0,1,6782.8441579478185,6116.228947446418,10,1,1,train
9379,Punjab,1,5,42205.78354110972,30122.650953964734,121.11031429513967,1,0,train
9380,Sindh,0,5,20961.81900526697,20638.243353393824,47.5690296465077,1,1,test
9381,Punjab,0,2,30024.347402498865,26672.97112941937,14.061590419669663,0,1,train
9382,Punjab,0,6,12664.6509972623,6620.893401312625,79.80594443734643,0,1,train
9383,Punjab,1,7,19530.227860228282,10649.931861997307,57.57616991494598,1,1,train
9384,Sindh,0,5,45366.74246063421,43034.505385295284,105.37571965211148,0,0,train
9385,Sindh,1,9,31488.377204921915,29840.726949189455,46.5426382683241,1,1,train
9386,Punjab,1,3,26847.434012395588,24581.960321541872,46.66021835610058,0,1,train
9387,Sindh,1,3,27042.87220393481,26962.151696625493,90.5391619302159,1,1,train
9388,Punjab,0,7,10263.270913839315,12157.551256337878,66.4385482272683,0,1,train
9389,Punjab,0,4,49141.346122020084,43274.78126123371,84.17115885274136,0,0,train
9390,Punjab,1,4,11409.307325566142,5988.3852297583035,15.954560435610382,1,1,train
9391,Punjab,1,10,29618.613679522437,28472.729969194275,97.39237523965056,1,1,train
9392,Punjab,1,6,35785.01537601495,23655.020244404674,119.03810976053754,1,1,train
9393,Sindh,0,4,19112.30904195495,16448.93573371152,10.4543573576996,0,1,train
9394,Punjab,1,9,35321.544158744466,32004.46593229276,89.93097169219465,1,1,train
9395,Sindh,0,6,12165.805823278813,4643.020081589018,85.06537726961878,0,1,train
9396,Khyber Pakhtunkhwa,0,7,9142.253865334822,9024.648042602492,121.4827505623565,0,1,train
9397,Punjab,0,5,98907.07050475712,63387.83691528175,91.55950124405432,0,0,test
9398,Punjab,1,4,34197.87580591079,26929.75590958342,74.37236868559307,1,1,train
9399,Punjab,0,4,30147.089485806348,20695.668456275827,48.930454754874305,0,1,train
9400,Punjab,0,2,16431.30147690403,14742.469990252235,79.04484216931203,0,1,train
9401,Balochistan,1,5,29184.091005838935,24808.657064870404,60.74036104885035,1,1,train
9402,Punjab,0,1,100969.910062588,67095.35350179623,33.244967844748516,1,0,test
9403,Sindh,0,2,25559.54824579696,24702.89356946045,32.59530788279591,1,1,test
9404,Sindh,0,5,25139.296158423578,24234.58082357476,57.209812579278875,0,1,train
9405,Punjab,1,7,66183.42736264042,47974.807063382636,124.05341584591676,1,0,test
9406,Sindh,1,1,75513.86300039601,53508.20939984594,55.51577989547672,1,0,train
9407,Khyber Pakhtunkhwa,1,2,151320.12659567242,123672.02700383708,133.19903726697652,1,0,train
9408,Punjab,0,6,64108.663829305646,57862.85519944622,134.89030575415896,0,0,train
9409,Punjab,1,4,19040.951360967527,16986.53765796974,92.96501317798163,0,1,test
9410,Punjab,0,6,43744.58930442572,31962.088073809566,69.38878181962521,1,0,train
9411,Balochistan,1,5,34208.78018213596,29514.89573991514,118.80148422786942,1,1,train
9412,Punjab,1,2,45610.78627034771,37536.34866336001,56.674766456701406,1,0,train
9413,Punjab,0,6,45190.51883426056,36074.36056915724,143.15856553077975,1,0,train
9414,Punjab,1,4,32102.714494701035,30546.051590467385,10,1,1,test
9415,Punjab,0,4,62488.21869429959,51006.399420887006,95.30606879514586,1,0,train
9416,Islamabad,1,6,20659.93347190044,18643.41127157993,52.34480427027343,1,1,test
9417,Sindh,0,4,10048.918345509397,8465.6749496024,51.66638433897478,1,1,train
9418,Punjab,0,3,31893.574076233843,30435.313348546693,30.290600910468985,0,1,test
9419,Khyber Pakhtunkhwa,0,3,15943.05924795117,15990.269394663079,59.07144174223747,0,1,train
9420,Sindh,1,6,82803.30465079118,73615.81107104842,96.51577455398656,1,0,test
9421,Punjab,0,9,32617.061033274633,25468.525630685734,98.64714787457947,1,1,test
9422,Khyber Pakhtunkhwa,1,2,21453.780689157964,21804.895275317096,20.370170792805936,0,1,train
9423,Punjab,0,5,67489.70298157028,60605.832577602596,113.42945502250154,0,0,train
9424,Punjab,0,4,24537.94599065845,22346.23795795975,85.0562606206836,0,1,train
9425,Sindh,1,3,45695.63102762829,35087.78945005647,85.86184340622691,1,0,train
9426,Sindh,0,6,39081.03090226513,32890.95441179983,106.7332288331373,0,1,train
9427,Punjab,0,3,11266.985179447818,8892.183686477178,32.45205359665002,0,1,test
9428,Punjab,1,6,104616.34076465685,72916.38750532323,142.35849216411333,0,0,train
9429,Punjab,0,8,14039.962534183174,5653.729700681966,96.77335309070189,0,1,train
9430,Khyber Pakhtunkhwa,0,7,12197.663751909524,8768.070284666692,97.1511019028847,0,1,test
9431,Punjab,0,5,47378.10996374397,32874.93318283711,116.68184915850196,0,0,train
9432,Sindh,0,3,42228.57891459852,32251.953968760634,13.122000302669257,1,0,train
9433,Sindh,0,4,24138.344064006804,26688.877475081543,115.76668256531678,0,1,train
9434,Khyber Pakhtunkhwa,0,12,5675.704370631788,3000,94.6066174549577,0,1,train
9435,Punjab,1,5,66448.71314784286,48173.57527213978,129.0067948284322,0,0,train
9436,Punjab,0,6,18520.74910102946,18802.98235552388,47.85761579738176,0,1,test
9437,Punjab,0,8,63150.96366997755,44393.39743106657,135.16196380017513,0,0,train
9438,Sindh,0,6,28625.09582160358,28609.73639477341,82.82576855905533,1,1,train
9439,Punjab,0,8,48594.89359718037,39441.6364899994,134.03278941971007,0,0,train
9440,Sindh,1,6,127964.44499884291,88741.59514363836,112.5455310366807,1,0,train
9441,Punjab,0,5,45920.1655792943,40119.99315498876,61.50960094444906,1,0,test
9442,Khyber Pakhtunkhwa,0,7,25960.87859954444,17912.126591187942,87.15662501033182,0,1,train
9443,Sindh,1,8,42715.08259734317,36023.19924620767,136.74002189368278,1,0,train
9444,Khyber Pakhtunkhwa,0,8,29246.722978252492,23136.90722894432,68.61664908365208,0,1,train
9445,Punjab,1,2,50806.140467896636,41279.46566005123,32.703637507707214,0,0,train
9446,Punjab,1,8,39452.49676749636,29308.988271996503,115.12854764638574,0,1,train
9447,Punjab,0,3,28630.39061197425,30053.68083727786,12.765440572035303,0,1,test
9448,Khyber Pakhtunkhwa,1,4,27886.580580712918,21231.458816474296,103.72670210741808,1,1,test
9449,Khyber Pakhtunkhwa,0,6,16826.30464088391,10258.115962026432,71.7188368461124,0,1,train
9450,Sindh,0,4,57786.89169786607,43786.77798861269,96.48284401348107,0,0,test
9451,Punjab,1,3,59738.031278345006,48216.082543943,66.13680794792101,1,0,test
9452,Punjab,0,3,70906.61444796325,60620.87927487815,67.63405081337976,0,0,train
9453,Islamabad,0,3,6644.980526950874,3119.4972506599947,39.67931821267267,0,1,train
9454,Sindh,0,4,54998.89087779485,43912.11711018297,84.29482863475774,0,0,test
9455,Sindh,0,3,27720.75118128464,22823.91931128621,65.11614608465324,0,1,train
9456,Punjab,1,5,10468.430913489809,11016.739958746855,68.97198553198561,0,1,train
9457,Punjab,0,5,11901.195367779681,12441.903321950795,63.48514408080576,0,1,train
9458,Khyber Pakhtunkhwa,0,10,41964.12706610276,26805.84057658617,101.43713511593393,0,0,train
9459,Punjab,1,4,41109.85841290194,28402.18924224137,70.55102557309904,0,0,train
9460,Balochistan,1,4,51585.073886409366,40445.78495172925,149.78573182706583,1,0,test
9461,Punjab,0,4,22469.371475206,18242.770573563183,44.306825071168944,0,1,train
9462,Sindh,0,10,41039.21840101522,28287.284808791483,164.0273842366177,1,0,train
9463,Sindh,1,3,33197.807580945206,30505.82611257099,25.9716800360437,0,1,train
9464,Punjab,0,8,18497.981568373558,15735.452004744453,48.45631949682063,0,1,train
9465,Khyber Pakhtunkhwa,0,6,32531.956058626984,27659.833574361597,118.36329279248397,0,1,train
9466,Punjab,1,5,41130.69216256332,32940.78035673328,78.87855432833885,1,0,train
9467,Punjab,1,7,9894.4053014271,6783.438843443058,80.85177638750153,1,1,test
9468,Balochistan,0,9,58330.627600959604,49793.83570326309,63.790962982056996,0,0,train
9469,Khyber Pakhtunkhwa,1,5,35371.33134335141,32511.334698813385,100.35794892633857,1,1,test
9470,Sindh,1,10,19845.19064641208,16619.398966198893,76.29142265386291,1,1,test
9471,Sindh,1,3,47298.497797432094,30981.767709147596,36.98503261290689,1,0,test
9472,Punjab,0,9,23404.050322835108,24173.857040571744,97.74308004961999,0,1,train
9473,Punjab,0,6,20651.09599069633,21015.370751061702,46.04816422217826,0,1,train
9474,Sindh,0,10,22878.521629586325,17693.073051807187,125.36383445870268,0,1,test
9475,Khyber Pakhtunkhwa,0,10,27436.424554179415,26429.868775908722,128.8525616133753,0,1,train
9476,Punjab,1,1,18400.902801441993,18147.22197268817,10,1,1,train
9477,Sindh,0,4,29814.872659968507,22903.30861139101,10,0,1,train
9478,Punjab,0,4,30565.58233571416,22087.78465686442,33.45839863326561,0,1,train
9479,Punjab,0,3,40441.95075333882,33160.96066291981,80.53203675863939,0,0,train
9480,Punjab,0,2,38322.85191806947,35736.79954337772,45.48103543289609,1,1,train
9481,Khyber Pakhtunkhwa,0,1,25843.7608471049,14994.845098551645,29.11444315608735,1,1,train
9482,Khyber Pakhtunkhwa,0,1,38541.8033131902,32560.600508913878,35.76818272210127,0,1,train
9483,Khyber Pakhtunkhwa,1,3,14489.179635839038,13815.954575311664,30.238147978239276,0,1,train
9484,Sindh,0,6,55075.23772403834,39986.17930774328,106.58605388225492,0,0,test
9485,Punjab,1,4,21058.215135592203,17807.59760794598,86.98727932647074,0,1,train
9486,Punjab,1,2,40215.11117536872,28371.053705449838,95.89791252577785,1,0,train
9487,Punjab,1,4,6324.635086246232,3261.9711233879907,48.667891382866976,0,1,train
9488,Punjab,0,5,47810.26643316057,41829.22727449912,96.19213099549346,0,0,test
9489,Khyber Pakhtunkhwa,1,6,36175.84813567179,25717.879857254426,46.9717495827126,0,1,train
9490,Sindh,0,2,43419.35707287062,30922.43381872217,68.16054252100449,1,0,train
9491,Khyber Pakhtunkhwa,0,2,49506.19569157951,35312.13278067457,67.00848726935,0,0,train
9492,Punjab,0,7,17500.3040342305,14466.197767845302,83.42786209632187,0,1,train
9493,Punjab,0,5,14368.894021178341,13401.164315199238,59.54561655970136,0,1,train
9494,Punjab,0,2,33637.0584628214,32550.45981059918,67.82126047707933,0,1,train
9495,Sindh,0,4,34102.891914672204,29541.853289285704,71.19680865583442,0,1,train
9496,Punjab,0,3,45877.353938709784,36505.03157906322,23.15847877967075,0,0,train
9497,Balochistan,0,5,23381.283290295632,21629.850425669058,123.46304142096957,0,1,test
9498,Khyber Pakhtunkhwa,0,4,30961.643297802602,27761.589499900558,16.335086470256172,0,1,train
9499,Punjab,1,6,29384.920535713234,28146.241034404276,92.58331921257493,0,1,train
9500,Sindh,0,6,19329.6960124486,21311.870484867555,86.95574343076188,0,1,train
9501,Punjab,1,5,46078.55052878709,36292.80527278988,105.76630958173759,0,0,train
9502,Punjab,0,5,35171.973644862286,36595.224858258014,105.47025309188388,1,1,test
9503,Punjab,0,3,16886.98127004626,14707.418719114476,58.96920574730578,0,1,train
9504,Sindh,0,2,39482.80654370119,35339.1063505815,51.4780010244995,1,1,train
9505,Punjab,1,5,31011.07412083602,26302.188906989508,93.33902916059233,0,1,train
9506,Punjab,0,3,43382.74476997462,32180.937427478355,45.868650491246896,0,0,train
9507,Punjab,1,9,21110.41668215884,19830.526675261477,95.06691037774586,0,1,test
9508,Khyber Pakhtunkhwa,0,4,34275.620790014356,32265.06005964431,93.27225308395087,0,1,test
9509,Sindh,0,7,34670.05981533093,31146.368927024672,99.98954748122898,0,1,train
9510,Punjab,0,5,12093.480928302628,9791.301869123592,75.01778341182032,0,1,train
9511,Punjab,1,4,21379.58568734015,14566.395375005866,71.63693426659688,0,1,train
9512,Khyber Pakhtunkhwa,1,4,6282.017163656215,5734.391429272311,59.51121390307663,1,1,train
9513,Punjab,0,1,83505.79695358669,61459.69300680582,57.830275325470296,0,0,train
9514,Punjab,1,4,10889.314363086556,8598.932223241649,38.579407019531295,0,1,test
9515,Sindh,0,9,29615.521200243562,27591.12915901944,112.84405889233285,1,1,train
9516,Punjab,0,10,72410.24572491569,63664.09216902404,174.39584205465758,0,0,train
9517,Punjab,0,3,16945.806959984555,12563.358996015435,14.907574493567505,0,1,test
9518,Punjab,1,4,25709.71161216126,23444.477267074108,46.25232885535715,0,1,train
9519,Punjab,0,4,25785.18153259091,16144.693449449707,41.941128213446675,0,1,train
9520,Khyber Pakhtunkhwa,0,7,37380.741042271104,29597.71790385571,99.067772054734,0,1,train
9521,Punjab,1,3,48109.716723868245,35816.74222066729,27.57905235430146,0,0,test
9522,Sindh,0,8,37336.70988505201,32905.05734563032,110.55964295836692,0,1,train
9523,Punjab,1,6,11347.047784705792,6824.426115544974,135.08039985163174,0,1,train
9524,Khyber Pakhtunkhwa,1,1,24686.781709519888,21802.56101849055,47.554578994727144,0,1,train
9525,Punjab,1,2,27573.718480028896,19328.54879030397,45.01641648550655,1,1,train
9526,Sindh,0,2,30373.064157452973,30555.358563518057,90.08052836234768,0,1,train
9527,Sindh,1,8,11036.64517071568,3000,10,0,1,train
9528,Punjab,0,5,81842.80800872155,66565.71099790296,74.45737125209862,0,0,train
9529,Khyber Pakhtunkhwa,1,4,10706.096960048866,11615.865947861595,72.54660686666398,1,1,test
9530,Punjab,0,3,16497.848656568112,16910.329178757027,35.90596815490621,0,1,train
9531,Sindh,0,7,10520.987582002124,10944.797228230987,108.57328951668984,0,1,train
9532,Punjab,0,4,34098.9312838418,26833.020061928222,75.09846073994166,0,1,train
9533,Punjab,0,4,8805.099623873992,10735.44511467273,10,0,1,test
9534,Sindh,0,2,23094.407401765548,22393.589092144175,40.3685149239252,1,1,train
9535,Sindh,0,7,147763.25873840204,102539.52735588978,227.108368726371,0,0,train
9536,Punjab,1,2,39381.761553301345,36323.22446290156,10,1,1,train
9537,Punjab,0,3,37257.20649212171,39742.271491394735,120.77009892856364,0,1,test
9538,Punjab,0,3,16682.079723732164,18388.96123183763,29.99576487113019,0,1,test
9539,Sindh,0,6,67965.71596034207,55113.22503483002,80.62302146275512,0,0,train
9540,Punjab,0,4,56027.75406956508,38131.56644213831,79.74976847487042,0,0,train
9541,Punjab,0,6,18377.65729221001,21381.6564692525,76.09023724495424,0,1,train
9542,Punjab,0,5,31717.935795052388,27679.50819788709,58.22278719274114,0,1,train
9543,Punjab,1,3,29077.197771844665,26410.487031109787,98.44967442326208,1,1,train
9544,Balochistan,1,9,63978.40604932547,55538.92284624896,202.47137830898015,1,0,train
9545,Sindh,1,3,28920.241710050224,18868.508589687124,47.413658553740774,1,1,test
9546,Sindh,1,1,62790.91199969024,46001.08785507451,90.99702118483592,1,0,train
9547,Sindh,1,4,19174.323121171805,16400.477950517146,81.43903720596686,1,1,test
9548,Punjab,1,3,57560.59240754042,46452.52268091047,85.37177010401308,1,0,train
9549,Punjab,1,5,77551.42447253803,66403.24619231145,78.50370662909,0,0,train
9550,Sindh,0,7,43280.5767675911,32417.690209073702,72.85017973203713,0,0,test
9551,Punjab,1,4,48053.24671878228,32573.867156467044,47.56333613328572,0,0,test
9552,Khyber Pakhtunkhwa,0,5,10213.207236151467,5566.542214024906,49.740551794658536,0,1,train
9553,Balochistan,1,4,37180.02058414739,32356.607175988083,25.57887550888732,0,1,train
9554,Punjab,1,3,36399.874653231156,33584.7986366382,72.71916030905243,1,1,train
9555,Sindh,0,2,32445.317893341416,28478.39142604653,38.18066797851932,0,1,test
9556,Khyber Pakhtunkhwa,1,1,42026.32607807422,34272.788783974676,28.309828592546843,0,0,train
9557,Khyber Pakhtunkhwa,0,2,22271.774218287253,21401.330704323627,10,0,1,train
9558,Punjab,0,2,25110.42444148795,23306.59247286044,10,0,1,train
9559,Khyber Pakhtunkhwa,0,12,57618.60763952301,46508.154821519325,163.08368790390745,0,0,train
9560,Sindh,0,3,49548.13241563077,39665.759650661865,48.240841799277895,1,0,train
9561,Punjab,0,7,53663.82211880164,43573.6176911605,140.64459613971428,0,0,test
9562,Sindh,1,4,62460.39134592034,56763.42429232301,77.47208351314751,0,0,train
9563,Punjab,0,5,63740.31606462872,57618.99038895978,115.46159624262813,1,0,test
9564,Punjab,1,8,33151.87923725815,30060.178395700666,83.99347438901047,0,1,train
9565,Punjab,1,4,103801.82188457862,80030.63075697067,157.8274679097428,0,0,train
9566,Punjab,1,6,49172.819315774104,36651.3544371861,117.66738049423196,0,0,test
9567,Punjab,1,2,138078.80035271286,91707.31574631706,149.95223747225927,1,0,train
9568,Punjab,0,6,38583.31223947243,31555.79860634059,41.67421049540934,0,1,test
9569,Balochistan,0,2,23618.28062216292,19653.313068829568,25.152210686770285,1,1,test
9570,Sindh,0,8,21226.649276455355,17536.692003765824,54.11629920473614,0,1,test
9571,Punjab,0,5,49131.022800566636,32490.728108756513,136.9254932372862,0,0,train
9572,Balochistan,0,5,29679.897751386485,26476.486881164645,123.45921070596064,0,1,test
9573,Khyber Pakhtunkhwa,0,4,16099.146801122777,15374.72439571628,77.11853928078698,1,1,train
9574,Punjab,0,6,28814.238135321622,25957.268670496127,96.43158754768353,0,1,test
9575,Punjab,1,2,27430.886868243873,29555.301280673317,12.601999851006624,1,1,test
9576,Punjab,0,5,30896.767311179312,21349.653272474934,53.78798128485826,0,1,test
9577,Khyber Pakhtunkhwa,1,5,44976.242140566996,28267.50781371633,75.09512291420234,1,0,test
9578,Punjab,0,5,12774.371300733435,4136.223879112348,10,1,1,test
9579,Sindh,0,5,13090.545018569106,7891.185434953325,10,0,1,train
9580,Punjab,1,11,107947.62415489739,76399.28439190016,196.54938644773316,1,0,train
9581,Sindh,1,1,147658.5523111731,122195.05493973478,107.01656966464321,1,0,train
9582,Punjab,1,6,22144.447322765398,19288.07709895657,96.64082926744577,1,1,train
9583,Punjab,0,1,18373.84477296888,21386.536672979073,19.280153571866762,1,1,train
9584,Punjab,0,4,41662.077200817614,34663.21231886774,69.2579178485745,0,0,train
9585,Punjab,0,3,13311.915477031262,10781.185444268578,56.31639953278004,0,1,train
9586,Punjab,1,5,22156.774421788916,25893.408795081246,54.85109989269734,1,1,train
9587,Khyber Pakhtunkhwa,0,5,105890.61832896485,76108.5932233808,171.52823329340646,0,0,train
9588,Balochistan,0,4,20464.718071976018,13222.028568402002,106.53223377250586,1,1,train
9589,Punjab,0,6,18196.813838977327,12793.396254213218,49.639758791368294,0,1,train
9590,Punjab,1,3,49620.84026202289,43899.75696049884,79.43308017975113,1,0,train
9591,Punjab,0,5,13055.332378268997,11135.680430977593,65.11777745679376,0,1,train
9592,Punjab,1,5,36460.96908848753,28929.710077099917,88.19316805746557,1,1,test
9593,Punjab,1,7,18596.948420931247,19698.042947759954,78.01319839153018,1,1,train
9594,Punjab,0,5,18952.363187048664,13876.291096105237,95.52332612936839,1,1,train
9595,Punjab,0,4,17797.44758046834,15894.887682851055,28.401777900710563,1,1,train
9596,Balochistan,0,3,27565.791510523442,20139.829768724238,109.80002896333588,1,1,train
9597,Punjab,0,8,24163.689879012854,20448.572200797575,145.3092531165136,0,1,test
9598,Khyber Pakhtunkhwa,0,3,41630.157558052844,28661.28525929656,95.6936412103876,0,0,train
9599,Sindh,0,6,29198.138919197154,29897.667929652882,144.52772433491964,0,1,train
9600,Punjab,0,1,20499.395053917462,14520.996735362718,15.690840326054053,0,1,train
9601,Khyber Pakhtunkhwa,1,7,13582.953895448514,12722.818007251039,123.46674003104651,0,1,train
9602,Khyber Pakhtunkhwa,0,5,23023.4271759221,19110.457737476325,100.12893578279451,0,1,train
9603,Khyber Pakhtunkhwa,1,4,16924.977364189734,14790.61455549141,74.19515457124191,0,1,train
9604,Khyber Pakhtunkhwa,0,7,24618.597890633,18943.66593092103,84.96177677862012,1,1,train
9605,Khyber Pakhtunkhwa,1,6,34343.80884701223,27873.827667723537,115.45817997201513,0,1,train
9606,Sindh,0,3,41951.20431039992,23133.532329920097,43.31501078402023,0,0,train
9607,Khyber Pakhtunkhwa,0,4,17489.18124498121,16757.467668685047,28.057267585274694,0,1,test
9608,Sindh,0,4,30776.411291648936,25467.834509504944,84.83284640525119,0,1,test
9609,Khyber Pakhtunkhwa,0,3,15082.897228743985,20423.27740381173,83.8340964796815,0,1,train
9610,Punjab,0,7,14691.357192690033,16254.134242539378,140.47091227864223,0,1,test
9611,Punjab,0,6,32671.874610422517,30058.757498950967,79.88357010649159,0,1,train
9612,Punjab,0,5,17591.550965780883,16127.99977183247,22.38432059569144,0,1,test
9613,Punjab,1,8,65580.83084535734,55313.88792570129,142.89000242943325,0,0,train
9614,Punjab,0,7,19751.523117832727,11856.553686055518,89.85015141356382,0,1,train
9615,Balochistan,0,4,58916.0584734906,44369.71783195349,67.54249460158326,1,0,train
9616,Punjab,0,5,8938.072956111397,5296.82388853373,44.09643712921648,1,1,train
9617,Punjab,1,6,13565.29586561005,11048.319304661787,86.14969598052087,0,1,train
9618,Sindh,1,8,37081.65572730249,29464.687922434056,83.32082991690874,0,1,train
9619,Balochistan,0,8,52175.937312851165,40343.65317718694,86.88616012816709,0,0,test
9620,Punjab,0,7,17029.46751526606,18976.213769903894,89.11069000148633,1,1,train
9621,Punjab,1,4,18039.782404149275,14599.181722520989,93.0777595203435,0,1,test
9622,Punjab,0,4,14377.470899447586,12795.586977021389,41.98251608955166,0,1,test
9623,Punjab,0,4,11505.576526425784,8191.41397332595,10,0,1,train
9624,Punjab,0,3,15899.214761747791,14841.172463649018,61.0115823695588,0,1,train
9625,Punjab,1,5,23454.157781964517,21857.432256852073,10,0,1,train
9626,Punjab,0,4,21827.648752256133,19458.75200284547,13.392321604969737,0,1,test
9627,Sindh,0,6,55198.971503957444,30584.96589056213,125.40434720218903,0,0,train
9628,Punjab,0,6,37944.5546929451,35810.159043257554,74.44380318241129,0,1,train
9629,Punjab,0,4,34793.8261897766,24427.49776670468,77.95071105905447,0,1,train
9630,Khyber Pakhtunkhwa,0,11,21930.742432026756,10087.294864977926,108.02601428363985,0,1,train
9631,Punjab,0,2,44330.25388638773,34735.21613683212,40.78113815593461,0,0,train
9632,Khyber Pakhtunkhwa,0,1,32718.91722160469,26864.629081356365,70.398914205209607,0,1,train
9633,Khyber Pakhtunkhwa,0,6,20641.850440773604,21365.003901090146,120.89458953984587,0,1,train
9634,Punjab,0,4,16355.747389002743,13077.155787409996,50.986860574526574,0,1,test
9635,Punjab,1,4,32857.80800898357,29035.014238879492,69.86744050084619,0,1,train
9636,Sindh,1,5,25783.359815800275,21119.71705830698,21.95643371909663,0,1,test
9637,Punjab,1,2,47804.5789324519,33807.002242247974,24.852554050719355,1,0,train
9638,Punjab,1,4,10859.05610390343,13349.564609841305,84.45580361849954,0,1,train
9639,Punjab,0,6,13902.508680224091,8790.937153452805,104.65019641712641,1,1,train
9640,Sindh,1,5,34120.011093286244,28414.358239564008,82.84901538189848,0,1,test
9641,Islamabad,1,5,23106.660223651666,15745.062995179518,87.62769667994567,0,1,train
9642,Punjab,0,3,20366.138423531833,22049.631331458684,10,1,1,test
9643,Punjab,1,6,33286.14346894519,34157.83417961822,101.82333943556858,0,1,train
9644,Sindh,0,7,10442.925520191877,12565.416214143395,98.75698658452063,1,1,train
9645,Sindh,0,10,23050.420510134452,21524.62204480234,140.15663030071804,0,1,train
9646,Punjab,0,4,38009.32151604055,37881.69503669771,11.649716432979538,1,1,test
9647,Khyber Pakhtunkhwa,0,4,26838.56228390588,17470.24968837812,83.39668009291893,0,1,train
9648,Sindh,1,7,25455.991030125064,21807.68294450877,104.80146156968128,0,1,train
9649,Punjab,1,5,52555.06746076751,38318.67343849015,101.55574972806512,0,0,train
9650,Sindh,0,6,28818.402854405093,28964.778432139658,96.81038334871235,0,1,test
9651,Punjab,1,9,21228.621277725408,18559.841780394672,84.37470336444946,0,1,train
9652,Sindh,1,5,95766.5507362838,83206.76667379773,116.09268375100287,1,0,train
9653,Sindh,1,5,26442.5364316853,22297.818033825704,80.89831438494407,1,1,train
9654,Sindh,1,6,13233.155739337002,9141.531756359907,67.2435322704221,0,1,train
9655,Khyber Pakhtunkhwa,1,6,37887.36484404407,31755.39009210922,84.69734732192956,1,1,train
9656,Khyber Pakhtunkhwa,0,3,13470.302626764407,8536.318981744309,63.76020166210921,0,1,test
9657,Khyber Pakhtunkhwa,0,8,23049.29825083912,12320.444862849172,99.68977263451283,0,1,train
9658,Punjab,0,4,8759.729431830157,5682.9254090009545,10,0,1,test
9659,Punjab,1,8,29983.102762150338,29744.987779220395,109.34588104738843,0,1,train
9660,Punjab,0,6,7206.113150847416,8429.606193776885,35.861968167790366,0,1,train
9661,Sindh,0,4,84767.62638431518,71883.3558677597,131.9682240658127,1,0,train
9662,Punjab,1,6,83836.77219841472,79071.91146398723,116.57860978652394,1,0,test
9663,Sindh,0,4,39026.143799747566,35678.05707105622,112.49082164968941,0,1,train
9664,Punjab,1,6,13535.096458944108,11217.365764261967,86.09475978727764,1,1,train
9665,Sindh,0,3,34720.72247289719,26937.76933481919,59.55430801389864,0,1,train
9666,Punjab,1,2,15763.53377114704,11405.56766096347,93.5075179448491,1,1,train
9667,Punjab,0,5,79589.4142806477,61231.209706867034,79.58839233322423,0,0,test
9668,Punjab,0,2,14459.742637125322,9006.693383844216,81.93780960867642,0,1,train
9669,Punjab,1,6,47646.082550404884,41456.48389478113,128.87944049357395,0,0,train
9670,Punjab,1,3,14224.173750696795,8074.82262793402,31.836833545035876,1,1,test
9671,Punjab,0,3,18373.677688792493,11197.537884257625,31.471626024208625,1,1,train
9672,Sindh,0,2,59681.3005926271,48211.4445810903,90.31216923690089,0,0,test
9673,Sindh,1,4,20717.301099481676,19900.716077280562,72.9935132033493,0,1,train
9674,Balochistan,0,6,19561.806045247067,20403.996721647043,135.4123165301855,0,1,test
9675,Sindh,0,2,66602.343916654,60911.410816713535,38.57342372324432,0,0,test
9676,Punjab,0,3,20460.859933662836,18736.237331417327,36.56093575727903,0,1,train
9677,Punjab,0,5,31455.0466211097,27349.307163641486,54.48168550697741,0,1,train
9678,Punjab,0,3,73900.51233908243,63208.67284402295,137.95601071125907,1,0,test
9679,Sindh,0,9,34173.715080469156,26800.199162821635,119.50820093919118,1,1,train
9680,Punjab,1,5,48060.78648788667,34176.492853737764,97.02236296618094,0,0,train
9681,Punjab,0,5,61580.30750461864,40984.64183783435,162.16602673085475,0,0,train
9682,Punjab,0,4,7922.926966597497,10572.842885811888,10,0,1,test
9683,Punjab,1,11,19336.20743865192,15392.10371023848,117.5662388826531,0,1,train
9684,Khyber Pakhtunkhwa,1,6,21268.155113762066,16627.213661573627,69.64074688886474,1,1,train
9685,Punjab,0,6,56329.58469814522,48323.78824446846,41.40637089132609,0,0,train
9686,Punjab,1,3,46045.156183351355,31441.469143905822,58.42085996527885,0,0,train
9687,Punjab,0,5,14604.169873048562,17962.79106388652,55.43880717324537,0,1,test
9688,Punjab,0,7,96933.1479884693,68974.21694571945,163.4372439952012,0,0,train
9689,Punjab,0,6,16791.35469641232,15466.345569481651,66.50094359334956,0,1,train
9690,Punjab,0,7,24454.510268182086,24244.36398629699,56.212999224933675,1,1,test
9691,Khyber Pakhtunkhwa,0,5,70345.4071186087,50476.606676140145,128.06762734767193,0,0,train
9692,Punjab,1,3,29536.73315624666,25803.27294552963,71.3165742831545,1,1,test
9693,Punjab,0,3,22302.05653867013,20869.277500640776,62.78877363021315,0,1,test
9694,Islamabad,1,7,23282.759117945723,22083.642794535124,114.61354823548633,0,1,train
9695,Sindh,0,5,12124.861966942459,10008.628393866784,58.36468782145239,0,1,test
9696,Balochistan,0,4,21846.338632022416,25558.885435096916,88.18283046837911,0,1,test
9697,Sindh,1,3,60356.555216971334,52164.755308807304,137.38006205874262,1,0,test
9698,Sindh,1,8,69668.61721061936,55654.91612970186,130.20090956653107,1,0,train
9699,Punjab,0,6,15384.694671313599,17065.00217642967,14.859118719586846,0,1,train
9700,Balochistan,1,4,10251.202963359605,10068.109331069061,62.67814777321126,1,1,test
9701,Sindh,0,7,9369.996574042034,6417.711079032538,145.9327582410188,1,1,test
9702,Punjab,1,6,7639.813464374717,3000,73.11037567950412,0,1,train
9703,Khyber Pakhtunkhwa,0,5,27913.827018561504,25985.65650870301,29.931265414523708,0,1,train
9704,Punjab,0,6,106548.63829544159,80627.37555955126,135.77279757009612,0,0,test
9705,Sindh,1,4,54638.043022800906,45894.8867749374,47.04165418666373,1,0,test
9706,Khyber Pakhtunkhwa,0,8,13945.710149697841,14604.277343160613,126.33121158898763,0,1,train
9707,Punjab,1,4,17306.59866811962,13196.177077832628,31.843495624208607,1,1,train
9708,Sindh,0,4,21356.091619432584,16819.585038212776,70.26542523880062,0,1,test
9709,Punjab,0,7,52389.52021726841,45710.30909973512,134.60801438974767,0,0,train
9710,Khyber Pakhtunkhwa,0,9,49373.890364580366,43521.80038293893,151.17436758182765,1,0,train
9711,Punjab,0,3,12533.999320503517,9656.306864313385,70.05431537457696,0,1,train
9712,Punjab,0,4,88262.20196381134,76015.72115453321,103.37222755373918,0,0,test
9713,Punjab,0,6,39027.547663865545,34278.340159774074,75.60807562219834,1,1,train
9714,Punjab,1,3,17958.008324239145,14187.4263489916,10,1,1,train
9715,Sindh,1,7,11269.911010710617,6574.579369804424,56.08051247310314,0,1,train
9716,Punjab,0,7,21773.708820353157,25017.152261828902,69.44081369109954,0,1,train
9717,Punjab,0,6,17010.913365707627,8088.104717222284,104.55849658980526,0,1,train
9718,Balochistan,1,1,22101.045006134136,17943.4677309792,41.69526708876577,1,1,train
9719,Punjab,0,4,13685.160665268033,7685.486933543444,102.13863942444064,0,1,train
9720,Punjab,1,7,32920.79310648132,29937.483424220478,92.17160095748378,0,1,train
9721,Punjab,0,6,64912.14184892438,46234.70610478472,107.89502851209099,0,0,train
9722,Punjab,0,10,54323.21881561684,48284.65113683127,192.27862218635346,0,0,test
9723,Punjab,0,5,50816.80145970334,39746.49464134126,87.61017849494566,0,0,test
9724,Sindh,0,5,32205.76331754049,30224.04668436177,67.55304527290552,0,1,train
9725,Sindh,1,3,26614.529756524676,20232.56675612215,10,0,1,train
9726,Punjab,0,6,14973.680154979433,16510.0813510129,82.43751042864497,0,1,test
9727,Punjab,0,9,9289.417283703882,4413.134321960243,69.88129098699208,0,1,train
9728,Sindh,1,7,54074.329220578315,45113.997254093,91.82897461123912,0,0,train
9729,Punjab,1,4,20103.032500128385,19743.071831893907,58.8657527379552,1,1,train
9730,Khyber Pakhtunkhwa,0,3,8302.36562508284,9238.864425059217,41.91586772834966,0,1,train
9731,Sindh,1,9,35718.46004452421,24531.97061273902,115.81270786417791,1,1,train
9732,Sindh,0,6,47843.86382773163,27128.98446725002,104.62739291580685,0,0,train
9733,Punjab,0,5,44214.785546252075,37661.38251131867,96.55571415174036,0,0,train
9734,Punjab,1,8,58698.80075998836,50549.863573195835,142.6748782354756,1,0,train
9735,Khyber Pakhtunkhwa,0,5,18675.94215192176,15236.470102698415,35.2195651901336,0,1,train
9736,Punjab,0,6,25455.966946734632,23961.128833687864,84.73303892926953,0,1,train
9737,Punjab,1,7,17518.992983819593,18585.600075410268,114.24421722532813,1,1,train
9738,Punjab,0,4,17677.709299211063,20087.510229653577,74.45057252032123,1,1,train
9739,Punjab,0,7,24094.10305622756,22069.34520194573,67.6696537647019,0,1,train
9740,Punjab,1,6,42379.42064766392,37474.373966069776,87.95412794818368,1,0,train
9741,Khyber Pakhtunkhwa,1,3,58989.75067003792,38207.75917652591,23.221100741168385,1,0,train
9742,Sindh,1,6,12384.264444205273,16122.043602864087,56.722768701235054,0,1,train
9743,Sindh,1,4,54314.102446261815,41536.137281377116,37.25688490931254,0,0,test
9744,Punjab,0,4,70345.61297696395,55861.567177304234,83.05801628636718,0,0,test
9745,Khyber Pakhtunkhwa,1,3,108573.96115879255,77813.80279963167,128.32729969177223,1,0,train
9746,Punjab,0,2,22697.374164539862,21984.03317862374,14.661511462349694,1,1,train
9747,Punjab,0,6,39363.03390827346,34349.940873119,121.25980389867127,0,1,test
9748,Punjab,0,4,37704.28302932242,27883.633957769056,51.271557904738906,0,1,train
9749,Khyber Pakhtunkhwa,0,1,68959.34075591601,49995.85612878025,79.59627182353087,0,0,train
9750,Punjab,1,6,70289.12703170026,65096.92796693755,112.54447730535212,0,0,train
9751,Punjab,0,3,35909.31831095838,34059.066289960705,34.872459858910474,1,1,train
9752,Islamabad,1,10,160568.73574241035,109878.67587007338,221.73057825483335,1,0,train
9753,Sindh,1,11,46212.69931062178,38718.89091242983,179.0732188896378,0,0,test
9754,Sindh,1,5,50083.817973234145,34259.20115047878,120.28263700193621,1,0,test
9755,Punjab,1,3,27862.050547069084,26190.487159206303,67.69397097494533,1,1,train
9756,Punjab,0,6,17976.511925466857,11930.653859963795,74.97748647215808,1,1,test
9757,Punjab,1,9,47881.44599555855,44455.29142833987,123.31499472871207,1,0,train
9758,Sindh,1,8,31729.55999808368,22993.476181396938,68.14713147999852,0,1,test
9759,Balochistan,0,2,11482.012164196201,10493.862669054779,38.871812641773886,0,1,test
9760,Sindh,1,1,17273.262517006006,18112.570300992033,10,0,1,test
9761,Punjab,0,7,53394.76110712619,40218.45380803701,110.89711960710994,1,0,train
9762,Khyber Pakhtunkhwa,1,5,43803.70381642163,38902.369892193456,84.73894265526836,1,0,train
9763,Khyber Pakhtunkhwa,1,4,7025.372103267452,6611.631216001779,39.79597142708616,0,1,train
9764,Punjab,1,4,45139.02815596075,43273.15670158227,66.89365531936356,0,0,train
9765,Punjab,0,2,39002.778331993235,34028.951474715694,23.584899136554753,1,1,train
9766,Punjab,1,4,300000,275297.67098306504,271.9766053325869,1,0,train
9767,Punjab,0,5,114705.48705518337,98948.95157716054,111.44810994667787,0,0,test
9768,Khyber Pakhtunkhwa,1,7,18652.053396831292,16826.748218052406,149.82611286014208,0,1,test
9769,Sindh,1,3,67890.02778123402,43402.55640190146,51.60739926163575,1,0,train
9770,Punjab,1,7,33658.536045306784,28049.63635660554,65.55069039574848,1,1,test
9771,Punjab,1,10,26420.997760227587,25191.3995092913,134.31006518293998,1,1,test
9772,Punjab,1,4,52870.83054804577,44877.85982703283,135.46919858123104,1,0,test
9773,Khyber Pakhtunkhwa,0,5,51313.01735158177,35933.78821737425,60.73946136988758,0,0,train
9774,Punjab,0,9,91273.64569458968,60665.799760743874,180.1885941194261,0,0,test
9775,Punjab,0,2,33200.96072080894,29864.382193032165,74.94198624430074,1,1,train
9776,Sindh,0,5,14937.289644300763,11208.930341267036,56.81856067692794,0,1,test
9777,Punjab,0,6,10762.30872298593,11880.400502583369,38.844196126097614,0,1,train
9778,Punjab,0,11,29188.017594508914,29053.42381618312,97.81595094458487,1,1,train
9779,Khyber Pakhtunkhwa,1,10,43232.62665625746,38541.99135836147,103.84367561680811,1,0,train
9780,Punjab,0,2,34350.57256948594,33644.0118629991,49.4384980261738,0,1,test
9781,Sindh,0,8,8743.953862199065,3681.4340578140545,58.705933558663325,0,1,train
9782,Punjab,0,8,20953.481883789038,17534.12230138037,36.919478894376496,0,1,train
9783,Punjab,1,3,14066.317021267574,17051.78588598218,30.569982287515298,0,1,train
9784,Sindh,0,3,34434.12689573182,25283.273055262256,55.49160405792719,1,1,train
9785,Sindh,1,6,26286.183478666888,19696.927871095777,68.42746514649659,0,1,train
9786,Sindh,1,7,45775.12390097547,29804.247964066064,101.78136790684671,1,0,train
9787,Punjab,0,6,20935.311152899765,21308.418779017673,101.70501593293136,0,1,train
9788,Punjab,0,10,13577.781464219732,16730.656895797496,87.3023522040926,0,1,train
9789,Punjab,1,3,20002.691294914162,16383.292343114501,31.18523314443523,0,1,train
9790,Punjab,1,6,29710.56021140738,26252.370988581355,60.449224049206876,1,1,test
9791,Punjab,0,5,15353.456414890019,16006.58650619654,84.76963338014669,0,1,test
9792,Punjab,1,4,25703.471653457163,26745.06766984837,51.85723348072295,0,1,train
9793,Sindh,0,5,8682.573302294875,14104.408652160124,42.118208278369494,0,1,test
9794,Sindh,0,4,65106.804411713725,47421.14450637286,59.526108849230255,0,0,train
9795,Punjab,0,3,28443.645620100153,19155.241257411875,34.71268507546965,1,1,train
9796,Khyber Pakhtunkhwa,0,7,15378.600486627616,15081.319389067732,46.38680970543859,0,1,test
9797,Khyber Pakhtunkhwa,0,5,24858.49188235433,23568.044743957536,99.60987154692174,0,1,train
9798,Punjab,0,1,34324.063621832254,27803.38569410309,63.841945445601425,1,1,train
9799,Punjab,0,1,16059.71746264264,15289.842105869315,21.179688173224644,0,1,train
9800,Khyber Pakhtunkhwa,0,5,90307.11343669187,81799.28864195445,100.940224614799,0,0,train
9801,Sindh,1,8,83283.93373605075,71299.05327969835,131.14576964450026,0,0,train
9802,Punjab,0,7,41941.21854583013,31129.962581747855,90.93074741671924,0,0,train
9803,Punjab,0,6,60951.471365608566,40013.8809771473,108.55260725797619,1,0,train
9804,Sindh,0,6,24069.90957509489,18050.435884312872,87.57759588627525,0,1,test
9805,Punjab,0,4,15637.996599124164,13734.110723761774,72.71249025724599,0,1,train
9806,Punjab,0,2,24078.319492878134,19930.25024163682,81.83643297025648,1,1,test
9807,Punjab,0,4,39137.24596021486,37038.03112606373,104.11162460672887,0,1,train
9808,Balochistan,0,7,11838.943577091371,11694.483933583442,60.35780151789268,0,1,test
9809,Khyber Pakhtunkhwa,1,5,107653.58731593113,86548.35743174782,133.15342737804613,1,0,train
9810,Balochistan,1,6,43658.76909784326,29055.101235890204,71.56643111056205,1,0,train
9811,Punjab,0,6,51620.129214216075,36670.113746167255,88.71159750960635,0,0,train
9812,Punjab,0,7,50011.031384860034,45967.07353090209,65.91607486576471,0,0,train
9813,Punjab,1,12,62212.661014522826,44785.58047671707,140.0311301598733,1,0,test
9814,Balochistan,0,4,11328.813783119109,13705.894787638787,46.44526932353873,1,1,train
9815,Punjab,0,4,21636.018016145674,21996.540364949324,74.54671849000974,0,1,train
9816,Punjab,0,10,29807.864579549896,30009.384473281276,114.40649363509411,1,1,train
9817,Sindh,1,3,87427.38862201589,60975.355645731164,148.446437811823,1,0,test
9818,Islamabad,1,5,96189.83958861131,69686.01206819412,95.98776510571136,1,0,train
9819,Sindh,0,7,38101.597893055376,25789.47342706882,96.83519925821882,0,1,train
9820,Punjab,0,4,22997.72489616386,19161.645594235506,40.76639318387098,0,1,train
9821,Balochistan,0,3,25674.78055657238,25922.43840749741,77.04807907371719,1,1,train
9822,Khyber Pakhtunkhwa,0,3,34450.438879428366,29103.23977044931,26.44186551979394,1,1,test
9823,Sindh,0,5,14725.809714460329,11468.393119407072,62.089819725782,0,1,train
9824,Punjab,0,4,7844.337062432263,7789.261415206521,126.7038066523136,0,1,test
9825,Punjab,0,4,27305.612059144514,30163.753104899144,39.774109112696294,1,1,test
9826,Khyber Pakhtunkhwa,0,1,8031.970458613742,5944.461048094818,63.72510099971491,0,1,train
9827,Sindh,1,9,48910.02915386077,42465.165396925986,64.08285883612108,1,0,train
9828,Sindh,1,10,13929.811253709433,10332.071034246588,127.91582363368741,0,1,train
9829,Punjab,1,7,18828.864916000155,19608.700267404627,10,1,1,train
9830,Punjab,1,9,13653.596281640295,18292.062474111015,114.78427900903787,0,1,test
9831,Sindh,0,3,25518.820652440736,24067.056810954004,89.68759834833543,1,1,test
9832,Khyber Pakhtunkhwa,0,5,36162.49338091381,26249.424181689337,46.26571640375515,0,1,test
9833,Punjab,1,10,63448.63209026273,44531.3010746956,136.762472191655,1,0,test
9834,Khyber Pakhtunkhwa,0,7,22490.858742328932,15762.691973329127,76.41302061079776,0,1,train
9835,Punjab,1,9,70080.39008532115,62040.391243743936,125.47807280583399,1,0,test
9836,Punjab,1,7,59242.87437068291,52409.58632286238,101.84476760937073,1,0,test
9837,Sindh,0,3,27804.069422311975,27929.391383934522,40.45069076502514,0,1,test
9838,Sindh,0,4,37940.24496287748,34844.94189290842,105.03830986247846,0,1,test
9839,Sindh,1,6,15893.788398210794,14681.381682384683,99.63830070508011,0,1,train
9840,Punjab,1,6,32061.074199244475,25428.400098095262,62.30030186092662,0,1,train
9841,Punjab,0,5,172830.40068269582,120801.96128806088,170.47440271005735,0,0,train
9842,Khyber Pakhtunkhwa,0,1,29327.857682013582,26279.391167942053,17.13058825226486,0,1,test
9843,Khyber Pakhtunkhwa,0,4,21858.199178065144,14916.943389980923,58.713220386855824,1,1,test
9844,Punjab,0,6,36671.18469327111,34230.731613218224,135.32717504576215,0,1,test
9845,Punjab,0,6,35418.03561536322,31464.577987405635,95.94580416176088,0,1,train
9846,Sindh,1,6,37316.970142592996,32882.98373215338,61.6501594545094,0,1,train
9847,Khyber Pakhtunkhwa,0,3,28859.64357744909,24688.00599244131,71.73239146543922,0,1,train
9848,Punjab,0,4,17383.536058717913,17078.07377251007,92.28907434153646,0,1,train
9849,Punjab,1,9,34782.07719206384,28131.42925339818,98.69849294356813,1,1,train
9850,Punjab,0,4,15608.416958465852,16181.56782291285,35.80083974076673,0,1,train
9851,Khyber Pakhtunkhwa,1,7,23628.593662580635,24758.74279365719,76.00575957102963,0,1,train
9852,Sindh,0,5,49295.595172776244,34956.01984760555,51.20473842036125,0,0,test
9853,Sindh,0,4,32313.19042124505,27037.74238371924,89.59667946451205,0,1,train
9854,Punjab,1,4,38377.453152177,30904.541821142913,135.28661888272325,1,1,train
9855,Khyber Pakhtunkhwa,1,2,37808.70449126888,31088.074544853844,42.63643925685831,0,1,train
9856,Balochistan,0,5,65858.48670912845,45654.94590213097,74.67354002783215,0,0,test
9857,Punjab,1,2,17786.438770498367,16945.702135190408,16.003881148250734,0,1,train
9858,Sindh,1,3,14070.269460949157,13486.579215286254,61.1617447563558,1,1,train
9859,Khyber Pakhtunkhwa,1,1,39737.90154750621,34474.419067352246,22.139195070600522,1,1,train
9860,Punjab,0,7,18514.294482472756,14088.494505142657,66.37464033059453,0,1,test
9861,Punjab,0,3,19391.64264216878,19937.995305902128,86.47878422825573,1,1,test
9862,Punjab,1,9,48945.11512570371,49738.658656608415,105.31159088864759,1,0,train
9863,Punjab,1,6,113016.28504302462,80227.51795958851,133.8957425315846,1,0,train
9864,Punjab,1,7,76270.26850494958,61931.90888655084,147.8070918894441,1,0,train
9865,Khyber Pakhtunkhwa,0,3,23715.860386867364,18725.31573231778,12.984589941556344,0,1,train
9866,Punjab,1,2,84268.04075922485,56279.86177653762,89.4318123602612,1,0,train
9867,Sindh,1,8,178807.56118392092,137571.02444121437,243.416318427948,1,0,test
9868,Punjab,0,8,46208.36544557798,34732.72516705602,103.61694550783228,1,0,train
9869,Punjab,1,3,86491.68973863997,75383.02844370333,133.198119489072,0,0,train
9870,Punjab,0,2,19207.38938678786,16282.895788023878,55.25134932433258,0,1,train
9871,Punjab,1,5,20898.51260726368,14823.571598980667,46.041697916787875,0,1,train
9872,Sindh,0,6,53867.25275564256,42338.31234443782,123.2606479686718,0,0,train
9873,Sindh,0,5,43466.435244833636,31801.22468523438,125.70011369468017,0,0,train
9874,Sindh,0,6,29536.827451925932,28916.404586423734,44.5329781195491,0,1,train
9875,Punjab,0,4,39744.65887203546,35428.267829405115,29.629474085254984,1,1,train
9876,Punjab,0,8,3000,4863.165279776924,100.43477173338432,0,1,train
9877,Punjab,0,6,21697.48176702959,21194.886724672924,144.14205711243935,0,1,train
9878,Punjab,1,10,23002.483718242212,17836.312036364336,141.48000097011027,1,1,train
9879,Balochistan,0,4,44657.4882962621,30275.614404469037,32.33561358177519,0,0,test
9880,Sindh,1,5,31650.73806435629,27821.53071710202,94.59647328420287,0,1,train
9881,Punjab,0,5,33349.67262787515,33104.186798648836,88.15629791092469,0,1,train
9882,Balochistan,0,4,28627.152659690964,22266.29305900572,60.426570659732896,0,1,train
9883,Sindh,0,3,56080.77704547138,45454.24989925656,62.876223046430056,0,0,train
9884,Sindh,1,4,30870.136471995374,28331.614486743547,60.347123144476065,1,1,train
9885,Khyber Pakhtunkhwa,1,9,24256.113497679602,22778.227266792364,122.58016888030488,1,1,train
9886,Punjab,1,7,52525.436050242744,39415.13892447609,117.6514863329695,1,0,train
9887,Sindh,1,9,56834.621055087875,45434.43729325464,141.55021346668087,1,0,test
9888,Sindh,1,7,13795.18646923934,7297.152202017944,91.46414102238946,0,1,train
9889,Punjab,0,8,16288.1501674305,15747.292856372931,105.31815853410251,1,1,train
9890,Sindh,0,7,14179.77051879303,15557.298754342452,108.23175927613867,0,1,train
9891,Sindh,0,10,103079.4912246122,60808.30164371451,260.94030242507506,1,0,train
9892,Punjab,1,4,66389.19788326375,40096.70447482357,83.41724225412263,0,0,train
9893,Punjab,1,5,52167.42461186719,35843.3344535821,83.1096855238535,1,0,train
9894,Sindh,0,4,33302.88538509651,34501.08722194332,58.16294259922187,0,1,test
9895,Balochistan,0,7,27722.584753554336,26036.062694084416,102.54318170127121,0,1,train
9896,Sindh,0,7,23197.075526323166,20538.675022051015,60.30554739250883,0,1,train
9897,Punjab,0,8,18773.095434206138,13016.540261138518,61.069061291504326,0,1,test
9898,Sindh,0,2,41948.3165504565,35067.26693202784,36.35140365339501,0,0,test
9899,Punjab,1,5,24627.74657218462,19752.08467682422,95.10605431279741,1,1,train
9900,Punjab,0,10,49444.53972925537,42066.68565505001,112.37490257805214,0,0,train
9901,Punjab,0,3,54250.834920430236,42301.075025201615,23.201643236619134,0,0,train
9902,Sindh,1,4,73201.8180163572,51639.787791345894,58.1163555516045,0,0,train
9903,Sindh,0,5,51121.064209854645,31449.66015954765,111.45508201757791,0,0,train
9904,Sindh,1,7,7018.662786398669,8115.790535385826,21.831486327885173,0,1,train
9905,Punjab,0,1,29002.15290208356,24417.045909212844,10,0,1,train
9906,Punjab,0,1,68773.39309106044,45376.2676054441,80.83649481071026,0,0,test
9907,Punjab,1,6,36544.0999231887,34880.2334536221,144.7717444653315,0,1,test
9908,Sindh,0,6,42602.459263931945,29965.769632514126,101.9275290711828,1,0,train
9909,Punjab,1,3,30384.925103449932,28762.46287384372,38.121487016025895,0,1,train
9910,Sindh,1,5,9385.931618084198,7031.784889025872,72.09329537950305,1,1,test
9911,Khyber Pakhtunkhwa,1,7,45855.60663184485,41515.43491887888,97.85956982868748,0,0,train
9912,Balochistan,0,6,10252.10471334429,10209.325674315254,73.04730588217589,0,1,test
9913,Punjab,0,6,67389.63636505643,53106.77218997111,92.0338792417114,0,0,train
9914,Punjab,1,3,31540.690322841816,30150.064807843093,47.48162013242934,0,1,train
9915,Khyber Pakhtunkhwa,1,7,28227.107307699953,20941.47005190803,98.6817666537558,0,1,test
9916,Khyber Pakhtunkhwa,1,8,44344.50626232663,31835.620887557114,96.54355358759831,0,0,train
9917,Sindh,0,3,88105.29146875834,78256.83162921619,80.64544463303204,1,0,train
9918,Punjab,0,4,12426.37947343624,9089.672856327466,34.83785764418979,0,1,train
9919,Khyber Pakhtunkhwa,0,6,48363.29508911755,35153.1495252558,143.42810473885294,0,0,train
9920,Khyber Pakhtunkhwa,0,2,107010.78350481135,77583.13302587703,144.64947527982977,0,0,train
9921,Sindh,0,9,38832.81960474141,38535.737550227816,127.6300464271916,0,1,train
9922,Sindh,1,2,24023.699026175454,18684.868288610673,74.16813410603189,0,1,train
9923,Sindh,1,5,69707.25413243886,56581.5647940539,150.88941192374523,0,0,test
9924,Khyber Pakhtunkhwa,1,5,23499.73728435494,16985.332618522145,100.17320697714204,0,1,train
9925,Khyber Pakhtunkhwa,0,7,4288.975937271869,3000,60.99027425129405,0,1,test
9926,Punjab,1,3,20424.52229538769,22320.404200831817,10,1,1,test
9927,Punjab,0,6,29307.924681735603,22151.454918028096,107.53447796087383,0,1,test
9928,Khyber Pakhtunkhwa,0,5,9862.755587373578,8109.441277021653,60.821211670847404,0,1,train
9929,Punjab,0,5,38974.82392785254,34440.046681032036,89.78138952811555,0,1,train
9930,Khyber Pakhtunkhwa,0,7,9960.627751760894,7843.715459039771,95.59144102253434,1,1,train
9931,Balochistan,0,6,13479.85495166835,5730.6727039219295,64.09179073111001,1,1,test
9932,Punjab,1,4,15816.315252892902,11742.115613950089,81.73154927590456,0,1,test
9933,Punjab,1,5,37190.11850403733,36247.22558508767,76.29423380019702,0,1,test
9934,Khyber Pakhtunkhwa,0,5,35920.59371586785,30954.18554879245,46.60449227889201,1,1,train
9935,Khyber Pakhtunkhwa,1,5,17617.33807860411,17659.950837345143,59.87677582909845,1,1,train
9936,Balochistan,1,6,21308.733947538087,13113.257512232207,46.377933813163196,1,1,train
9937,Punjab,0,4,36341.67595266143,27099.440049371093,10,1,1,train
9938,Punjab,0,6,33199.25404905542,27278.396683822484,129.71869300226678,0,1,train
9939,Sindh,0,9,64305.91622674124,43023.71079172238,161.45523441870026,0,0,train
9940,Punjab,0,6,8927.581797151037,14020.954624493286,54.997319672692406,1,1,train
9941,Sindh,0,7,62891.13327887108,53146.41352222425,114.38991257985775,0,0,train
9942,Punjab,0,8,26437.382022744485,20291.233031772317,43.32667216628024,1,1,train
9943,Punjab,1,1,17565.701477107832,14313.320343321257,36.48348047110959,0,1,train
9944,Punjab,1,3,25281.639978842144,20078.235082377294,46.89233264013331,1,1,train
9945,Sindh,1,6,56637.017818822846,44720.3398195659,165.66314676656697,1,0,train
9946,Punjab,0,3,76672.32549734003,61566.435171080506,128.4360915868865,0,0,train
9947,Punjab,1,7,63260.86665153047,56642.03900779836,110.77583877459122,0,0,train
9948,Punjab,0,3,17980.017032773747,19967.674625018924,43.4617413959607,1,1,train
9949,Balochistan,0,3,36070.68490791939,31146.20425375184,67.83545456685493,0,1,test
9950,Khyber Pakhtunkhwa,0,3,10087.897876257324,3612.920490156209,29.002949630380222,1,1,train
9951,Sindh,0,5,29147.06029631,21095.709327663644,62.62075156009088,0,1,test
9952,Khyber Pakhtunkhwa,0,9,10208.889615491335,4633.14804641886,74.75925315844984,0,1,test
9953,Khyber Pakhtunkhwa,0,2,11159.311746917016,8450.456788174906,18.1453656196354,0,1,train
9954,Punjab,1,3,49282.24885165394,42262.3752245279,84.57258745756661,0,0,train
9955,Punjab,0,9,23918.763669385185,19352.874135507343,98.12241343081526,0,1,test
9956,Sindh,0,4,7980.011985008228,9344.862400110565,10,0,1,train
9957,Punjab,1,6,30726.36226022797,26249.065764172527,60.27110985095481,0,1,test
9958,Khyber Pakhtunkhwa,1,4,57468.429262441816,49495.484405717434,97.28815679124948,0,0,train
9959,Sindh,0,4,43582.0038385487,25028.41811452379,146.612120155291,0,0,train
9960,Khyber Pakhtunkhwa,0,7,30741.49755711187,26667.484876033373,126.99631407573622,0,1,train
9961,Sindh,0,6,36697.44533639912,27054.689505493734,119.5718181507338,0,1,train
9962,Punjab,1,7,53833.84020284511,39140.554612568165,147.33825990111535,1,0,test
9963,Punjab,1,8,50780.88262430875,31156.44352802264,124.75611598515175,1,0,train
9964,Khyber Pakhtunkhwa,0,1,92025.29182925214,76092.16384461721,108.92548062338372,1,0,train
9965,Punjab,1,3,13281.272344272053,10504.880332439592,89.27789574269927,1,1,train
9966,Punjab,1,7,4225.4099761539965,4220.200720103299,96.44600983860626,0,1,train
9967,Punjab,0,8,16896.468298928292,12341.546170279147,95.46036469625972,1,1,train
9968,Balochistan,0,4,38450.05335421388,35298.1363711607,88.57335613013115,0,1,train
9969,Khyber Pakhtunkhwa,0,4,131062.77412843806,97013.05112386058,127.18381092922544,1,0,test
9970,Punjab,1,7,14819.510989465341,15934.800248660506,49.79613416132782,0,1,train
9971,Punjab,0,6,27630.64643631456,19762.959495925785,75.34527813916205,1,1,train
9972,Khyber Pakhtunkhwa,0,3,8793.022256806471,6459.17775675714,16.943793700974545,0,1,train
9973,Sindh,0,4,52074.989917873114,42940.368382120505,138.41210844137646,0,0,test
9974,Punjab,0,4,47607.18706288647,39683.20445409902,37.76641315816333,1,0,test
9975,Punjab,1,3,52985.623897559424,41306.95300652725,42.788876750756714,1,0,train
9976,Punjab,0,6,30194.233462989996,26431.22772888077,107.22698391927682,0,1,test
9977,Sindh,0,2,8036.681520852019,3000,61.55591156651545,0,1,train
9978,Punjab,0,4,129014.77863749114,96111.41331262705,114.89481234333932,0,0,test
9979,Sindh,0,10,17477.884991810228,7647.221029979572,107.63274695995561,0,1,train
9980,Sindh,0,4,68141.9665660965,45575.76317766337,71.7977725823845,0,0,train
9981,Khyber Pakhtunkhwa,1,3,70597.5989990538,49466.000459914554,118.49564203021542,1,0,train
9982,Balochistan,0,9,25423.42393036537,19974.018920414303,109.15721808448953,0,1,train
9983,Khyber Pakhtunkhwa,1,5,34979.7538184854,31726.850049272878,101.67327299978703,0,1,test
9984,Punjab,0,1,7596.276121404971,5619.886869701335,47.46230214567015,0,1,test
9985,Sindh,1,1,22273.14899427177,14887.074299799244,10,1,1,test
9986,Punjab,0,2,16527.556928976614,17430.7974513618,10,1,1,test
9987,Punjab,1,5,25575.988542650593,20529.049449120797,60.992385869091,1,1,train
9988,Punjab,0,7,12095.272974930125,8358.72961461838,56.74624858753553,0,1,train
9989,Punjab,1,4,20120.24189042805,12610.33055084142,59.381226601843586,1,1,train
9990,Punjab,0,6,36831.96976224323,31854.344562610368,64.51202299277571,0,1,test
9991,Sindh,0,3,34734.95317443025,31248.552842692767,81.11425361011553,1,1,train
9992,Sindh,1,13,43761.807037992825,36642.61591422591,180.4822020538786,1,0,train
9993,Punjab,0,5,6766.974716483411,8437.053698805557,75.66566506705718,0,1,train
9994,Punjab,1,2,38339.90236393551,34757.28627686043,54.40573462584242,0,1,train
9995,Khyber Pakhtunkhwa,0,4,15177.435171555646,13268.0917139833,76.28270175782598,0,1,train
9996,Sindh,0,4,47770.00571136122,32975.91198583925,10,0,0,train
9997,Sindh,1,7,78489.34302401969,68370.48773268913,137.06197377205294,1,0,train
9998,Sindh,1,7,50392.00176183002,39831.64337976549,51.07284576932433,1,0,train
9999,Sindh,1,7,76578.30824342498,65879.72477387005,105.36363772734023,0,0,test
10000,Sindh,1,4,30398.47108913158,21073.540533533014,32.188784136496494,0,1,train
